{
  "enhanced": {
    "attempt1_correct": 0,
    "attempt2_correct": 0,
    "task_solved": 0,
    "total_tasks": 50,
    "solve_times": [
      8.949198722839355,
      1235.564908027649,
      6.433271169662476,
      937.1517581939697,
      1047.790097951889,
      5.041221857070923,
      9.609745979309082,
      8.424811840057373,
      2028.5909600257874,
      10.605244874954224,
      11.321046590805054,
      194.2193958759308,
      11.82600712776184,
      11.863852977752686,
      3624.5727219581604,
      25.42367696762085,
      796.9743051528931,
      6.0637171268463135,
      7.514026165008545,
      4.457986116409302,
      8.118711233139038,
      16.874796152114868,
      131.37727093696594,
      18.053327083587646,
      23.18437695503235,
      984.3085687160492,
      206.14992499351501,
      24.885817050933838,
      82.77231001853943,
      21.7243869304657,
      31.622931241989136,
      2041.1173131465912,
      1155.3825697898865,
      19.89988136291504,
      1179.572751045227,
      396.61271595954895,
      22.132301092147827,
      1952.3036737442017,
      394.01110100746155,
      27.121278047561646,
      64.70177102088928,
      40.56433391571045,
      2299.809624195099,
      805.9449269771576,
      28.79127073287964,
      941.8010880947113,
      35.17825984954834,
      19.708332061767578,
      40.376548051834106,
      28.186562061309814
    ],
    "task_results": {
      "0934a4d8": {
        "attempt1_correct": false,
        "attempt2_correct": false,
        "solve_time": 8.949198722839355
      },
      "135a2760": {
        "attempt1_correct": false,
        "attempt2_correct": false,
        "solve_time": 1235.564908027649
      },
      "136b0064": {
        "attempt1_correct": false,
        "attempt2_correct": false,
        "solve_time": 6.433271169662476
      },
      "13e47133": {
        "attempt1_correct": false,
        "attempt2_correct": false,
        "solve_time": 937.1517581939697
      },
      "142ca369": {
        "attempt1_correct": false,
        "attempt2_correct": false,
        "solve_time": 1047.790097951889
      },
      "16b78196": {
        "attempt1_correct": false,
        "attempt2_correct": false,
        "solve_time": 5.041221857070923
      },
      "16de56c4": {
        "attempt1_correct": false,
        "attempt2_correct": false,
        "solve_time": 9.609745979309082
      },
      "1818057f": {
        "attempt1_correct": false,
        "attempt2_correct": false,
        "solve_time": 8.424811840057373
      },
      "195c6913": {
        "attempt1_correct": false,
        "attempt2_correct": false,
        "solve_time": 2028.5909600257874
      },
      "1ae2feb7": {
        "attempt1_correct": false,
        "attempt2_correct": false,
        "solve_time": 10.605244874954224
      },
      "20270e3b": {
        "attempt1_correct": false,
        "attempt2_correct": false,
        "solve_time": 11.321046590805054
      },
      "20a9e565": {
        "attempt1_correct": false,
        "attempt2_correct": false,
        "solve_time": 194.2193958759308
      },
      "21897d95": {
        "attempt1_correct": false,
        "attempt2_correct": false,
        "solve_time": 11.82600712776184
      },
      "221dfab4": {
        "attempt1_correct": false,
        "attempt2_correct": false,
        "solve_time": 11.863852977752686
      },
      "247ef758": {
        "attempt1_correct": false,
        "attempt2_correct": false,
        "solve_time": 3624.5727219581604
      },
      "269e22fb": {
        "attempt1_correct": false,
        "attempt2_correct": false,
        "solve_time": 25.42367696762085
      },
      "271d71e2": {
        "attempt1_correct": false,
        "attempt2_correct": false,
        "solve_time": 796.9743051528931
      },
      "28a6681f": {
        "attempt1_correct": false,
        "attempt2_correct": false,
        "solve_time": 6.0637171268463135
      },
      "291dc1e1": {
        "attempt1_correct": false,
        "attempt2_correct": false,
        "solve_time": 7.514026165008545
      },
      "2b83f449": {
        "attempt1_correct": false,
        "attempt2_correct": false,
        "solve_time": 4.457986116409302
      },
      "2ba387bc": {
        "attempt1_correct": false,
        "attempt2_correct": false,
        "solve_time": 8.118711233139038
      },
      "2c181942": {
        "attempt1_correct": false,
        "attempt2_correct": false,
        "solve_time": 16.874796152114868
      },
      "2d0172a1": {
        "attempt1_correct": false,
        "attempt2_correct": false,
        "solve_time": 131.37727093696594
      },
      "31f7f899": {
        "attempt1_correct": false,
        "attempt2_correct": false,
        "solve_time": 18.053327083587646
      },
      "332f06d7": {
        "attempt1_correct": false,
        "attempt2_correct": false,
        "solve_time": 23.18437695503235
      },
      "35ab12c3": {
        "attempt1_correct": false,
        "attempt2_correct": false,
        "solve_time": 984.3085687160492
      },
      "36a08778": {
        "attempt1_correct": false,
        "attempt2_correct": false,
        "solve_time": 206.14992499351501
      },
      "38007db0": {
        "attempt1_correct": false,
        "attempt2_correct": false,
        "solve_time": 24.885817050933838
      },
      "3a25b0d8": {
        "attempt1_correct": false,
        "attempt2_correct": false,
        "solve_time": 82.77231001853943
      },
      "3dc255db": {
        "attempt1_correct": false,
        "attempt2_correct": false,
        "solve_time": 21.7243869304657
      },
      "3e6067c3": {
        "attempt1_correct": false,
        "attempt2_correct": false,
        "solve_time": 31.622931241989136
      },
      "409aa875": {
        "attempt1_correct": false,
        "attempt2_correct": false,
        "solve_time": 2041.1173131465912
      },
      "446ef5d2": {
        "attempt1_correct": false,
        "attempt2_correct": false,
        "solve_time": 1155.3825697898865
      },
      "45a5af55": {
        "attempt1_correct": false,
        "attempt2_correct": false,
        "solve_time": 19.89988136291504
      },
      "4a21e3da": {
        "attempt1_correct": false,
        "attempt2_correct": false,
        "solve_time": 1179.572751045227
      },
      "4c3d4a41": {
        "attempt1_correct": false,
        "attempt2_correct": false,
        "solve_time": 396.61271595954895
      },
      "4c416de3": {
        "attempt1_correct": false,
        "attempt2_correct": false,
        "solve_time": 22.132301092147827
      },
      "4c7dc4dd": {
        "attempt1_correct": false,
        "attempt2_correct": false,
        "solve_time": 1952.3036737442017
      },
      "4e34c42c": {
        "attempt1_correct": false,
        "attempt2_correct": false,
        "solve_time": 394.01110100746155
      },
      "53fb4810": {
        "attempt1_correct": false,
        "attempt2_correct": false,
        "solve_time": 27.121278047561646
      },
      "5545f144": {
        "attempt1_correct": false,
        "attempt2_correct": false,
        "solve_time": 64.70177102088928
      },
      "581f7754": {
        "attempt1_correct": false,
        "attempt2_correct": false,
        "solve_time": 40.56433391571045
      },
      "58490d8a": {
        "attempt1_correct": false,
        "attempt2_correct": false,
        "solve_time": 2299.809624195099
      },
      "58f5dbd5": {
        "attempt1_correct": false,
        "attempt2_correct": false,
        "solve_time": 805.9449269771576
      },
      "5961cc34": {
        "attempt1_correct": false,
        "attempt2_correct": false,
        "solve_time": 28.79127073287964
      },
      "5dbc8537": {
        "attempt1_correct": false,
        "attempt2_correct": false,
        "solve_time": 941.8010880947113
      },
      "62593bfd": {
        "attempt1_correct": false,
        "attempt2_correct": false,
        "solve_time": 35.17825984954834
      },