{
  "enhanced": {
    "attempt1_correct": 0,
    "attempt2_correct": 0,
    "task_solved": 0,
    "total_tasks": 50,
    "solve_times": [
      8.5971999168396,
      18.500077962875366,
      6.273467779159546,
      19.906251907348633,
      13.357302188873291,
      14.74097728729248,
      141.31482005119324,
      17.135370016098022,
      14.87931227684021,
      18.691599130630493,
      22.205687761306763,
      28.909559965133667,
      39.30456900596619,
      28.670109033584595,
      39.82460117340088,
      34.693378925323486,
      20.797546863555908,
      23.795194149017334,
      26.526120901107788,
      25.520393133163452,
      30.538245677947998,
      24.815346002578735,
      48.9206748008728,
      27.617499113082886,
      33.92784094810486,
      28.574925184249878,
      60.36566925048828,
      40.685208797454834,
      46.41130495071411,
      35.32733917236328,
      54.33473491668701,
      40.18308186531067,
      60.961649894714355,
      41.34317326545715,
      65.27214312553406,
      49.120851039886475,
      40.63775420188904,
      79.59084272384644,
      81.1436710357666,
      37.82159996032715,
      33.31393885612488,
      42.08578896522522,
      29.683279991149902,
      27.572965145111084,
      32.07659912109375,
      41.88391399383545,
      43.42339873313904,
      24.490232944488525,
      48.55746603012085,
      31.08276677131653
    ],
    "task_results": {
      "0934a4d8": {
        "attempt1_correct": false,
        "attempt2_correct": false,
        "solve_time": 8.5971999168396
      },
      "135a2760": {
        "attempt1_correct": false,
        "attempt2_correct": false,
        "solve_time": 18.500077962875366
      },
      "136b0064": {
        "attempt1_correct": false,
        "attempt2_correct": false,
        "solve_time": 6.273467779159546
      },
      "13e47133": {
        "attempt1_correct": false,
        "attempt2_correct": false,
        "solve_time": 19.906251907348633
      },
      "142ca369": {
        "attempt1_correct": false,
        "attempt2_correct": false,
        "solve_time": 13.357302188873291
      },
      "16b78196": {
        "attempt1_correct": false,
        "attempt2_correct": false,
        "solve_time": 14.74097728729248
      },
      "16de56c4": {
        "attempt1_correct": false,
        "attempt2_correct": false,
        "solve_time": 141.31482005119324
      },
      "1818057f": {
        "attempt1_correct": false,
        "attempt2_correct": false,
        "solve_time": 17.135370016098022
      },
      "195c6913": {
        "attempt1_correct": false,
        "attempt2_correct": false,
        "solve_time": 14.87931227684021
      },
      "1ae2feb7": {
        "attempt1_correct": false,
        "attempt2_correct": false,
        "solve_time": 18.691599130630493
      },
      "20270e3b": {
        "attempt1_correct": false,
        "attempt2_correct": false,
        "solve_time": 22.205687761306763
      },
      "20a9e565": {
        "attempt1_correct": false,
        "attempt2_correct": false,
        "solve_time": 28.909559965133667
      },
      "21897d95": {
        "attempt1_correct": false,
        "attempt2_correct": false,
        "solve_time": 39.30456900596619
      },
      "221dfab4": {
        "attempt1_correct": false,
        "attempt2_correct": false,
        "solve_time": 28.670109033584595
      },
      "247ef758": {
        "attempt1_correct": false,
        "attempt2_correct": false,
        "solve_time": 39.82460117340088
      },
      "269e22fb": {
        "attempt1_correct": false,
        "attempt2_correct": false,
        "solve_time": 34.693378925323486
      },
      "271d71e2": {
        "attempt1_correct": false,
        "attempt2_correct": false,
        "solve_time": 20.797546863555908
      },
      "28a6681f": {
        "attempt1_correct": false,
        "attempt2_correct": false,
        "solve_time": 23.795194149017334
      },
      "291dc1e1": {
        "attempt1_correct": false,
        "attempt2_correct": false,
        "solve_time": 26.526120901107788
      },
      "2b83f449": {
        "attempt1_correct": false,
        "attempt2_correct": false,
        "solve_time": 25.520393133163452
      },
      "2ba387bc": {
        "attempt1_correct": false,
        "attempt2_correct": false,
        "solve_time": 30.538245677947998
      },
      "2c181942": {
        "attempt1_correct": false,
        "attempt2_correct": false,
        "solve_time": 24.815346002578735
      },
      "2d0172a1": {
        "attempt1_correct": false,
        "attempt2_correct": false,
        "solve_time": 48.9206748008728
      },
      "31f7f899": {
        "attempt1_correct": false,
        "attempt2_correct": false,
        "solve_time": 27.617499113082886
      },
      "332f06d7": {
        "attempt1_correct": false,
        "attempt2_correct": false,
        "solve_time": 33.92784094810486
      },
      "35ab12c3": {
        "attempt1_correct": false,
        "attempt2_correct": false,
        "solve_time": 28.574925184249878
      },
      "36a08778": {
        "attempt1_correct": false,
        "attempt2_correct": false,
        "solve_time": 60.36566925048828
      },
      "38007db0": {
        "attempt1_correct": false,
        "attempt2_correct": false,
        "solve_time": 40.685208797454834
      },
      "3a25b0d8": {
        "attempt1_correct": false,
        "attempt2_correct": false,
        "solve_time": 46.41130495071411
      },
      "3dc255db": {
        "attempt1_correct": false,
        "attempt2_correct": false,
        "solve_time": 35.32733917236328
      },
      "3e6067c3": {
        "attempt1_correct": false,
        "attempt2_correct": false,
        "solve_time": 54.33473491668701
      },
      "409aa875": {
        "attempt1_correct": false,
        "attempt2_correct": false,
        "solve_time": 40.18308186531067
      },
      "446ef5d2": {
        "attempt1_correct": false,
        "attempt2_correct": false,
        "solve_time": 60.961649894714355
      },
      "45a5af55": {
        "attempt1_correct": false,
        "attempt2_correct": false,
        "solve_time": 41.34317326545715
      },
      "4a21e3da": {
        "attempt1_correct": false,
        "attempt2_correct": false,
        "solve_time": 65.27214312553406
      },
      "4c3d4a41": {
        "attempt1_correct": false,
        "attempt2_correct": false,
        "solve_time": 49.120851039886475
      },
      "4c416de3": {
        "attempt1_correct": false,
        "attempt2_correct": false,
        "solve_time": 40.63775420188904
      },
      "4c7dc4dd": {
        "attempt1_correct": false,
        "attempt2_correct": false,
        "solve_time": 79.59084272384644
      },
      "4e34c42c": {
        "attempt1_correct": false,
        "attempt2_correct": false,
        "solve_time": 81.1436710357666
      },
      "53fb4810": {
        "attempt1_correct": false,
        "attempt2_correct": false,
        "solve_time": 37.82159996032715
      },
      "5545f144": {
        "attempt1_correct": false,
        "attempt2_correct": false,
        "solve_time": 33.31393885612488
      },
      "581f7754": {
        "attempt1_correct": false,
        "attempt2_correct": false,
        "solve_time": 42.08578896522522
      },
      "58490d8a": {
        "attempt1_correct": false,
        "attempt2_correct": false,
        "solve_time": 29.683279991149902
      },
      "58f5dbd5": {
        "attempt1_correct": false,
        "attempt2_correct": false,
        "solve_time": 27.572965145111084
      },
      "5961cc34": {
        "attempt1_correct": false,
        "attempt2_correct": false,
        "solve_time": 32.07659912109375
      },
      "5dbc8537": {
        "attempt1_correct": false,
        "attempt2_correct": false,
        "solve_time": 41.88391399383545
      },
      "62593bfd": {
        "attempt1_correct": false,
        "attempt2_correct": false,
        "solve_time": 43.42339873313904
      },