{"input_dim": 17, "hidden_dim": 32, "weights1": [[0.022740738436732542, -0.013826569955708131, 0.06404226504432821, -0.01292259196000243, -0.0535669373161111, 0.05201473537855749, 0.1921389974506938, 0.09453604121962603, -0.1124601872179607, -0.10395528912257743, -0.06232744625373522, 0.010301496276394113, -0.23250307746388343, -0.021879166393254573, -0.13516450629918655, -0.07322673547034517, -0.09638144958520925, -0.00276473130836433, 0.03028328578184572, 0.07985365485611481, -0.021516879590445084, 0.10883779270781722, 0.014061827937482528, 0.04706073608253131, 0.06721350537370513, 0.0030144166067881863, -0.07434992493538084, -0.021994008427875047, -0.054799257008820136, 0.022019512347004944, -0.10096181835387359, -0.04300282258424604], [-0.01740052428357705, 0.06459350401452045, 0.02146591225063409, 0.027985937228234593, -0.06538286094183395, 0.02110815554812975, 0.10621093789915421, 0.14930010074875155, -0.14671287202418454, 0.14455723604750795, 0.13458754237823045, 0.09351844502937665, 0.026445563032930355, -0.03139228145364278, 0.14877726447923273, 0.19602583164499648, 0.16120854244498756, 0.13102429059987183, 0.032710144863983645, -0.12689691389776725, -0.00290202165557564, 0.05180718316152305, -0.12371081543220147, 0.04831941028265316, 0.029989468830759446, 0.06800756910396202, -0.11841179667571891, -0.05091609198797889, -0.02531839367775832, -0.11698019077728641, 0.1739367877130134, -0.06034431936450528], [0.031418939653890934, -0.015348309001452743, 0.15834728788021224, 0.12448476503242636, 0.06333526228249152, -0.18628146914725835, 0.033016288319009914, 0.06832560530432887, 0.07958983877044447, -0.06862584589715841, 0.18220113633283233, -0.11665579204199547, -0.0661528021815219, 0.09350499881140222, 0.007880657508068014, 0.20023925836452552, -0.00010302529037841887, -0.06380549489278783, -0.040784246725192784, -0.11517966243146965, -0.13022462498222812, 0.049200838730712654, 0.06324191218403455, 0.138263086208564, -0.08845747977745666, 0.16731404195204252, -0.028738770780866632, 0.1726949931003833, -0.024953453681695877, -0.07354832923422751, 0.024978537155866686, 0.09239206196665714], [0.048433051177624496, -0.047881046562417776, -0.1341219714076669, -0.20970420020721628, 0.05026828498748657, 0.17944210076756034, 0.15316290016094125, -0.10786662355608899, -0.055333311913083744, -0.05968947238112146, -0.07130680950592722, 0.10776435559412327, -0.2250141173574592, 0.03863695975663059, -0.07320120571818985, 0.010927969747781388, -0.13762148171901434, 0.05709641410061153, 0.03913823165158129, -0.13166356853877062, 0.11753211879551846, -0.026521309081343772, 0.26793385835214073, 0.17338741507928224, 0.04941940786260618, 0.06844083513461104, 0.0075593610742885125, 0.07062768064424316, -0.026797050768180897, -0.07695146401767057, -0.14227417685154137, -0.045034324372680484], [-0.0503158271549957, -0.07633977784483353, -0.10430010800715656, 0.0036901519852470185, 0.035867194917034446, 0.20043876672598326, 0.04911451963325448, 0.10409794837463311, 0.07591163638095706, 0.11550269431831672, -0.23653039062769743, 0.1740798860727224, 0.033962000824864266, 0.04237713528533473, 0.0478712795377656, 0.03827571602707609, -0.021837516681653277, -0.04222581893512979, -0.19780256714342914, -0.015997940682063592, -0.08718057539191888, 0.06385602289978312, -0.00797983509730253, 0.036262194334280906, -0.08732032629588961, -0.05425565337446231, -0.0011533061686586777, -0.08306258224811128, 0.06743339673280455, -0.010607225344775094, -0.11857198050052338, -0.2716469715809048], [0.05784433164779907, -0.0031177379380201917, -0.053000841321815845, -0.046767018970938656, 0.1816475940881144, 0.06321292284333559, 0.059167912784518065, -0.14879331451418898, 0.10041906033931482, 0.09223492904777694, 0.10669348670051791, 0.05597878727354829, 0.09166547888245957, 0.03709468350944103, 0.07206744555004035, -0.015219295840829032, -0.2011677335110873, 0.09655094669905055, -0.2011350009668004, -0.029100135017124874, -0.027259639379817298, -0.14844633245245586, 0.08220912913589322, 0.007881688582623081, -0.04604656329460343, 0.04879076651311449, -0.04765790405584138, 0.20437293366207412, 0.07251039292207533, -0.047433298683443925, -0.19442649759855443, -0.16259900473124245], [0.14101517198292635, 0.0056114295387816515, -0.028312506567953474, 0.09477298270879622, -0.12826492440738985, 0.02190501745484387, 0.1223335917476219, 0.058203590419884516, -0.20899104700565913, 0.00700813722893303, -0.16051493968851138, 0.11859751064189905, 0.0806139358515022, -0.0476376747401162, 0.0012968724768903277, -0.12926461227593417, -0.17723264457102225, 0.17468006986846768, -0.016705888612406083, 0.17520975523065915, -0.10328535765138895, -0.04110224630368952, 0.16401000933850365, 0.1134828016509887, -0.030060550273856387, -0.07208684396416408, -0.08676167643217027, 0.5199087396481062, -0.02102704673690111, -0.2016660690233245, -0.06486006079033346, -0.0030756307515795306], [-0.006978591035517135, 0.21287365296114943, 0.10023982728439579, -0.07647340776691082, -0.047221594277604334, -0.0800554102298437, -0.08097351521850568, -0.14731430746656252, -0.048135066811156146, 0.21996196585988334, -0.1256138069727733, 0.032931147482841136, -0.1768511857086917, -0.0963854230732174, -0.2631618062158678, -0.11422789566319197, -0.0003597891168796441, -0.025002418967608173, 0.07322621660497931, 0.005802587580006603, 0.16437964590908005, -0.08971612055173299, 0.05489514623260736, 0.30423461113896416, 0.08159995525720522, -0.12212233497261363, 0.020191000196010993, 0.23371250919003603, 0.19419092384845493, -0.09216339244978113, 0.08047169314794977, -0.0022520278718922843], [-0.09973371072933551, 0.10991162703149186, -0.08307519568543376, 0.21511429548733657, -0.0704139562280167, 0.21096286392375102, 0.010415573302986066, -0.034665894733973024, -0.09527090094527882, -0.03461425684976276, -0.061048664606569936, 0.1061748028742286, -0.1416489366414042, -0.08274022267661552, 0.3189924869508819, 0.10412431916947958, -0.16092047208367244, -0.1698525083133562, -0.10251219682984516, -0.009136670736390276, -0.0009134895575406959, -0.13526327002360855, -0.2240163814355476, 0.18674176641748785, -0.036084434947774476, -0.03945268107219955, -0.02206612078160866, -0.05986234782792718, -0.11136144743668214, 0.011566182709262591, -0.1070544409695766, -0.15006596927684357], [-0.09685759509015499, 0.16764436289113765, -0.11705308084076832, -0.1627907499325051, 0.06398520751723784, 0.3309566224175019, 0.018848889464768287, 0.0561913772343058, -0.12417075592692874, -0.08135717816566364, -0.12609602800655342, 0.2093596046126129, 0.1203258954116498, 0.06370732356261834, 0.10002708974267235, -0.3772275156122734, -0.056715093009246945, -0.03899881758749862, -0.019432880015278164, -0.06864380768945451, 0.0013112165934636728, -0.019746809803652038, -0.12286856602428141, -0.0019273581829229356, 0.04351473295656466, -0.11233300193077796, 0.10301551978238768, 0.011075581298975054, 0.10307317025299018, -0.028998189606931388, -0.09199936028121969, 0.01750082157406556], [0.07781242848000484, 0.02114941519730555, -0.11022182990542231, -0.03106793483438018, 0.09573856068419317, 0.009041055534737812, 0.03085838910174911, -0.03760271505497428, -0.16181777536352188, 0.03176359600790829, 0.029404214297498024, 0.00012219374791477486, 0.06441905231896893, -0.02299324816033148, 0.08333268067739989, -0.034031012746620896, -0.09801521015952169, -0.09769144643405382, 0.1066832343684847, -0.11565496479951867, -0.1156109652681509, -0.08607131189915526, 0.23937960396541313, 0.07680483878265909, 0.08925629535784052, -0.14250901432432644, -0.019127666443013225, 0.23560831194163462, 0.2566153330657689, 0.06221252216057821, -0.15290928749284466, 0.11515103459499788], [0.024323923907036513, -0.16339200674093646, 0.14748226520869098, -0.03443496446587216, -0.03674025993780988, -0.009646684993977113, 0.06859663589605686, 0.09933362044496503, -0.20006296941075538, 0.4059747134961773, 0.09468615879956256, -0.06527270700377821, -0.0818659851521416, 