5.4s 1 0.00s - Debugger warning: It seems that frozen modules are being used, which may
5.4s 2 0.00s - make the debugger miss breakpoints. Please pass -Xfrozen_modules=off
5.4s 3 0.00s - to python to disable frozen modules.
5.4s 4 0.00s - Note: Debugging will proceed. Set PYDEVD_DISABLE_FILE_VALIDATION=1 to disable this validation.
6.2s 5 0.00s - Debugger warning: It seems that frozen modules are being used, which may
6.2s 6 0.00s - make the debugger miss breakpoints. Please pass -Xfrozen_modules=off
6.2s 7 0.00s - to python to disable frozen modules.
6.2s 8 0.00s - Note: Debugging will proceed. Set PYDEVD_DISABLE_FILE_VALIDATION=1 to disable this validation.
9.3s 9 DEBUG: synthesize_enhanced called with expected_shape=(9, 3), test_input=provided
9.3s 10 DEBUG: Enhanced task signature: {'input_shapes': [(6, 3), (6, 3), (6, 3)], 'output_shapes': [(9, 3), (9, 3), (9, 3)], 'consistent_input': True, 'consistent_output': True, 'input_size': (6, 3), 'output_size': (9, 3), 'size_change': '6x3_to_9x3_expansion', 'primary_pattern': 'expansion', 'color_change': True, 'spatial_relationships': {'has_symmetry': False, 'has_translation': False, 'has_scaling': True, 'preserves_topology': True}}
9.3s 11 DEBUG: Passing expected_shape to human reasoning: (9, 3)
9.3s 12 === HUMAN-GRADE ANALYSIS ===
9.3s 13 Object hypothesis: object_recolor_0 (verified: 0.000)
9.3s 14 Object transformations found: 1
9.3s 15 Key elements identified: 2
9.3s 16 Generated 4 hypotheses
9.3s 17 1. object_recolor_0: Object-level recolor: {'color': 1, 'shape': 'single'} -> {'new_color': 2} (confidence: 0.90, verified: 0.00)
9.3s 18 2. relation_translation_2_0: Translate grid using derived relational vector (confidence: 0.75, verified: 0.47)
9.3s 19 3. multi_region_composition: Compose output by intelligently combining multiple regions (confidence: 0.50, verified: 0.53)
9.3s 20 DEBUG: Human reasoning generated 4 hypotheses
9.3s 21 DEBUG: Added human reasoning program: multi_region_composition (score: 0.531)
9.3s 22 Warning: Memory file fast_comprehensive_memory.json not found, using empty memory
9.3s 23 Built indices: 0 pattern types, 0 RFT facts
9.3s 24 DEBUG: Task signature: {'input_size': (6, 3), 'output_size': (9, 3), 'size_change': '6x3_to_9x3', 'primary_pattern': 'expansion', 'color_change': False}
9.3s 25 DEBUG: Looking for pattern type 'expansion' in []
9.3s 26 DEBUG: Found 0 similar patterns
9.3s 27 DEBUG: Memory suggested 0 operations
9.9s 28 DEBUG: Scoring human reasoning 'multi_region_composition': 0.531
9.9s 29 DEBUG: Scoring human reasoning 'multi_region_composition': 0.531
9.9s 30 DEBUG: Found 2 programs, best score: 0.531
9.9s 31 DEBUG: Scoring human reasoning 'multi_region_composition': 0.531
25.4s 32 DEBUG: synthesize_enhanced called with expected_shape=None, test_input=provided
25.4s 33 DEBUG: Both inconsistent, chose: input=(14, 9), output=(14, 9)
25.4s 34 DEBUG: Enhanced task signature: {'input_shapes': [(8, 9), (14, 9)], 'output_shapes': [(8, 9), (14, 9)], 'consistent_input': False, 'consistent_output': False, 'input_size': (14, 9), 'output_size': (14, 9), 'size_change': None, 'primary_pattern': 'complex_same_size', 'color_change': False, 'spatial_relationships': {'has_symmetry': False, 'has_translation': True, 'has_scaling': False, 'preserves_topology': True}}
25.4s 35 DEBUG: Detected dynamic target shape from test input: (10, 10)
25.4s 36 DEBUG: Passing expected_shape to human reasoning: (10, 10)
25.4s 37 === HUMAN-GRADE ANALYSIS ===
25.4s 38 Object hypothesis: object_move_0 (verified: 0.000)
25.4s 39 Object hypothesis: object_move_1 (verified: 0.000)
25.4s 40 Object hypothesis: object_move_2 (verified: 0.000)
25.4s 41 Object hypothesis: object_move_3 (verified: 0.000)
25.4s 42 Object hypothesis: object_move_4 (verified: 0.000)
25.4s 43 Object hypothesis: object_move_5 (verified: 0.000)
25.4s 44 Object hypothesis: object_copy_6 (verified: 0.000)
25.4s 45 Object hypothesis: object_move_7 (verified: 0.000)
25.4s 46 Object hypothesis: object_move_8 (verified: 0.000)
25.4s 47 Object hypothesis: object_move_9 (verified: 0.000)
25.4s 48 Object hypothesis: object_move_10 (verified: 0.000)
25.4s 49 Object hypothesis: object_move_11 (verified: 0.000)
25.4s 50 Object hypothesis: object_move_12 (verified: 0.000)
25.4s 51 Object hypothesis: object_copy_13 (verified: 0.000)
25.4s 52 Object hypothesis: object_copy_14 (verified: 0.000)
25.4s 53 Object transformations found: 15
25.4s 54 Key elements identified: 2
25.4s 55 Generated 23 hypotheses
25.4s 56 1. object_move_0: Object-level move: {'color': 8, 'shape': 'L_shape'} -> {'direction': 'right', 'distance': 1.0, 'dr': 0.0, 'dc': 1.0} (confidence: 0.90, verified: 0.85)
25.4s 57 2. object_move_1: Object-level move: {'color': 8, 'shape': 'single'} -> {'direction': 'left', 'distance': 3.1622776601683795, 'dr': 1.0, 'dc': -3.0} (confidence: 0.90, verified: 0.85)
25.4s 58 3. object_move_2: Object-level move: {'color': 8, 'shape': 'single'} -> {'direction': 'right', 'distance': 1.0, 'dr': 0.0, 'dc': 1.0} (confidence: 0.90, verified: 0.85)
25.4s 59 DEBUG: Human reasoning generated 23 hypotheses
25.4s 60 DEBUG: Added human reasoning program: object_move_0 (score: 0.853)
25.4s 61 DEBUG: Added human reasoning program: object_move_1 (score: 0.853)
25.4s 62 DEBUG: Added human reasoning program: object_move_2 (score: 0.853)
25.4s 63 DEBUG: Added human reasoning program: object_move_3 (score: 0.853)
25.4s 64 DEBUG: Added human reasoning program: object_move_4 (score: 0.853)
25.4s 65 DEBUG: Task signature: {'input_size': (8, 9), 'output_size': (8, 9), 'size_change': None, 'primary_pattern': 'complex_same_size', 'color_change': False}
25.4s 66 DEBUG: Looking for pattern type 'complex_same_size' in []
25.4s 67 DEBUG: Found 0 similar patterns
25.4s 68 DEBUG: Memory suggested 0 operations
26.5s 69 DEBUG: Scoring human reasoning 'object_move_0': 0.853
26.5s 70 DEBUG: Scoring human reasoning 'object_move_1': 0.853
26.5s 71 DEBUG: Scoring human reasoning 'object_move_2': 0.853
26.5s 72 DEBUG: Scoring human reasoning 'object_move_3': 0.853
26.5s 73 DEBUG: Scoring human reasoning 'object_move_4': 0.853
26.5s 74 DEBUG: Applied targeted extraction: (14, 9) -> (8, 9)
26.5s 75 DEBUG: Applied targeted extraction: (14, 9) -> (8, 9)
26.5s 76 DEBUG: Applied targeted extraction: (14, 9) -> (8, 9)
26.5s 77 DEBUG: Applied targeted extraction: (14, 9) -> (8, 9)
26.5s 78 DEBUG: Applied targeted extraction: (14, 9) -> (8, 9)
26.5s 79 DEBUG: Scoring human reasoning 'object_move_0': 0.853
26.5s 80 DEBUG: Found 6 programs, best score: 0.853
26.5s 81 DEBUG: Scoring human reasoning 'object_move_0': 0.853
26.5s 82 DEBUG: Scoring human reasoning 'object_move_1': 0.853
26.5s 83 DEBUG: Scoring human reasoning 'object_move_2': 0.853
26.5s 84 DEBUG: Scoring human reasoning 'object_move_3': 0.853
26.5s 85 DEBUG: Scoring human reasoning 'object_move_4': 0.853
47.9s 86 DEBUG: synthesize_enhanced called with expected_shape=(3, 3), test_input=provided
47.9s 87 DEBUG: Enhanced task signature: {'input_shapes': [(3, 7), (3, 7), (3, 7)], 'output_shapes': [(3, 3), (3, 3), (3, 3)], 'consistent_input': True, 'consistent_output': True, 'input_size': (3, 7), 'output_size': (3, 3), 'size_change': '3x7_to_3x3_extraction', 'primary_pattern': 'extraction', 'color_change': True, 'spatial_relationships': {'has_symmetry': False, 'has_translation': False, 'has_scaling': True, 'preserves_topology': True}}
47.9s 88 DEBUG: Passing expected_shape to human reasoning: (3, 3)
47.9s 89 === HUMAN-GRADE ANALYSIS ===
47.9s 90 Object hypothesis: object_recolor_0 (verified: 0.000)
47.9s 91 Object hypothesis: object_extract_region_1 (verified: 0.000)
47.9s 92 Object transformations found: 2
47.9s 93 Key elements identified: 1
47.9s 94 Generated 13 hypotheses
47.9s 95 1. object_recolor_0: Object-level recolor: {'color': 1, 'shape': 'single'} -> {'new_color': 2} (confidence: 0.90, verified: 0.52)
47.9s 96 2. object_extract_region_1: Object-level extract_region: {'pattern': 'size_reduction'} -> {'source_region': (0, 0, 2, 2), 'target_shape': (3, 3), 'extraction_method': 'pattern_match'} (confidence: 0.90, verified: 0.52)
47.9s 97 3. relation_translation_2_0: Translate grid using derived relational vector (confidence: 0.75, verified: 0.56)
47.9s 98 DEBUG: Human reasoning generated 13 hypotheses
47.9s 99 DEBUG: Added human reasoning program: object_recolor_0 (score: 0.519)
47.9s 100 DEBUG: Added human reasoning program: object_extract_region_1 (score: 0.519)
47.9s 101 DEBUG: Added human reasoning program: relation_translation_2_0 (score: 0.556)
47.9s 102 DEBUG: Added human reasoning program: relation_translation_1_1 (score: 0.519)
47.9s 103 DEBUG: Task signature: {'input_size': (3, 7), 'output_size': (3, 3), 'size_change': '3x7_to_3x3', 'primary_pattern': 'extraction', 'color_change': False}
47.9s 104 DEBUG: Looking for pattern type 'extraction' in []
47.9s 105 DEBUG: Added 0 extraction patterns
47.9s 106 DEBUG: Found 0 similar patterns
47.9s 107 DEBUG: Memory suggested 0 operations
47.9s 108 DEBUG: Size reduction detected (3, 7) -> (3, 3)
48.5s 109 DEBUG: Scoring human reasoning 'object_recolor_0': 0.519
48.5s 110 DEBUG: Scoring human reasoning 'object_extract_region_1': 0.519
48.5s 111 DEBUG: Scoring human reasoning 'relation_translation_2_0': 0.556
48.5s 112 DEBUG: Scoring human reasoning 'relation_translation_1_1': 0.519
48.5s 113 DEBUG: Scoring human reasoning 'relation_translation_2_0': 0.556
48.5s 114 DEBUG: Found 5 programs, best score: 0.556
48.5s 115 DEBUG: Scoring human reasoning 'relation_translation_2_0': 0.556
48.5s 116 DEBUG: Scoring human reasoning 'object_recolor_0': 0.519
48.5s 117 DEBUG: Scoring human reasoning 'object_extract_region_1': 0.519
48.5s 118 DEBUG: Scoring human reasoning 'relation_translation_1_1': 0.519
88.4s 119 DEBUG: synthesize_enhanced called with expected_shape=(9, 9), test_input=provided
88.4s 120 DEBUG: Enhanced task signature: {'input_shapes': [(3, 3), (3, 3), (3, 3)], 'output_shapes': [(9, 9), (9, 9), (9, 9)], 'consistent_input': True, 'consistent_output': True, 'input_size': (3, 3), 'output_size': (9, 9), 'size_change': '3x3_to_9x9_expansion', 'primary_pattern': 'expansion', 'color_change': False, 'spatial_relationships': {'has_symmetry': False, 'has_translation': False, 'has_scaling': True, 'preserves_topology': True}}
88.4s 121 DEBUG: Passing expected_shape to human reasoning: (9, 9)
88.4s 122 === HUMAN-GRADE ANALYSIS ===
88.4s 123 Object transformations found: 0
88.4s 124 Key elements identified: 3
88.4s 125 Generated 12 hypotheses
88.4s 126 1. relation_translation_-2_6: Translate grid using derived relational vector (confidence: 0.75, verified: 0.60)
88.4s 127 2. relation_translation_0_4: Translate grid using derived relational vector (confidence: 0.75, verified: 0.60)
88.4s 128 3. relation_translation_2_2: Translate grid using derived relational vector (confidence: 0.75, verified: 0.60)
88.4s 129 DEBUG: Human reasoning generated 12 hypotheses
88.4s 130 DEBUG: Added human reasoning program: relation_translation_-2_6 (score: 0.601)
88.4s 131 DEBUG: Added human reasoning program: relation_translation_0_4 (score: 0.597)
88.4s 132 DEBUG: Added human reasoning program: relation_translation_2_2 (score: 0.597)
88.4s 133 DEBUG: Added human reasoning program: relation_translation_-1_0 (score: 0.593)
88.4s 134 DEBUG: Added human reasoning program: relation_translation_0_-4 (score: 0.593)
88.4s 135 DEBUG: Task signature: {'input_size': (3, 3), 'output_size': (9, 9), 'size_change': '3x3_to_9x9', 'primary_pattern': 'expansion', 'color_change': False}
88.4s 136 DEBUG: Looking for pattern type 'expansion' in []
88.4s 137 DEBUG: Found 0 similar patterns
88.4s 138 DEBUG: Memory suggested 0 operations
90.9s 139 DEBUG: Scoring human reasoning 'relation_translation_-2_6': 0.601
90.9s 140 DEBUG: Scoring human reasoning 'relation_translation_0_4': 0.597
90.9s 141 DEBUG: Scoring human reasoning 'relation_translation_2_2': 0.597
90.9s 142 DEBUG: Scoring human reasoning 'relation_translation_-1_0': 0.593
90.9s 143 DEBUG: Scoring human reasoning 'relation_translation_0_-4': 0.593
90.9s 144 DEBUG: Scoring human reasoning 'relation_translation_-2_6': 0.601
90.9s 145 DEBUG: Found 6 programs, best score: 0.601
90.9s 146 DEBUG: Scoring human reasoning 'relation_translation_-2_6': 0.601
90.9s 147 DEBUG: Scoring human reasoning 'relation_translation_0_4': 0.597
90.9s 148 DEBUG: Scoring human reasoning 'relation_translation_2_2': 0.597
90.9s 149 DEBUG: Scoring human reasoning 'relation_translation_-1_0': 0.593
90.9s 150 DEBUG: Scoring human reasoning 'relation_translation_0_-4': 0.593
106.9s 151 DEBUG: synthesize_enhanced called with expected_shape=None, test_input=provided
106.9s 152 DEBUG: Inconsistent outputs, chose representative: (3, 3)
106.9s 153 DEBUG: Enhanced task signature: {'input_shapes': [(30, 30), (30, 30), (30, 30)], 'output_shapes': [(2, 3), (3, 3), (3, 3)], 'consistent_input': True, 'consistent_output': False, 'input_size': (30, 30), 'output_size': (3, 3), 'size_change': '30x30_to_3x3_extraction', 'primary_pattern': 'extraction', 'color_change': True, 'spatial_relationships': {'has_symmetry': False, 'has_translation': False, 'has_scaling': True, 'preserves_topology': True}}
106.9s 154 DEBUG: Found 8-filled placeholder regions: [(2, 1), (1, 3), (1, 1), (1, 2), (4, 1)], chose: (4, 1)
106.9s 155 DEBUG: Detected dynamic target shape from test input: (4, 1)
106.9s 156 DEBUG: Passing expected_shape to human reasoning: (4, 1)
106.9s 157 === HUMAN-GRADE ANALYSIS ===
106.9s 158 Object hypothesis: object_copy_0 (verified: 0.000)
107.1s 159 Object hypothesis: object_copy_1 (verified: 0.000)
107.1s 160 Object hypothesis: object_copy_2 (verified: 0.000)
107.1s 161 Object hypothesis: object_copy_3 (verified: 0.000)
107.1s 162 Object transformations found: 4
107.4s 163 Key elements identified: 2910
108.0s 164 Generated 2928 hypotheses
108.0s 165 1. object_copy_0: Object-level copy: {'color': 1, 'shape': 'single', 'size': 1} -> {'copies': 2} (confidence: 0.90, verified: 0.00)
108.0s 166 2. object_copy_1: Object-level copy: {'color': 4, 'shape': 'single', 'size': 1} -> {'copies': 2} (confidence: 0.90, verified: 0.00)
108.0s 167 3. object_copy_2: Object-level copy: {'color': 3, 'shape': 'single', 'size': 1} -> {'copies': 2} (confidence: 0.90, verified: 0.00)
108.0s 168 DEBUG: Human reasoning generated 2928 hypotheses
108.0s 169 DEBUG: Task signature: {'input_size': (30, 30), 'output_size': (2, 3), 'size_change': '30x30_to_2x3', 'primary_pattern': 'extraction', 'color_change': False}
108.0s 170 DEBUG: Looking for pattern type 'extraction' in []
108.0s 171 DEBUG: Added 0 extraction patterns
108.0s 172 DEBUG: Found 0 similar patterns
108.0s 173 DEBUG: Memory suggested 0 operations
108.0s 174 DEBUG: Size reduction detected (30, 30) -> (2, 3)
119.2s 175 DEBUG: No programs found
134.5s 176 DEBUG: synthesize_enhanced called with expected_shape=None, test_input=provided
134.5s 177 DEBUG: Both inconsistent, chose: input=(21, 21), output=(10, 10)
134.5s 178 DEBUG: Enhanced task signature: {'input_shapes': [(18, 19), (21, 21), (19, 17)], 'output_shapes': [(7, 9), (10, 10), (9, 6)], 'consistent_input': False, 'consistent_output': False, 'input_size': (21, 21), 'output_size': (10, 10), 'size_change': '21x21_to_10x10_extraction', 'primary_pattern': 'extraction', 'color_change': True, 'spatial_relationships': {'has_symmetry': False, 'has_translation': False, 'has_scaling': True, 'preserves_topology': True}}
134.5s 179 DEBUG: Dynamic detection failed, using representative: (10, 10)
134.5s 180 DEBUG: Passing expected_shape to human reasoning: (10, 10)
134.5s 181 === HUMAN-GRADE ANALYSIS ===
134.5s 182 Object hypothesis: object_move_0 (verified: 0.000)
134.5s 183 Object transformations found: 1
134.5s 184 Key elements identified: 0
134.5s 185 Generated 15 hypotheses
134.5s 186 1. object_move_0: Object-level move: {'color': 3, 'shape': 'irregular'} -> {'direction': 'up', 'distance': 14.866068747318506, 'dr': -11.0, 'dc': -10.0} (confidence: 0.90, verified: 0.00)
134.5s 187 2. relation_translation_-7_-7: Translate grid using derived relational vector (confidence: 0.75, verified: 0.44)
134.5s 188 3. relation_translation_-5_7: Translate grid using derived relational vector (confidence: 0.75, verified: 0.41)
134.5s 189 DEBUG: Human reasoning generated 15 hypotheses
134.5s 190 DEBUG: Task signature: {'input_size': (18, 19), 'output_size': (7, 9), 'size_change': '18x19_to_7x9', 'primary_pattern': 'extraction', 'color_change': False}
134.5s 191 DEBUG: Looking for pattern type 'extraction' in []
134.5s 192 DEBUG: Added 0 extraction patterns
134.5s 193 DEBUG: Found 0 similar patterns
134.5s 194 DEBUG: Memory suggested 0 operations
134.5s 195 DEBUG: Size reduction detected (18, 19) -> (7, 9)
142.0s 196 DEBUG: Found 1 programs, best score: 0.000
203.3s 197 DEBUG: synthesize_enhanced called with expected_shape=(6, 6), test_input=provided
203.3s 198 DEBUG: Enhanced task signature: {'input_shapes': [(15, 13), (12, 13), (16, 12)], 'output_shapes': [(6, 6), (6, 6), (6, 6)], 'consistent_input': False, 'consistent_output': True, 'input_size': (15, 13), 'output_size': (6, 6), 'size_change': '15x13_to_6x6_extraction', 'primary_pattern': 'extraction', 'color_change': True, 'spatial_relationships': {'has_symmetry': False, 'has_translation': False, 'has_scaling': True, 'preserves_topology': True}}
203.3s 199 DEBUG: Passing expected_shape to human reasoning: (6, 6)
203.3s 200 === HUMAN-GRADE ANALYSIS ===
203.3s 201 Object transformations found: 0
203.3s 202 Key elements identified: 76
203.3s 203 Generated 90 hypotheses
203.3s 204 1. relation_translation_-5_0: Translate grid using derived relational vector (confidence: 0.75, verified: 0.50)
203.3s 205 2. relation_translation_-3_-6: Translate grid using derived relational vector (confidence: 0.75, verified: 0.44)
203.3s 206 3. relation_translation_0_-2: Translate grid using derived relational vector (confidence: 0.75, verified: 0.42)
203.3s 207 DEBUG: Human reasoning generated 90 hypotheses
203.3s 208 DEBUG: Task signature: {'input_size': (15, 13), 'output_size': (6, 6), 'size_change': '15x13_to_6x6', 'primary_pattern': 'extraction', 'color_change': False}
203.3s 209 DEBUG: Looking for pattern type 'extraction' in []
203.3s 210 DEBUG: Added 0 extraction patterns
203.3s 211 DEBUG: Found 0 similar patterns
203.3s 212 DEBUG: Memory suggested 0 operations
203.3s 213 DEBUG: Size reduction detected (15, 13) -> (6, 6)
206.1s 214 DEBUG: No programs found
214.2s 215 DEBUG: synthesize_enhanced called with expected_shape=(6, 8), test_input=provided
214.2s 216 DEBUG: Enhanced task signature: {'input_shapes': [(3, 4), (3, 4), (3, 4)], 'output_shapes': [(6, 8), (6, 8), (6, 8)], 'consistent_input': True, 'consistent_output': True, 'input_size': (3, 4), 'output_size': (6, 8), 'size_change': '3x4_to_6x8_expansion', 'primary_pattern': 'expansion', 'color_change': False, 'spatial_relationships': {'has_symmetry': False, 'has_translation': False, 'has_scaling': True, 'preserves_topology': True}}
214.2s 217 DEBUG: Passing expected_shape to human reasoning: (6, 8)
214.2s 218 === HUMAN-GRADE ANALYSIS ===
214.2s 219 Object hypothesis: object_copy_0 (verified: 0.000)
214.2s 220 Object transformations found: 1
214.2s 221 Key elements identified: 0
214.2s 222 Generated 15 hypotheses
214.2s 223 1. object_copy_0: Object-level copy: {'color': 5, 'shape': 'line', 'size': 2} -> {'copies': 2} (confidence: 0.90, verified: 0.00)
214.2s 224 2. relation_translation_-2_-1: Translate grid using derived relational vector (confidence: 0.75, verified: 0.51)
214.2s 225 3. relation_translation_0_-2: Translate grid using derived relational vector (confidence: 0.75, verified: 0.48)
214.2s 226 DEBUG: Human reasoning generated 15 hypotheses
214.2s 227 DEBUG: Added human reasoning program: relation_translation_-2_-1 (score: 0.514)
214.2s 228 DEBUG: Task signature: {'input_size': (3, 4), 'output_size': (6, 8), 'size_change': '3x4_to_6x8', 'primary_pattern': 'expansion', 'color_change': False}
214.2s 229 DEBUG: Looking for pattern type 'expansion' in []
214.2s 230 DEBUG: Found 0 similar patterns
214.2s 231 DEBUG: Memory suggested 0 operations
215.6s 232 DEBUG: Scoring human reasoning 'relation_translation_-2_-1': 0.514
215.6s 233 DEBUG: Scoring human reasoning 'relation_translation_-2_-1': 0.514
215.6s 234 DEBUG: Found 2 programs, best score: 0.514
215.6s 235 DEBUG: Scoring human reasoning 'relation_translation_-2_-1': 0.514
220.1s 236 DEBUG: synthesize_enhanced called with expected_shape=(6, 4), test_input=provided
220.1s 237 DEBUG: Enhanced task signature: {'input_shapes': [(13, 4), (13, 4), (13, 4), (13, 4)], 'output_shapes': [(6, 4), (6, 4), (6, 4), (6, 4)], 'consistent_input': True, 'consistent_output': True, 'input_size': (13, 4), 'output_size': (6, 4), 'size_change': '13x4_to_6x4_extraction', 'primary_pattern': 'extraction', 'color_change': True, 'spatial_relationships': {'has_symmetry': False, 'has_translation': False, 'has_scaling': True, 'preserves_topology': True}}
220.1s 238 DEBUG: Passing expected_shape to human reasoning: (6, 4)
220.1s 239 === HUMAN-GRADE ANALYSIS ===
220.1s 240 Object hypothesis: object_copy_0 (verified: 0.000)
220.1s 241 Object hypothesis: object_extract_region_1 (verified: 0.000)
220.1s 242 Object hypothesis: object_copy_2 (verified: 0.000)
220.1s 243 Object hypothesis: object_extract_region_3 (verified: 0.000)
220.1s 244 Object hypothesis: object_copy_4 (verified: 0.000)
220.1s 245 Object transformations found: 5
220.1s 246 Key elements identified: 0
220.1s 247 Generated 19 hypotheses
220.1s 248 1. object_copy_0: Object-level copy: {'color': 8, 'shape': 'single', 'size': 1} -> {'copies': 3} (confidence: 0.90, verified: 0.00)
220.1s 249 2. object_extract_region_1: Object-level extract_region: {'pattern': 'size_reduction'} -> {'source_region': (0, 0, 5, 3), 'target_shape': (6, 4), 'extraction_method': 'pattern_match'} (confidence: 0.90, verified: 0.00)
220.1s 250 3. object_copy_2: Object-level copy: {'color': 8, 'shape': 'L_shape', 'size': 3} -> {'copies': 1} (confidence: 0.90, verified: 0.00)
220.1s 251 DEBUG: Human reasoning generated 19 hypotheses
220.1s 252 DEBUG: Task signature: {'input_size': (13, 4), 'output_size': (6, 4), 'size_change': '13x4_to_6x4', 'primary_pattern': 'extraction', 'color_change': False}
220.1s 253 DEBUG: Looking for pattern type 'extraction' in []
220.1s 254 DEBUG: Added 0 extraction patterns
220.1s 255 DEBUG: Found 0 similar patterns
220.1s 256 DEBUG: Memory suggested 0 operations
220.1s 257 DEBUG: Size reduction detected (13, 4) -> (6, 4)
221.0s 258 DEBUG: No programs found
226.6s 259 DEBUG: synthesize_enhanced called with expected_shape=None, test_input=provided
226.6s 260 DEBUG: Both inconsistent, chose: input=(4, 4), output=(8, 8)
226.6s 261 DEBUG: Enhanced task signature: {'input_shapes': [(5, 3), (3, 4), (4, 4), (2, 4)], 'output_shapes': [(10, 6), (6, 8), (8, 8), (4, 8)], 'consistent_input': False, 'consistent_output': False, 'input_size': (4, 4), 'output_size': (8, 8), 'size_change': '4x4_to_8x8_expansion', 'primary_pattern': 'expansion', 'color_change': True, 'spatial_relationships': {'has_symmetry': False, 'has_translation': False, 'has_scaling': True, 'preserves_topology': True}}
226.6s 262 DEBUG: Dynamic detection failed, using representative: (8, 8)
226.6s 263 DEBUG: Passing expected_shape to human reasoning: (8, 8)
226.6s 264 === HUMAN-GRADE ANALYSIS ===
226.6s 265 Object hypothesis: object_copy_0 (verified: 0.000)
226.6s 266 Object transformations found: 1
226.6s 267 Key elements identified: 2
226.6s 268 Generated 3 hypotheses
226.6s 269 1. object_copy_0: Object-level copy: {'color': 8, 'shape': 'single', 'size': 1} -> {'copies': 8} (confidence: 0.90, verified: 0.00)
226.6s 270 2. multi_region_composition: Compose output by intelligently combining multiple regions (confidence: 0.50, verified: 0.47)
226.6s 271 3. spatial_formula: Construct output using spatial position formulas (confidence: 0.40, verified: 0.47)
226.6s 272 DEBUG: Human reasoning generated 3 hypotheses
226.6s 273 DEBUG: Task signature: {'input_size': (5, 3), 'output_size': (10, 6), 'size_change': '5x3_to_10x6', 'primary_pattern': 'expansion', 'color_change': False}
226.6s 274 DEBUG: Looking for pattern type 'expansion' in []
226.6s 275 DEBUG: Found 0 similar patterns
226.6s 276 DEBUG: Memory suggested 0 operations
228.8s 277 DEBUG: Found 1 programs, best score: 0.000
289.6s 278 DEBUG: synthesize_enhanced called with expected_shape=None, test_input=provided
289.6s 279 DEBUG: Both inconsistent, chose: input=(27, 27), output=(6, 5)
289.6s 280 DEBUG: Enhanced task signature: {'input_shapes': [(11, 11), (15, 15), (27, 27)], 'output_shapes': [(3, 2), (2, 4), (6, 5)], 'consistent_input': False, 'consistent_output': False, 'input_size': (27, 27), 'output_size': (6, 5), 'size_change': '27x27_to_6x5_extraction', 'primary_pattern': 'extraction', 'color_change': True, 'spatial_relationships': {'has_symmetry': False, 'has_translation': False, 'has_scaling': True, 'preserves_topology': True}}
289.6s 281 DEBUG: Dynamic detection failed, using representative: (6, 5)
289.6s 282 DEBUG: Passing expected_shape to human reasoning: (6, 5)
289.6s 283 === HUMAN-GRADE ANALYSIS ===
289.6s 284 Object transformations found: 0
289.6s 285 Key elements identified: 8381
289.9s 286 Generated 8385 hypotheses
289.9s 287 1. relation_translation_0_-1: Translate grid using derived relational vector (confidence: 0.75, verified: 1.00)
289.9s 288 2. relation_translation_0_1: Translate grid using derived relational vector (confidence: 0.75, verified: 1.00)
289.9s 289 3. relation_translation_2_0: Translate grid using derived relational vector (confidence: 0.75, verified: 1.00)
289.9s 290 DEBUG: Human reasoning generated 8385 hypotheses
289.9s 291 DEBUG: Added human reasoning program: relation_translation_0_-1 (score: 1.000)
289.9s 292 DEBUG: Added human reasoning program: relation_translation_0_1 (score: 1.000)
289.9s 293 DEBUG: Added human reasoning program: relation_translation_2_0 (score: 1.000)
289.9s 294 DEBUG: Added human reasoning program: relation_translation_-2_0 (score: 0.667)
289.9s 295 DEBUG: Task signature: {'input_size': (11, 11), 'output_size': (3, 2), 'size_change': '11x11_to_3x2', 'primary_pattern': 'extraction', 'color_change': False}
289.9s 296 DEBUG: Looking for pattern type 'extraction' in []
289.9s 297 DEBUG: Added 0 extraction patterns
289.9s 298 DEBUG: Found 0 similar patterns
289.9s 299 DEBUG: Memory suggested 0 operations
289.9s 300 DEBUG: Size reduction detected (11, 11) -> (3, 2)
297.8s 301 DEBUG: Scoring human reasoning 'relation_translation_0_-1': 1.000
297.8s 302 DEBUG: Scoring human reasoning 'relation_translation_0_1': 1.000
297.8s 303 DEBUG: Scoring human reasoning 'relation_translation_2_0': 1.000
297.8s 304 DEBUG: Scoring human reasoning 'relation_translation_-2_0': 0.667
297.8s 305 DEBUG: Scoring human reasoning 'relation_translation_2_0': 1.000
297.8s 306 DEBUG: Found 1 programs, best score: 1.000
297.8s 307 DEBUG: Scoring human reasoning 'relation_translation_2_0': 1.000
356.0s 308 DEBUG: synthesize_enhanced called with expected_shape=(13, 13), test_input=provided
356.0s 309 DEBUG: Enhanced task signature: {'input_shapes': [(13, 13), (13, 13), (13, 13)], 'output_shapes': [(13, 13), (13, 13), (13, 13)], 'consistent_input': True, 'consistent_output': True, 'input_size': (13, 13), 'output_size': (13, 13), 'size_change': None, 'primary_pattern': 'complex_same_size', 'color_change': False, 'spatial_relationships': {'has_symmetry': False, 'has_translation': True, 'has_scaling': False, 'preserves_topology': True}}
356.0s 310 DEBUG: Passing expected_shape to human reasoning: (13, 13)
356.0s 311 === HUMAN-GRADE ANALYSIS ===
356.0s 312 Object hypothesis: object_copy_0 (verified: 0.000)
356.0s 313 Object hypothesis: object_copy_1 (verified: 0.000)
356.0s 314 Object transformations found: 2
356.0s 315 Key elements identified: 3
356.0s 316 Generated 12 hypotheses
356.0s 317 1. object_copy_0: Object-level copy: {'color': 5, 'shape': 'single', 'size': 1} -> {'copies': 1} (confidence: 0.90, verified: 0.94)
356.0s 318 2. object_copy_1: Object-level copy: {'color': 5, 'shape': 'L_shape', 'size': 3} -> {'copies': 1} (confidence: 0.90, verified: 0.94)
356.0s 319 3. relation_translation_0_-6: Translate grid using derived relational vector (confidence: 0.75, verified: 0.95)
356.0s 320 DEBUG: Human reasoning generated 12 hypotheses
356.0s 321 DEBUG: Added human reasoning program: object_copy_0 (score: 0.945)
356.0s 322 DEBUG: Added human reasoning program: object_copy_1 (score: 0.945)
356.0s 323 DEBUG: Added human reasoning program: relation_translation_0_-6 (score: 0.953)
356.0s 324 DEBUG: Added human reasoning program: relation_translation_1_0 (score: 0.943)
356.0s 325 DEBUG: Added human reasoning program: relation_translation_2_0 (score: 0.935)
356.0s 326 DEBUG: Task signature: {'input_size': (13, 13), 'output_size': (13, 13), 'size_change': None, 'primary_pattern': 'complex_same_size', 'color_change': False}
356.0s 327 DEBUG: Looking for pattern type 'complex_same_size' in []
356.0s 328 DEBUG: Found 0 similar patterns
356.0s 329 DEBUG: Memory suggested 0 operations
358.5s 330 DEBUG: Scoring human reasoning 'object_copy_0': 0.945
358.5s 331 DEBUG: Scoring human reasoning 'object_copy_1': 0.945
358.5s 332 DEBUG: Scoring human reasoning 'relation_translation_0_-6': 0.953
358.5s 333 DEBUG: Scoring human reasoning 'relation_translation_1_0': 0.943
358.5s 334 DEBUG: Scoring human reasoning 'relation_translation_2_0': 0.935
358.5s 335 DEBUG: Scoring human reasoning 'relation_translation_0_-6': 0.953
358.5s 336 DEBUG: Found 6 programs, best score: 0.953
358.5s 337 DEBUG: Scoring human reasoning 'relation_translation_0_-6': 0.953
358.5s 338 DEBUG: Scoring human reasoning 'object_copy_0': 0.945
358.5s 339 DEBUG: Scoring human reasoning 'object_copy_1': 0.945
358.5s 340 DEBUG: Scoring human reasoning 'relation_translation_1_0': 0.943
358.5s 341 DEBUG: Scoring human reasoning 'relation_translation_2_0': 0.935
364.9s 342 DEBUG: synthesize_enhanced called with expected_shape=None, test_input=provided
364.9s 343 DEBUG: Both inconsistent, chose: input=(11, 14), output=(9, 3)
364.9s 344 DEBUG: Enhanced task signature: {'input_shapes': [(11, 11), (11, 9), (11, 10), (11, 14)], 'output_shapes': [(6, 3), (9, 3), (3, 6), (3, 9)], 'consistent_input': False, 'consistent_output': False, 'input_size': (11, 14), 'output_size': (9, 3), 'size_change': '11x14_to_9x3_extraction', 'primary_pattern': 'extraction', 'color_change': True, 'spatial_relationships': {'has_symmetry': False, 'has_translation': False, 'has_scaling': True, 'preserves_topology': True}}
364.9s 345 DEBUG: Dynamic detection failed, using representative: (9, 3)
364.9s 346 DEBUG: Passing expected_shape to human reasoning: (9, 3)
364.9s 347 === HUMAN-GRADE ANALYSIS ===
364.9s 348 Object hypothesis: object_copy_0 (verified: 0.000)
364.9s 349 Object transformations found: 1
364.9s 350 Key elements identified: 35
364.9s 351 Generated 46 hypotheses
364.9s 352 1. object_copy_0: Object-level copy: {'color': 3, 'shape': 'irregular', 'size': 6} -> {'copies': 1} (confidence: 0.90, verified: 0.00)
364.9s 353 2. relation_translation_1_-2: Translate grid using derived relational vector (confidence: 0.75, verified: 0.56)
364.9s 354 3. relation_translation_-1_0: Translate grid using derived relational vector (confidence: 0.75, verified: 0.56)
364.9s 355 DEBUG: Human reasoning generated 46 hypotheses
364.9s 356 DEBUG: Added human reasoning program: relation_translation_1_-2 (score: 0.556)
364.9s 357 DEBUG: Added human reasoning program: relation_translation_-1_0 (score: 0.556)
364.9s 358 DEBUG: Added human reasoning program: relation_translation_-5_0 (score: 0.556)
364.9s 359 DEBUG: Added human reasoning program: relation_translation_-5_1 (score: 0.556)
364.9s 360 DEBUG: Task signature: {'input_size': (11, 11), 'output_size': (6, 3), 'size_change': '11x11_to_6x3', 'primary_pattern': 'extraction', 'color_change': False}
364.9s 361 DEBUG: Looking for pattern type 'extraction' in []
364.9s 362 DEBUG: Added 0 extraction patterns
364.9s 363 DEBUG: Found 0 similar patterns
364.9s 364 DEBUG: Memory suggested 0 operations
364.9s 365 DEBUG: Size reduction detected (11, 11) -> (6, 3)
366.8s 366 DEBUG: Scoring human reasoning 'relation_translation_1_-2': 0.556
366.8s 367 DEBUG: Scoring human reasoning 'relation_translation_-1_0': 0.556
366.8s 368 DEBUG: Scoring human reasoning 'relation_translation_-5_0': 0.556
366.8s 369 DEBUG: Scoring human reasoning 'relation_translation_-5_1': 0.556
366.8s 370 DEBUG: Scoring human reasoning 'relation_translation_-5_0': 0.556
366.8s 371 DEBUG: Found 4 programs, best score: 0.556
366.8s 372 DEBUG: Scoring human reasoning 'relation_translation_-5_0': 0.556
366.8s 373 DEBUG: Scoring human reasoning 'relation_translation_1_-2': 0.556
366.8s 374 DEBUG: Scoring human reasoning 'relation_translation_-5_1': 0.556
366.8s 375 DEBUG: Scoring human reasoning 'relation_translation_-1_0': 0.556
424.2s 376 DEBUG: synthesize_enhanced called with expected_shape=None, test_input=provided
424.2s 377 DEBUG: Both inconsistent, chose: input=(11, 14), output=(9, 3)
424.2s 378 DEBUG: Enhanced task signature: {'input_shapes': [(11, 11), (11, 9), (11, 10), (11, 14)], 'output_shapes': [(6, 3), (9, 3), (3, 6), (3, 9)], 'consistent_input': False, 'consistent_output': False, 'input_size': (11, 14), 'output_size': (9, 3), 'size_change': '11x14_to_9x3_extraction', 'primary_pattern': 'extraction', 'color_change': True, 'spatial_relationships': {'has_symmetry': False, 'has_translation': False, 'has_scaling': True, 'preserves_topology': True}}
424.2s 379 DEBUG: Found 8-filled placeholder regions: [(1, 1)], chose: (1, 1)
424.2s 380 DEBUG: Detected dynamic target shape from test input: (1, 1)
424.2s 381 DEBUG: Passing expected_shape to human reasoning: (1, 1)
424.2s 382 === HUMAN-GRADE ANALYSIS ===
424.2s 383 Object hypothesis: object_copy_0 (verified: 0.000)
424.2s 384 Object transformations found: 1
424.2s 385 Key elements identified: 35
424.2s 386 Generated 46 hypotheses
424.2s 387 1. object_copy_0: Object-level copy: {'color': 3, 'shape': 'irregular', 'size': 6} -> {'copies': 1} (confidence: 0.90, verified: 0.00)
424.2s 388 2. relation_translation_1_-2: Translate grid using derived relational vector (confidence: 0.75, verified: 0.56)
424.2s 389 3. relation_translation_-1_0: Translate grid using derived relational vector (confidence: 0.75, verified: 0.56)
424.2s 390 DEBUG: Human reasoning generated 46 hypotheses
424.2s 391 DEBUG: Added human reasoning program: relation_translation_1_-2 (score: 0.556)
424.2s 392 DEBUG: Added human reasoning program: relation_translation_-1_0 (score: 0.556)
424.2s 393 DEBUG: Added human reasoning program: relation_translation_-5_0 (score: 0.556)
424.2s 394 DEBUG: Added human reasoning program: relation_translation_-5_1 (score: 0.556)
424.2s 395 DEBUG: Task signature: {'input_size': (11, 11), 'output_size': (6, 3), 'size_change': '11x11_to_6x3', 'primary_pattern': 'extraction', 'color_change': False}
424.2s 396 DEBUG: Looking for pattern type 'extraction' in []
424.2s 397 DEBUG: Added 0 extraction patterns
424.2s 398 DEBUG: Found 0 similar patterns
424.2s 399 DEBUG: Memory suggested 0 operations
424.2s 400 DEBUG: Size reduction detected (11, 11) -> (6, 3)
425.1s 401 DEBUG: Scoring human reasoning 'relation_translation_1_-2': 0.556
425.1s 402 DEBUG: Scoring human reasoning 'relation_translation_-1_0': 0.556
425.1s 403 DEBUG: Scoring human reasoning 'relation_translation_-5_0': 0.556
425.1s 404 DEBUG: Scoring human reasoning 'relation_translation_-5_1': 0.556
425.1s 405 DEBUG: Scoring human reasoning 'relation_translation_-5_0': 0.556
425.1s 406 DEBUG: Found 4 programs, best score: 0.556
425.1s 407 DEBUG: Scoring human reasoning 'relation_translation_-5_0': 0.556
425.1s 408 DEBUG: Scoring human reasoning 'relation_translation_1_-2': 0.556
425.1s 409 DEBUG: Scoring human reasoning 'relation_translation_-5_1': 0.556
425.1s 410 DEBUG: Scoring human reasoning 'relation_translation_-1_0': 0.556
429.9s 411 DEBUG: synthesize_enhanced called with expected_shape=(3, 3), test_input=provided
429.9s 412 DEBUG: Enhanced task signature: {'input_shapes': [(11, 11), (11, 11), (11, 11)], 'output_shapes': [(3, 3), (3, 3), (3, 3)], 'consistent_input': True, 'consistent_output': True, 'input_size': (11, 11), 'output_size': (3, 3), 'size_change': '11x11_to_3x3_extraction', 'primary_pattern': 'extraction', 'color_change': True, 'spatial_relationships': {'has_symmetry': False, 'has_translation': False, 'has_scaling': True, 'preserves_topology': True}}
429.9s 413 DEBUG: Passing expected_shape to human reasoning: (3, 3)
429.9s 414 === HUMAN-GRADE ANALYSIS ===
429.9s 415 Object transformations found: 0
429.9s 416 Key elements identified: 75
429.9s 417 Generated 82 hypotheses
429.9s 418 1. relation_translation_-1_-2: Translate grid using derived relational vector (confidence: 0.75, verified: 0.26)
429.9s 419 2. relation_translation_-2_0: Translate grid using derived relational vector (confidence: 0.75, verified: 0.26)
429.9s 420 3. relation_translation_-2_-1: Translate grid using derived relational vector (confidence: 0.75, verified: 0.19)
429.9s 421 DEBUG: Human reasoning generated 82 hypotheses
429.9s 422 DEBUG: Task signature: {'input_size': (11, 11), 'output_size': (3, 3), 'size_change': '11x11_to_3x3', 'primary_pattern': 'extraction', 'color_change': False}
429.9s 423 DEBUG: Looking for pattern type 'extraction' in []
429.9s 424 DEBUG: Added 0 extraction patterns
429.9s 425 DEBUG: Found 0 similar patterns
429.9s 426 DEBUG: Memory suggested 0 operations
429.9s 427 DEBUG: Size reduction detected (11, 11) -> (3, 3)
431.5s 428 DEBUG: No programs found
438.0s 429 DEBUG: synthesize_enhanced called with expected_shape=None, test_input=provided
438.0s 430 DEBUG: Both inconsistent, chose: input=(22, 29), output=(6, 27)
438.0s 431 DEBUG: Enhanced task signature: {'input_shapes': [(19, 19), (22, 29)], 'output_shapes': [(5, 17), (6, 27)], 'consistent_input': False, 'consistent_output': False, 'input_size': (22, 29), 'output_size': (6, 27), 'size_change': '22x29_to_6x27_extraction', 'primary_pattern': 'extraction', 'color_change': True, 'spatial_relationships': {'has_symmetry': False, 'has_translation': False, 'has_scaling': True, 'preserves_topology': True}}
438.0s 432 DEBUG: Found 8-filled placeholder regions: [(1, 25), (24, 1), (1, 2), (1, 1), (1, 3), (2, 1), (2, 3), (3, 2)], chose: (1, 25)
438.0s 433 DEBUG: Detected dynamic target shape from test input: (1, 25)
438.0s 434 DEBUG: Passing expected_shape to human reasoning: (1, 25)
438.0s 435 === HUMAN-GRADE ANALYSIS ===
438.0s 436 Object hypothesis: object_move_0 (verified: 0.000)
438.0s 437 Object hypothesis: object_move_1 (verified: 0.000)
438.0s 438 Object hypothesis: object_move_2 (verified: 0.000)
438.0s 439 Object hypothesis: object_move_3 (verified: 0.000)
438.0s 440 Object hypothesis: object_move_4 (verified: 0.000)
438.0s 441 Object hypothesis: object_move_5 (verified: 0.000)
438.0s 442 Object hypothesis: object_move_6 (verified: 0.000)
438.0s 443 Object hypothesis: object_move_7 (verified: 0.000)
438.0s 444 Object hypothesis: object_move_8 (verified: 0.000)
438.0s 445 Object hypothesis: object_move_9 (verified: 0.000)
438.0s 446 Object hypothesis: object_move_10 (verified: 0.000)
438.0s 447 Object hypothesis: object_move_11 (verified: 0.000)
438.0s 448 Object hypothesis: object_move_12 (verified: 0.000)
438.0s 449 Object hypothesis: object_move_13 (verified: 0.000)
438.0s 450 Object hypothesis: object_copy_14 (verified: 0.000)
438.0s 451 Object hypothesis: object_copy_15 (verified: 0.000)
438.2s 452 Object hypothesis: object_copy_16 (verified: 0.000)
438.2s 453 Object hypothesis: object_copy_17 (verified: 0.000)
438.2s 454 Object hypothesis: object_copy_18 (verified: 0.000)
438.2s 455 Object hypothesis: object_copy_19 (verified: 0.000)
438.2s 456 Object hypothesis: object_replace_region_20 (verified: 0.000)
438.2s 457 Object hypothesis: object_replace_region_21 (verified: 0.000)
438.2s 458 Object hypothesis: object_extract_region_22 (verified: 0.000)
438.2s 459 Object hypothesis: object_move_23 (verified: 0.000)
438.2s 460 Object hypothesis: object_move_24 (verified: 0.000)
438.2s 461 Object hypothesis: object_move_25 (verified: 0.000)
438.2s 462 Object hypothesis: object_move_26 (verified: 0.000)
438.2s 463 Object hypothesis: object_move_27 (verified: 0.000)
438.2s 464 Object hypothesis: object_move_28 (verified: 0.000)
438.2s 465 Object hypothesis: object_move_29 (verified: 0.000)
438.2s 466 Object hypothesis: object_move_30 (verified: 0.000)
438.2s 467 Object hypothesis: object_move_31 (verified: 0.000)
438.2s 468 Object hypothesis: object_move_32 (verified: 0.000)
438.2s 469 Object hypothesis: object_move_33 (verified: 0.000)
438.2s 470 Object hypothesis: object_move_34 (verified: 0.000)
438.2s 471 Object hypothesis: object_move_35 (verified: 0.000)
438.5s 472 Object hypothesis: object_move_36 (verified: 0.000)
438.5s 473 Object hypothesis: object_move_37 (verified: 0.000)
438.5s 474 Object hypothesis: object_move_38 (verified: 0.000)
438.5s 475 Object hypothesis: object_move_39 (verified: 0.000)
438.5s 476 Object hypothesis: object_move_40 (verified: 0.000)
438.5s 477 Object hypothesis: object_move_41 (verified: 0.000)
438.5s 478 Object hypothesis: object_move_42 (verified: 0.000)
438.5s 479 Object hypothesis: object_move_43 (verified: 0.000)
438.5s 480 Object hypothesis: object_move_44 (verified: 0.000)
438.5s 481 Object hypothesis: object_copy_45 (verified: 0.000)
438.5s 482 Object hypothesis: object_copy_46 (verified: 0.000)
438.5s 483 Object hypothesis: object_copy_47 (verified: 0.000)
438.5s 484 Object hypothesis: object_copy_48 (verified: 0.000)
438.5s 485 Object hypothesis: object_copy_49 (verified: 0.000)
438.5s 486 Object hypothesis: object_copy_50 (verified: 0.000)
438.5s 487 Object hypothesis: object_extract_region_51 (verified: 0.000)
438.5s 488 Object transformations found: 52
438.5s 489 Key elements identified: 3
438.8s 490 Generated 66 hypotheses
438.8s 491 1. object_move_0: Object-level move: {'color': 8, 'shape': 'single'} -> {'direction': 'right', 'distance': 5.0990195135927845, 'dr': 1.0, 'dc': 5.0} (confidence: 0.90, verified: 0.13)
438.8s 492 2. object_move_1: Object-level move: {'color': 8, 'shape': 'single'} -> {'direction': 'right', 'distance': 3.1622776601683795, 'dr': 1.0, 'dc': 3.0} (confidence: 0.90, verified: 0.13)
438.8s 493 3. object_move_2: Object-level move: {'color': 8, 'shape': 'single'} -> {'direction': 'right', 'distance': 5.0990195135927845, 'dr': -1.0, 'dc': 5.0} (confidence: 0.90, verified: 0.13)
438.8s 494 DEBUG: Human reasoning generated 66 hypotheses
438.8s 495 DEBUG: Task signature: {'input_size': (19, 19), 'output_size': (5, 17), 'size_change': '19x19_to_5x17', 'primary_pattern': 'extraction', 'color_change': False}
438.8s 496 DEBUG: Looking for pattern type 'extraction' in []
438.8s 497 DEBUG: Added 0 extraction patterns
438.8s 498 DEBUG: Found 0 similar patterns
438.8s 499 DEBUG: Memory suggested 0 operations
438.8s 500 DEBUG: Size reduction detected (19, 19) -> (5, 17)
448.9s 501 DEBUG: Found 1 programs, best score: 0.000
460.1s 502 DEBUG: synthesize_enhanced called with expected_shape=(9, 9), test_input=provided
460.1s 503 DEBUG: Enhanced task signature: {'input_shapes': [(3, 3), (3, 3), (3, 3), (3, 3)], 'output_shapes': [(9, 9), (9, 9), (9, 9), (9, 9)], 'consistent_input': True, 'consistent_output': True, 'input_size': (3, 3), 'output_size': (9, 9), 'size_change': '3x3_to_9x9_expansion', 'primary_pattern': 'expansion', 'color_change': True, 'spatial_relationships': {'has_symmetry': False, 'has_translation': False, 'has_scaling': True, 'preserves_topology': True}}
460.1s 504 DEBUG: Passing expected_shape to human reasoning: (9, 9)
460.1s 505 === HUMAN-GRADE ANALYSIS ===
460.1s 506 Object hypothesis: object_copy_0 (verified: 0.000)
460.1s 507 Object hypothesis: object_copy_1 (verified: 0.000)
460.1s 508 Object hypothesis: object_copy_2 (verified: 0.000)
460.1s 509 Object hypothesis: object_copy_3 (verified: 0.000)
460.1s 510 Object hypothesis: object_copy_4 (verified: 0.000)
460.1s 511 Object transformations found: 5
460.1s 512 Key elements identified: 2
460.1s 513 Generated 15 hypotheses
460.1s 514 1. object_copy_0: Object-level copy: {'color': 4, 'shape': 'single', 'size': 1} -> {'copies': 2} (confidence: 0.90, verified: 0.00)
460.1s 515 2. object_copy_1: Object-level copy: {'color': 4, 'shape': 'line', 'size': 2} -> {'copies': 2} (confidence: 0.90, verified: 0.00)
460.1s 516 3. object_copy_2: Object-level copy: {'color': 3, 'shape': 'line', 'size': 9} -> {'copies': 1} (confidence: 0.90, verified: 0.00)
460.1s 517 DEBUG: Human reasoning generated 15 hypotheses
460.1s 518 DEBUG: Task signature: {'input_size': (3, 3), 'output_size': (9, 9), 'size_change': '3x3_to_9x9', 'primary_pattern': 'expansion', 'color_change': False}
460.1s 519 DEBUG: Looking for pattern type 'expansion' in []
460.1s 520 DEBUG: Found 0 similar patterns
460.1s 521 DEBUG: Memory suggested 0 operations
464.0s 522 DEBUG: Found 1 programs, best score: 0.000
480.9s 523 DEBUG: synthesize_enhanced called with expected_shape=(16, 16), test_input=provided
480.9s 524 DEBUG: Enhanced task signature: {'input_shapes': [(16, 16), (16, 16)], 'output_shapes': [(16, 16), (16, 16)], 'consistent_input': True, 'consistent_output': True, 'input_size': (16, 16), 'output_size': (16, 16), 'size_change': None, 'primary_pattern': 'complex_same_size', 'color_change': False, 'spatial_relationships': {'has_symmetry': False, 'has_translation': False, 'has_scaling': False, 'preserves_topology': True}}
480.9s 525 DEBUG: Passing expected_shape to human reasoning: (16, 16)
480.9s 526 === HUMAN-GRADE ANALYSIS ===
480.9s 527 Object hypothesis: object_move_0 (verified: 0.000)
480.9s 528 Object hypothesis: object_move_1 (verified: 0.000)
480.9s 529 Object hypothesis: object_move_2 (verified: 0.000)
480.9s 530 Object hypothesis: object_move_3 (verified: 0.000)
480.9s 531 Object hypothesis: object_move_4 (verified: 0.000)
480.9s 532 Object hypothesis: object_move_5 (verified: 0.000)
480.9s 533 Object hypothesis: object_move_6 (verified: 0.000)
480.9s 534 Object hypothesis: object_copy_7 (verified: 0.000)
480.9s 535 Object hypothesis: object_copy_8 (verified: 0.000)
480.9s 536 Object hypothesis: object_copy_9 (verified: 0.000)
480.9s 537 Object hypothesis: object_copy_10 (verified: 0.000)
480.9s 538 Object hypothesis: object_copy_11 (verified: 0.000)
480.9s 539 Object hypothesis: object_move_12 (verified: 0.000)
480.9s 540 Object hypothesis: object_move_13 (verified: 0.000)
480.9s 541 Object hypothesis: object_move_14 (verified: 0.000)
480.9s 542 Object hypothesis: object_move_15 (verified: 0.000)
480.9s 543 Object hypothesis: object_move_16 (verified: 0.000)
480.9s 544 Object hypothesis: object_move_17 (verified: 0.000)
480.9s 545 Object hypothesis: object_move_18 (verified: 0.000)
480.9s 546 Object hypothesis: object_move_19 (verified: 0.000)
480.9s 547 Object hypothesis: object_move_20 (verified: 0.000)
480.9s 548 Object hypothesis: object_copy_21 (verified: 0.000)
480.9s 549 Object hypothesis: object_copy_22 (verified: 0.000)
480.9s 550 Object hypothesis: object_copy_23 (verified: 0.000)
480.9s 551 Object hypothesis: object_copy_24 (verified: 0.000)
480.9s 552 Object transformations found: 25
480.9s 553 Key elements identified: 2
481.2s 554 Generated 39 hypotheses
481.2s 555 1. object_move_0: Object-level move: {'color': 8, 'shape': 'single'} -> {'direction': 'right', 'distance': 10.0, 'dr': 6.0, 'dc': 8.0} (confidence: 0.90, verified: 0.80)
481.2s 556 2. object_move_1: Object-level move: {'color': 8, 'shape': 'single'} -> {'direction': 'right', 'distance': 10.295630140987, 'dr': 5.0, 'dc': 9.0} (confidence: 0.90, verified: 0.80)
481.2s 557 3. object_move_2: Object-level move: {'color': 7, 'shape': 'single'} -> {'direction': 'down', 'distance': 7.211102550927978, 'dr': 6.0, 'dc': 4.0} (confidence: 0.90, verified: 0.80)
481.2s 558 DEBUG: Human reasoning generated 39 hypotheses
481.2s 559 DEBUG: Added human reasoning program: object_move_0 (score: 0.805)
481.2s 560 DEBUG: Added human reasoning program: object_move_1 (score: 0.805)
481.2s 561 DEBUG: Added human reasoning program: object_move_2 (score: 0.805)
481.2s 562 DEBUG: Added human reasoning program: object_move_3 (score: 0.805)
481.2s 563 DEBUG: Added human reasoning program: object_move_4 (score: 0.805)
481.2s 564 DEBUG: Task signature: {'input_size': (16, 16), 'output_size': (16, 16), 'size_change': None, 'primary_pattern': 'complex_same_size', 'color_change': False}
481.2s 565 DEBUG: Looking for pattern type 'complex_same_size' in []
481.2s 566 DEBUG: Found 0 similar patterns
481.2s 567 DEBUG: Memory suggested 0 operations
485.6s 568 DEBUG: Scoring human reasoning 'object_move_0': 0.805
485.6s 569 DEBUG: Scoring human reasoning 'object_move_1': 0.805
485.6s 570 DEBUG: Scoring human reasoning 'object_move_2': 0.805
485.6s 571 DEBUG: Scoring human reasoning 'object_move_3': 0.805
485.6s 572 DEBUG: Scoring human reasoning 'object_move_4': 0.805
485.6s 573 DEBUG: Scoring human reasoning 'object_move_0': 0.805
485.6s 574 DEBUG: Found 6 programs, best score: 0.805
485.6s 575 DEBUG: Scoring human reasoning 'object_move_0': 0.805
485.6s 576 DEBUG: Scoring human reasoning 'object_move_1': 0.805
485.6s 577 DEBUG: Scoring human reasoning 'object_move_2': 0.805
485.6s 578 DEBUG: Scoring human reasoning 'object_move_3': 0.805
485.6s 579 DEBUG: Scoring human reasoning 'object_move_4': 0.805
492.1s 580 DEBUG: synthesize_enhanced called with expected_shape=(3, 9), test_input=provided
492.1s 581 DEBUG: Enhanced task signature: {'input_shapes': [(3, 9), (3, 9), (3, 9), (3, 9)], 'output_shapes': [(3, 9), (3, 9), (3, 9), (3, 9)], 'consistent_input': True, 'consistent_output': True, 'input_size': (3, 9), 'output_size': (3, 9), 'size_change': None, 'primary_pattern': 'recolor', 'color_change': True, 'spatial_relationships': {'has_symmetry': False, 'has_translation': False, 'has_scaling': False, 'preserves_topology': True}}
492.1s 582 DEBUG: Passing expected_shape to human reasoning: (3, 9)
492.1s 583 === HUMAN-GRADE ANALYSIS ===
492.1s 584 Object hypothesis: object_copy_0 (verified: 0.000)
492.1s 585 Object hypothesis: object_copy_1 (verified: 0.000)
492.1s 586 Object hypothesis: object_copy_2 (verified: 0.000)
492.1s 587 Object hypothesis: object_copy_3 (verified: 0.000)
492.1s 588 Object hypothesis: object_copy_4 (verified: 0.000)
492.1s 589 Object transformations found: 5
492.1s 590 Key elements identified: 0
492.1s 591 Generated 10 hypotheses
492.1s 592 1. object_copy_0: Object-level copy: {'color': 6, 'shape': 'rectangle', 'size': 9} -> {'copies': 1} (confidence: 0.90, verified: 0.00)
492.1s 593 2. object_copy_1: Object-level copy: {'color': 3, 'shape': 'rectangle', 'size': 9} -> {'copies': 1} (confidence: 0.90, verified: 0.00)
492.1s 594 3. object_copy_2: Object-level copy: {'color': 1, 'shape': 'rectangle', 'size': 9} -> {'copies': 1} (confidence: 0.90, verified: 0.00)
492.1s 595 DEBUG: Human reasoning generated 10 hypotheses
492.1s 596 DEBUG: Task signature: {'input_size': (3, 9), 'output_size': (3, 9), 'size_change': None, 'primary_pattern': 'recolor', 'color_change': True}
492.1s 597 DEBUG: Looking for pattern type 'recolor' in []
492.1s 598 DEBUG: Found 0 similar patterns
492.1s 599 DEBUG: Memory suggested 0 operations
493.9s 600 DEBUG: Found 1 programs, best score: 0.000
510.8s 601 DEBUG: synthesize_enhanced called with expected_shape=(5, 6), test_input=provided
510.8s 602 DEBUG: Enhanced task signature: {'input_shapes': [(5, 13), (5, 13), (5, 13), (5, 13)], 'output_shapes': [(5, 6), (5, 6), (5, 6), (5, 6)], 'consistent_input': True, 'consistent_output': True, 'input_size': (5, 13), 'output_size': (5, 6), 'size_change': '5x13_to_5x6_extraction', 'primary_pattern': 'extraction', 'color_change': True, 'spatial_relationships': {'has_symmetry': False, 'has_translation': False, 'has_scaling': True, 'preserves_topology': True}}
510.8s 603 DEBUG: Passing expected_shape to human reasoning: (5, 6)
510.8s 604 === HUMAN-GRADE ANALYSIS ===
510.8s 605 Object hypothesis: object_extract_region_0 (verified: 0.000)
510.8s 606 Object transformations found: 1
510.8s 607 Key elements identified: 0
510.8s 608 Generated 15 hypotheses
510.8s 609 1. object_extract_region_0: Object-level extract_region: {'pattern': 'size_reduction'} -> {'source_region': (0, 7, 4, 12), 'target_shape': (5, 6), 'extraction_method': 'pattern_match'} (confidence: 0.90, verified: 0.28)
510.8s 610 2. relation_translation_0_3: Translate grid using derived relational vector (confidence: 0.75, verified: 0.17)
510.8s 611 3. relation_translation_-1_0: Translate grid using derived relational vector (confidence: 0.75, verified: 0.16)
510.8s 612 DEBUG: Human reasoning generated 15 hypotheses
510.8s 613 DEBUG: Task signature: {'input_size': (5, 13), 'output_size': (5, 6), 'size_change': '5x13_to_5x6', 'primary_pattern': 'extraction', 'color_change': False}
510.8s 614 DEBUG: Looking for pattern type 'extraction' in []
510.8s 615 DEBUG: Added 0 extraction patterns
510.8s 616 DEBUG: Found 0 similar patterns
510.8s 617 DEBUG: Memory suggested 0 operations
510.8s 618 DEBUG: Size reduction detected (5, 13) -> (5, 6)
512.8s 619 DEBUG: Found 1 programs, best score: 0.000
518.4s 620 DEBUG: synthesize_enhanced called with expected_shape=(7, 7), test_input=provided
518.4s 621 DEBUG: Enhanced task signature: {'input_shapes': [(17, 19), (23, 23), (17, 16)], 'output_shapes': [(7, 7), (7, 7), (7, 7)], 'consistent_input': False, 'consistent_output': True, 'input_size': (23, 23), 'output_size': (7, 7), 'size_change': '23x23_to_7x7_extraction', 'primary_pattern': 'extraction', 'color_change': False, 'spatial_relationships': {'has_symmetry': False, 'has_translation': False, 'has_scaling': True, 'preserves_topology': True}}
518.4s 622 DEBUG: Passing expected_shape to human reasoning: (7, 7)
518.4s 623 === HUMAN-GRADE ANALYSIS ===
518.4s 624 Object hypothesis: object_move_0 (verified: 0.000)
518.4s 625 Object transformations found: 1
518.4s 626 Key elements identified: 400
518.4s 627 Generated 412 hypotheses
518.4s 628 1. object_move_0: Object-level move: {'color': 2, 'shape': 'single'} -> {'direction': 'up', 'distance': 6.708203932499369, 'dr': -6.0, 'dc': -3.0} (confidence: 0.90, verified: 0.00)
518.4s 629 2. relation_translation_-5_-6: Translate grid using derived relational vector (confidence: 0.75, verified: 0.61)
518.4s 630 3. relation_translation_-5_-7: Translate grid using derived relational vector (confidence: 0.75, verified: 0.59)
518.4s 631 DEBUG: Human reasoning generated 412 hypotheses
518.4s 632 DEBUG: Added human reasoning program: relation_translation_-5_-6 (score: 0.612)
518.4s 633 DEBUG: Added human reasoning program: relation_translation_-5_-7 (score: 0.585)
518.4s 634 DEBUG: Added human reasoning program: relation_translation_-2_1 (score: 0.565)
518.4s 635 DEBUG: Added human reasoning program: relation_translation_-2_-4 (score: 0.565)
518.4s 636 DEBUG: Task signature: {'input_size': (17, 19), 'output_size': (7, 7), 'size_change': '17x19_to_7x7', 'primary_pattern': 'extraction', 'color_change': False}
518.4s 637 DEBUG: Looking for pattern type 'extraction' in []
518.4s 638 DEBUG: Added 0 extraction patterns
518.4s 639 DEBUG: Found 0 similar patterns
518.4s 640 DEBUG: Memory suggested 0 operations
518.4s 641 DEBUG: Size reduction detected (17, 19) -> (7, 7)
528.8s 642 DEBUG: Scoring human reasoning 'relation_translation_-5_-6': 0.612
528.8s 643 DEBUG: Scoring human reasoning 'relation_translation_-5_-7': 0.585
528.8s 644 DEBUG: Scoring human reasoning 'relation_translation_-2_1': 0.565
528.8s 645 DEBUG: Scoring human reasoning 'relation_translation_-2_-4': 0.565
528.8s 646 DEBUG: Scoring human reasoning 'relation_translation_-5_-6': 0.612
528.8s 647 DEBUG: Found 5 programs, best score: 0.612
528.8s 648 DEBUG: Scoring human reasoning 'relation_translation_-5_-6': 0.612
528.8s 649 DEBUG: Scoring human reasoning 'relation_translation_-5_-7': 0.585
528.8s 650 DEBUG: Scoring human reasoning 'relation_translation_-2_1': 0.565
528.8s 651 DEBUG: Scoring human reasoning 'relation_translation_-2_-4': 0.565
555.5s 652 DEBUG: synthesize_enhanced called with expected_shape=(2, 2), test_input=provided
555.5s 653 DEBUG: Enhanced task signature: {'input_shapes': [(16, 15), (13, 15), (14, 16)], 'output_shapes': [(2, 2), (2, 2), (2, 2)], 'consistent_input': False, 'consistent_output': True, 'input_size': (16, 15), 'output_size': (2, 2), 'size_change': '16x15_to_2x2_extraction', 'primary_pattern': 'extraction', 'color_change': True, 'spatial_relationships': {'has_symmetry': False, 'has_translation': False, 'has_scaling': True, 'preserves_topology': True}}
555.5s 654 DEBUG: Passing expected_shape to human reasoning: (2, 2)
555.5s 655 === HUMAN-GRADE ANALYSIS ===
555.5s 656 Object hypothesis: object_copy_0 (verified: 0.000)
555.5s 657 Object hypothesis: object_copy_1 (verified: 0.000)
555.5s 658 Object transformations found: 2
555.5s 659 Found target placeholder in example 0: (2, 2) filled with 1
555.5s 660 Found target placeholder in example 0: (2, 2) filled with 2
555.5s 661 Found target placeholder in example 0: (2, 2) filled with 3
555.5s 662 Found target placeholder in example 1: (2, 2) filled with 2
555.5s 663 Found target placeholder in example 1: (2, 2) filled with 3
555.5s 664 Found target placeholder in example 2: (2, 2) filled with 3
555.5s 665 Found target placeholder in example 2: (2, 2) filled with 4
555.5s 666 Found target placeholder in example 2: (2, 2) filled with 5
555.5s 667 Key elements identified: 2066
555.5s 668 Detected 1 placeholder templates
555.5s 669 Placeholder template hypothesis 0: shape=(2, 2), color=3
555.5s 670 DEBUG: Target shapes from training: {(2, 2)}
555.5s 671 DEBUG: Generating hypotheses for (2, 2) placeholder
555.5s 672 DEBUG: Generating hypotheses for (2, 2) placeholder
555.5s 673 DEBUG: Generating hypotheses for (2, 2) placeholder
555.5s 674 DEBUG: Generating hypotheses for (2, 2) placeholder
555.5s 675 DEBUG: Generating hypotheses for (2, 2) placeholder
555.5s 676 DEBUG: Generating hypotheses for (2, 2) placeholder
555.5s 677 DEBUG: Generating hypotheses for (2, 2) placeholder
555.5s 678 DEBUG: Generating hypotheses for (2, 2) placeholder
555.8s 679 Generated 2085 hypotheses
555.8s 680 1. placeholder_template_0: Apply learned placeholder fill pattern (confidence: 0.95, verified: 0.00)
555.8s 681 2. object_copy_0: Object-level copy: {'color': 3, 'shape': 'single', 'size': 1} -> {'copies': 1} (confidence: 0.90, verified: 0.00)
555.8s 682 3. object_copy_1: Object-level copy: {'color': 2, 'shape': 'single', 'size': 1} -> {'copies': 1} (confidence: 0.90, verified: 0.00)
555.8s 683 DEBUG: Human reasoning generated 2085 hypotheses
555.8s 684 DEBUG: Task signature: {'input_size': (16, 15), 'output_size': (2, 2), 'size_change': '16x15_to_2x2', 'primary_pattern': 'extraction', 'color_change': False}
555.8s 685 DEBUG: Looking for pattern type 'extraction' in []
555.8s 686 DEBUG: Added 0 extraction patterns
555.8s 687 DEBUG: Found 0 similar patterns
555.8s 688 DEBUG: Memory suggested 0 operations
555.8s 689 DEBUG: Size reduction detected (16, 15) -> (2, 2)
559.4s 690 DEBUG: No programs found
565.5s 691 DEBUG: synthesize_enhanced called with expected_shape=None, test_input=provided
565.5s 692 DEBUG: Both inconsistent, chose: input=(18, 19), output=(18, 19)
565.5s 693 DEBUG: Enhanced task signature: {'input_shapes': [(15, 14), (18, 19), (15, 16)], 'output_shapes': [(15, 14), (18, 19), (15, 16)], 'consistent_input': False, 'consistent_output': False, 'input_size': (18, 19), 'output_size': (18, 19), 'size_change': None, 'primary_pattern': 'complex_same_size', 'color_change': True, 'spatial_relationships': {'has_symmetry': False, 'has_translation': True, 'has_scaling': False, 'preserves_topology': True}}
565.5s 694 DEBUG: Detected dynamic target shape from test input: (19, 26)
565.5s 695 DEBUG: Passing expected_shape to human reasoning: (19, 26)
565.5s 696 === HUMAN-GRADE ANALYSIS ===
565.5s 697 Object transformations found: 0
565.5s 698 Key elements identified: 3
565.5s 699 Generated 14 hypotheses
565.5s 700 1. relation_translation_0_-1: Translate grid using derived relational vector (confidence: 0.75, verified: 0.94)
565.5s 701 2. relation_translation_-3_-13: Translate grid using derived relational vector (confidence: 0.75, verified: 0.83)
565.5s 702 3. relation_translation_5_10: Translate grid using derived relational vector (confidence: 0.75, verified: 0.82)
565.5s 703 DEBUG: Human reasoning generated 14 hypotheses
565.5s 704 DEBUG: Added human reasoning program: relation_translation_0_-1 (score: 0.938)
565.5s 705 DEBUG: Added human reasoning program: relation_translation_-3_-13 (score: 0.833)
565.5s 706 DEBUG: Added human reasoning program: relation_translation_5_10 (score: 0.819)
565.5s 707 DEBUG: Added human reasoning program: relation_translation_-10_-4 (score: 0.800)
565.5s 708 DEBUG: Added human reasoning program: relation_translation_5_-4 (score: 0.790)
565.5s 709 DEBUG: Task signature: {'input_size': (15, 14), 'output_size': (15, 14), 'size_change': None, 'primary_pattern': 'recolor', 'color_change': True}
565.5s 710 DEBUG: Looking for pattern type 'recolor' in []
565.5s 711 DEBUG: Found 0 similar patterns
565.5s 712 DEBUG: Memory suggested 0 operations
570.6s 713 DEBUG: Scoring human reasoning 'relation_translation_0_-1': 0.938
570.6s 714 DEBUG: Scoring human reasoning 'relation_translation_-3_-13': 0.833
570.6s 715 DEBUG: Scoring human reasoning 'relation_translation_5_10': 0.819
570.6s 716 DEBUG: Scoring human reasoning 'relation_translation_-10_-4': 0.800
570.6s 717 DEBUG: Scoring human reasoning 'relation_translation_5_-4': 0.790
570.6s 718 DEBUG: Found 6 programs, best score: 0.000
570.6s 719 DEBUG: Scoring human reasoning 'relation_translation_0_-1': 0.938
570.6s 720 DEBUG: Scoring human reasoning 'relation_translation_-3_-13': 0.833
570.6s 721 DEBUG: Scoring human reasoning 'relation_translation_-10_-4': 0.800
570.6s 722 DEBUG: Scoring human reasoning 'relation_translation_5_10': 0.819
570.6s 723 DEBUG: Scoring human reasoning 'relation_translation_5_-4': 0.790
627.4s 724 DEBUG: synthesize_enhanced called with expected_shape=(1, 1), test_input=provided
627.4s 725 DEBUG: Enhanced task signature: {'input_shapes': [(11, 12), (9, 11), (11, 11), (3, 3), (8, 12)], 'output_shapes': [(1, 1), (1, 1), (1, 1), (1, 1), (1, 1)], 'consistent_input': False, 'consistent_output': True, 'input_size': (11, 12), 'output_size': (1, 1), 'size_change': '11x12_to_1x1_extraction', 'primary_pattern': 'extraction', 'color_change': True, 'spatial_relationships': {'has_symmetry': False, 'has_translation': False, 'has_scaling': True, 'preserves_topology': True}}
627.4s 726 DEBUG: Passing expected_shape to human reasoning: (1, 1)
627.4s 727 === HUMAN-GRADE ANALYSIS ===
627.4s 728 Object transformations found: 0
627.4s 729 Key elements identified: 2
627.4s 730 Generated 6 hypotheses
627.4s 731 1. relation_translation_-1_-1: Translate grid using derived relational vector (confidence: 0.75, verified: 0.20)
627.4s 732 2. relation_translation_0_-1: Translate grid using derived relational vector (confidence: 0.75, verified: 0.00)
627.4s 733 3. relation_translation_1_1: Translate grid using derived relational vector (confidence: 0.75, verified: 0.00)
627.4s 734 DEBUG: Human reasoning generated 6 hypotheses
627.4s 735 DEBUG: Task signature: {'input_size': (11, 12), 'output_size': (1, 1), 'size_change': '11x12_to_1x1', 'primary_pattern': 'extraction', 'color_change': False}
627.4s 736 DEBUG: Looking for pattern type 'extraction' in []
627.4s 737 DEBUG: Added 0 extraction patterns
627.4s 738 DEBUG: Found 0 similar patterns
627.4s 739 DEBUG: Memory suggested 0 operations
627.4s 740 DEBUG: Size reduction detected (11, 12) -> (1, 1)
628.9s 741 DEBUG: No programs found
650.9s 742 DEBUG: synthesize_enhanced called with expected_shape=None, test_input=provided
650.9s 743 DEBUG: Both inconsistent, chose: input=(21, 23), output=(8, 10)
650.9s 744 DEBUG: Enhanced task signature: {'input_shapes': [(21, 23), (19, 13), (22, 21)], 'output_shapes': [(8, 10), (6, 7), (4, 5)], 'consistent_input': False, 'consistent_output': False, 'input_size': (21, 23), 'output_size': (8, 10), 'size_change': '21x23_to_8x10_extraction', 'primary_pattern': 'extraction', 'color_change': True, 'spatial_relationships': {'has_symmetry': False, 'has_translation': False, 'has_scaling': True, 'preserves_topology': True}}
650.9s 745 DEBUG: Found 8-filled placeholder regions: [(1, 1), (1, 2), (1, 8), (7, 1), (6, 1), (1, 7)], chose: (1, 8)
650.9s 746 DEBUG: Detected dynamic target shape from test input: (1, 8)
650.9s 747 DEBUG: Passing expected_shape to human reasoning: (1, 8)
650.9s 748 === HUMAN-GRADE ANALYSIS ===
650.9s 749 Object hypothesis: object_move_0 (verified: 0.000)
650.9s 750 Object hypothesis: object_move_1 (verified: 0.000)
650.9s 751 Object hypothesis: object_move_2 (verified: 0.000)
650.9s 752 Object hypothesis: object_move_3 (verified: 0.000)
650.9s 753 Object transformations found: 4
650.9s 754 Key elements identified: 0
651.3s 755 Generated 18 hypotheses
651.3s 756 1. object_move_0: Object-level move: {'color': 7, 'shape': 'single'} -> {'direction': 'right', 'distance': 5.385164807134504, 'dr': -2.0, 'dc': 5.0} (confidence: 0.90, verified: 0.00)
651.3s 757 2. object_move_1: Object-level move: {'color': 4, 'shape': 'single'} -> {'direction': 'up', 'distance': 3.1622776601683795, 'dr': -3.0, 'dc': 1.0} (confidence: 0.90, verified: 0.00)
651.3s 758 3. object_move_2: Object-level move: {'color': 6, 'shape': 'single'} -> {'direction': 'left', 'distance': 19.4164878389476, 'dr': -11.0, 'dc': -16.0} (confidence: 0.90, verified: 0.00)
651.3s 759 DEBUG: Human reasoning generated 18 hypotheses
651.3s 760 DEBUG: Added human reasoning program: relation_translation_5_2 (score: 0.600)
651.3s 761 DEBUG: Task signature: {'input_size': (21, 23), 'output_size': (8, 10), 'size_change': '21x23_to_8x10', 'primary_pattern': 'extraction', 'color_change': False}
651.3s 762 DEBUG: Looking for pattern type 'extraction' in []
651.3s 763 DEBUG: Added 0 extraction patterns
651.3s 764 DEBUG: Found 0 similar patterns
651.3s 765 DEBUG: Memory suggested 0 operations
651.3s 766 DEBUG: Size reduction detected (21, 23) -> (8, 10)
658.0s 767 DEBUG: Scoring human reasoning 'relation_translation_5_2': 0.600
658.0s 768 DEBUG: Found 1 programs, best score: 0.600
658.0s 769 DEBUG: Scoring human reasoning 'relation_translation_5_2': 0.600
674.7s 770 DEBUG: synthesize_enhanced called with expected_shape=(5, 3), test_input=provided
674.7s 771 DEBUG: Enhanced task signature: {'input_shapes': [(5, 7), (5, 7), (5, 7), (5, 7), (5, 7)], 'output_shapes': [(5, 3), (5, 3), (5, 3), (5, 3), (5, 3)], 'consistent_input': True, 'consistent_output': True, 'input_size': (5, 7), 'output_size': (5, 3), 'size_change': '5x7_to_5x3_extraction', 'primary_pattern': 'extraction', 'color_change': True, 'spatial_relationships': {'has_symmetry': False, 'has_translation': False, 'has_scaling': True, 'preserves_topology': True}}
674.7s 772 DEBUG: Passing expected_shape to human reasoning: (5, 3)
674.7s 773 === HUMAN-GRADE ANALYSIS ===
674.7s 774 Object hypothesis: object_copy_0 (verified: 0.000)
674.7s 775 Object hypothesis: object_extract_region_1 (verified: 0.000)
674.7s 776 Object transformations found: 2
674.7s 777 Key elements identified: 0
674.7s 778 Generated 15 hypotheses
674.7s 779 1. object_copy_0: Object-level copy: {'color': 8, 'shape': 'line', 'size': 2} -> {'copies': 1} (confidence: 0.90, verified: 0.25)
674.7s 780 2. object_extract_region_1: Object-level extract_region: {'pattern': 'size_reduction'} -> {'source_region': (0, 0, 4, 2), 'target_shape': (5, 3), 'extraction_method': 'pattern_match'} (confidence: 0.90, verified: 0.25)
674.7s 781 3. relation_translation_1_0: Translate grid using derived relational vector (confidence: 0.75, verified: 0.40)
674.7s 782 DEBUG: Human reasoning generated 15 hypotheses
674.7s 783 DEBUG: Task signature: {'input_size': (5, 7), 'output_size': (5, 3), 'size_change': '5x7_to_5x3', 'primary_pattern': 'extraction', 'color_change': False}
674.7s 784 DEBUG: Looking for pattern type 'extraction' in []
674.7s 785 DEBUG: Added 0 extraction patterns
674.7s 786 DEBUG: Found 0 similar patterns
674.7s 787 DEBUG: Memory suggested 0 operations
674.7s 788 DEBUG: Size reduction detected (5, 7) -> (5, 3)
676.7s 789 DEBUG: Found 1 programs, best score: 0.000
683.0s 790 DEBUG: synthesize_enhanced called with expected_shape=None, test_input=provided
683.0s 791 DEBUG: Both inconsistent, chose: input=(27, 15), output=(23, 11)
683.0s 792 DEBUG: Enhanced task signature: {'input_shapes': [(27, 15), (17, 19)], 'output_shapes': [(23, 11), (11, 11)], 'consistent_input': False, 'consistent_output': False, 'input_size': (27, 15), 'output_size': (23, 11), 'size_change': '27x15_to_23x11_extraction', 'primary_pattern': 'extraction', 'color_change': True, 'spatial_relationships': {'has_symmetry': False, 'has_translation': False, 'has_scaling': True, 'preserves_topology': True}}
683.0s 793 DEBUG: Found 8-filled placeholder regions: [(1, 7), (4, 1), (2, 3), (1, 6), (2, 1)], chose: (1, 7)
683.0s 794 DEBUG: Detected dynamic target shape from test input: (1, 7)
683.0s 795 DEBUG: Passing expected_shape to human reasoning: (1, 7)
683.0s 796 === HUMAN-GRADE ANALYSIS ===
683.0s 797 Object hypothesis: object_copy_0 (verified: 0.000)
683.0s 798 Object hypothesis: object_copy_1 (verified: 0.000)
683.0s 799 Object hypothesis: object_copy_2 (verified: 0.000)
683.0s 800 Object hypothesis: object_copy_3 (verified: 0.000)
683.0s 801 Object hypothesis: object_copy_4 (verified: 0.000)
683.0s 802 Object hypothesis: object_extract_region_5 (verified: 0.000)
683.0s 803 Object hypothesis: object_copy_6 (verified: 0.000)
683.0s 804 Object hypothesis: object_copy_7 (verified: 0.000)
683.0s 805 Object hypothesis: object_copy_8 (verified: 0.000)
683.0s 806 Object hypothesis: object_copy_9 (verified: 0.000)
683.0s 807 Object hypothesis: object_copy_10 (verified: 0.000)
683.0s 808 Object hypothesis: object_extract_region_11 (verified: 0.000)
683.0s 809 Object transformations found: 12
683.0s 810 Key elements identified: 1
683.0s 811 Generated 26 hypotheses
683.0s 812 1. object_copy_0: Object-level copy: {'color': 3, 'shape': 'irregular', 'size': 30} -> {'copies': 2} (confidence: 0.90, verified: 0.26)
683.0s 813 2. object_copy_1: Object-level copy: {'color': 2, 'shape': 'irregular', 'size': 78} -> {'copies': 1} (confidence: 0.90, verified: 0.26)
683.0s 814 3. object_copy_2: Object-level copy: {'color': 1, 'shape': 'irregular', 'size': 30} -> {'copies': 2} (confidence: 0.90, verified: 0.26)
683.0s 815 DEBUG: Human reasoning generated 26 hypotheses
683.0s 816 DEBUG: Task signature: {'input_size': (27, 15), 'output_size': (23, 11), 'size_change': '27x15_to_23x11', 'primary_pattern': 'extraction', 'color_change': False}
683.0s 817 DEBUG: Looking for pattern type 'extraction' in []
683.0s 818 DEBUG: Added 0 extraction patterns
683.0s 819 DEBUG: Found 0 similar patterns
683.0s 820 DEBUG: Memory suggested 0 operations
683.0s 821 DEBUG: Size reduction detected (27, 15) -> (23, 11)
692.4s 822 DEBUG: No programs found
736.9s 823 DEBUG: synthesize_enhanced called with expected_shape=None, test_input=provided
736.9s 824 DEBUG: Both inconsistent, chose: input=(27, 15), output=(23, 11)
736.9s 825 DEBUG: Enhanced task signature: {'input_shapes': [(27, 15), (17, 19)], 'output_shapes': [(23, 11), (11, 11)], 'consistent_input': False, 'consistent_output': False, 'input_size': (27, 15), 'output_size': (23, 11), 'size_change': '27x15_to_23x11_extraction', 'primary_pattern': 'extraction', 'color_change': True, 'spatial_relationships': {'has_symmetry': False, 'has_translation': False, 'has_scaling': True, 'preserves_topology': True}}
736.9s 826 DEBUG: Found 8-filled placeholder regions: [(1, 1)], chose: (1, 1)
736.9s 827 DEBUG: Detected dynamic target shape from test input: (1, 1)
736.9s 828 DEBUG: Passing expected_shape to human reasoning: (1, 1)
736.9s 829 === HUMAN-GRADE ANALYSIS ===
736.9s 830 Object hypothesis: object_copy_0 (verified: 0.000)
736.9s 831 Object hypothesis: object_copy_1 (verified: 0.000)
736.9s 832 Object hypothesis: object_copy_2 (verified: 0.000)
736.9s 833 Object hypothesis: object_copy_3 (verified: 0.000)
736.9s 834 Object hypothesis: object_copy_4 (verified: 0.000)
736.9s 835 Object hypothesis: object_extract_region_5 (verified: 0.000)
736.9s 836 Object hypothesis: object_copy_6 (verified: 0.000)
736.9s 837 Object hypothesis: object_copy_7 (verified: 0.000)
736.9s 838 Object hypothesis: object_copy_8 (verified: 0.000)
736.9s 839 Object hypothesis: object_copy_9 (verified: 0.000)
736.9s 840 Object hypothesis: object_copy_10 (verified: 0.000)
736.9s 841 Object hypothesis: object_extract_region_11 (verified: 0.000)
736.9s 842 Object transformations found: 12
736.9s 843 Key elements identified: 1
736.9s 844 Generated 26 hypotheses
736.9s 845 1. object_copy_0: Object-level copy: {'color': 3, 'shape': 'irregular', 'size': 30} -> {'copies': 2} (confidence: 0.90, verified: 0.26)
736.9s 846 2. object_copy_1: Object-level copy: {'color': 2, 'shape': 'irregular', 'size': 78} -> {'copies': 1} (confidence: 0.90, verified: 0.26)
736.9s 847 3. object_copy_2: Object-level copy: {'color': 1, 'shape': 'irregular', 'size': 30} -> {'copies': 2} (confidence: 0.90, verified: 0.26)
736.9s 848 DEBUG: Human reasoning generated 26 hypotheses
736.9s 849 DEBUG: Task signature: {'input_size': (27, 15), 'output_size': (23, 11), 'size_change': '27x15_to_23x11', 'primary_pattern': 'extraction', 'color_change': False}
736.9s 850 DEBUG: Looking for pattern type 'extraction' in []
736.9s 851 DEBUG: Added 0 extraction patterns
736.9s 852 DEBUG: Found 0 similar patterns
736.9s 853 DEBUG: Memory suggested 0 operations
736.9s 854 DEBUG: Size reduction detected (27, 15) -> (23, 11)
739.4s 855 DEBUG: No programs found
742.6s 856 DEBUG: synthesize_enhanced called with expected_shape=None, test_input=provided
742.6s 857 DEBUG: Both inconsistent, chose: input=(15, 15), output=(15, 15)
742.6s 858 DEBUG: Enhanced task signature: {'input_shapes': [(15, 15), (15, 14), (15, 15), (13, 14)], 'output_shapes': [(15, 15), (15, 14), (15, 15), (13, 14)], 'consistent_input': False, 'consistent_output': False, 'input_size': (15, 15), 'output_size': (15, 15), 'size_change': None, 'primary_pattern': 'complex_same_size', 'color_change': False, 'spatial_relationships': {'has_symmetry': False, 'has_translation': True, 'has_scaling': False, 'preserves_topology': True}}
742.6s 859 DEBUG: Detected dynamic target shape from test input: (15, 15)
742.6s 860 DEBUG: Passing expected_shape to human reasoning: (15, 15)
742.6s 861 === HUMAN-GRADE ANALYSIS ===
742.6s 862 Object transformations found: 0
742.6s 863 Key elements identified: 2
742.6s 864 Generated 8 hypotheses
742.6s 865 1. relation_translation_0_-1: Translate grid using derived relational vector (confidence: 0.75, verified: 0.84)
742.6s 866 2. relation_translation_0_1: Translate grid using derived relational vector (confidence: 0.75, verified: 0.82)
742.6s 867 3. relation_translation_5_0: Translate grid using derived relational vector (confidence: 0.75, verified: 0.76)
742.6s 868 DEBUG: Human reasoning generated 8 hypotheses
742.6s 869 DEBUG: Added human reasoning program: relation_translation_0_-1 (score: 0.836)
742.6s 870 DEBUG: Added human reasoning program: relation_translation_0_1 (score: 0.822)
742.6s 871 DEBUG: Added human reasoning program: relation_translation_5_0 (score: 0.764)
742.6s 872 DEBUG: Added human reasoning program: relation_translation_-4_0 (score: 0.764)
742.6s 873 DEBUG: Added human reasoning program: relation_translation_4_0 (score: 0.762)
742.6s 874 DEBUG: Task signature: {'input_size': (15, 15), 'output_size': (15, 15), 'size_change': None, 'primary_pattern': 'complex_same_size', 'color_change': False}
742.6s 875 DEBUG: Looking for pattern type 'complex_same_size' in []
742.6s 876 DEBUG: Found 0 similar patterns
742.6s 877 DEBUG: Memory suggested 0 operations
747.5s 878 DEBUG: Scoring human reasoning 'relation_translation_0_-1': 0.836
747.5s 879 DEBUG: Scoring human reasoning 'relation_translation_0_1': 0.822
747.5s 880 DEBUG: Scoring human reasoning 'relation_translation_5_0': 0.764
747.5s 881 DEBUG: Scoring human reasoning 'relation_translation_-4_0': 0.764
747.5s 882 DEBUG: Scoring human reasoning 'relation_translation_4_0': 0.762
747.5s 883 DEBUG: Anchor sweep improved score from 0.880 to 0.902
747.5s 884 DEBUG: Found 6 programs, best score: 0.000
747.5s 885 DEBUG: Scoring human reasoning 'relation_translation_0_-1': 0.836
747.5s 886 DEBUG: Scoring human reasoning 'relation_translation_4_0': 0.762
747.5s 887 DEBUG: Scoring human reasoning 'relation_translation_0_1': 0.822
747.5s 888 DEBUG: Scoring human reasoning 'relation_translation_5_0': 0.764
747.5s 889 DEBUG: Scoring human reasoning 'relation_translation_-4_0': 0.764
811.9s 890 DEBUG: synthesize_enhanced called with expected_shape=None, test_input=provided
811.9s 891 DEBUG: Both inconsistent, chose: input=(23, 21), output=(8, 10)
811.9s 892 DEBUG: Enhanced task signature: {'input_shapes': [(13, 16), (23, 21), (17, 18)], 'output_shapes': [(5, 3), (6, 8), (8, 10)], 'consistent_input': False, 'consistent_output': False, 'input_size': (23, 21), 'output_size': (8, 10), 'size_change': '23x21_to_8x10_extraction', 'primary_pattern': 'extraction', 'color_change': True, 'spatial_relationships': {'has_symmetry': False, 'has_translation': False, 'has_scaling': True, 'preserves_topology': True}}
811.9s 893 DEBUG: Found 8-filled placeholder regions: [(3, 1), (1, 1), (2, 1), (1, 2), (4, 1), (2, 2), (1, 5), (1, 3)], chose: (1, 5)
811.9s 894 DEBUG: Detected dynamic target shape from test input: (1, 5)
811.9s 895 DEBUG: Passing expected_shape to human reasoning: (1, 5)
811.9s 896 === HUMAN-GRADE ANALYSIS ===
811.9s 897 Object hypothesis: object_move_0 (verified: 0.000)
811.9s 898 Object hypothesis: object_move_1 (verified: 0.000)
811.9s 899 Object hypothesis: object_move_2 (verified: 0.000)
811.9s 900 Object hypothesis: object_move_3 (verified: 0.000)
811.9s 901 Object transformations found: 4
811.9s 902 Key elements identified: 0
812.5s 903 Generated 18 hypotheses
812.5s 904 1. object_move_0: Object-level move: {'color': 3, 'shape': 'single'} -> {'direction': 'left', 'distance': 9.219544457292887, 'dr': 2.0, 'dc': -9.0} (confidence: 0.90, verified: 0.00)
812.5s 905 2. object_move_1: Object-level move: {'color': 3, 'shape': 'single'} -> {'direction': 'up', 'distance': 7.615773105863909, 'dr': -7.0, 'dc': -3.0} (confidence: 0.90, verified: 0.00)
812.5s 906 3. object_move_2: Object-level move: {'color': 3, 'shape': 'line'} -> {'direction': 'left', 'distance': 5.0, 'dr': -3.0, 'dc': -4.0} (confidence: 0.90, verified: 0.00)
812.5s 907 DEBUG: Human reasoning generated 18 hypotheses
812.5s 908 DEBUG: Added human reasoning program: relation_translation_1_-2 (score: 0.533)
812.5s 909 DEBUG: Task signature: {'input_size': (13, 16), 'output_size': (5, 3), 'size_change': '13x16_to_5x3', 'primary_pattern': 'extraction', 'color_change': False}
812.5s 910 DEBUG: Looking for pattern type 'extraction' in []
812.5s 911 DEBUG: Added 0 extraction patterns
812.5s 912 DEBUG: Found 0 similar patterns
812.5s 913 DEBUG: Memory suggested 0 operations
812.5s 914 DEBUG: Size reduction detected (13, 16) -> (5, 3)
821.6s 915 DEBUG: Scoring human reasoning 'relation_translation_1_-2': 0.533
821.6s 916 DEBUG: Found 1 programs, best score: 0.533
821.6s 917 DEBUG: Scoring human reasoning 'relation_translation_1_-2': 0.533
843.1s 918 DEBUG: synthesize_enhanced called with expected_shape=None, test_input=provided
843.1s 919 DEBUG: Both inconsistent, chose: input=(12, 12), output=(4, 4)
843.1s 920 DEBUG: Enhanced task signature: {'input_shapes': [(11, 12), (10, 12), (12, 12)], 'output_shapes': [(5, 3), (4, 4), (3, 5)], 'consistent_input': False, 'consistent_output': False, 'input_size': (12, 12), 'output_size': (4, 4), 'size_change': '12x12_to_4x4_extraction', 'primary_pattern': 'extraction', 'color_change': False, 'spatial_relationships': {'has_symmetry': False, 'has_translation': False, 'has_scaling': True, 'preserves_topology': True}}
843.1s 921 DEBUG: Dynamic detection failed, using representative: (4, 4)
843.1s 922 DEBUG: Passing expected_shape to human reasoning: (4, 4)
843.1s 923 === HUMAN-GRADE ANALYSIS ===
843.1s 924 Object transformations found: 0
843.1s 925 Key elements identified: 58
843.1s 926 Generated 63 hypotheses
843.1s 927 1. relation_translation_-1_-2: Translate grid using derived relational vector (confidence: 0.75, verified: 1.00)
843.1s 928 2. relation_translation_-3_-3: Translate grid using derived relational vector (confidence: 0.75, verified: 0.73)
843.1s 929 3. relation_translation_-2_-3: Translate grid using derived relational vector (confidence: 0.75, verified: 0.67)
843.1s 930 DEBUG: Human reasoning generated 63 hypotheses
843.1s 931 DEBUG: Added human reasoning program: relation_translation_-1_-2 (score: 1.000)
843.1s 932 DEBUG: Added human reasoning program: relation_translation_-3_-3 (score: 0.733)
843.1s 933 DEBUG: Added human reasoning program: relation_translation_-2_-3 (score: 0.667)
843.1s 934 DEBUG: Task signature: {'input_size': (11, 12), 'output_size': (5, 3), 'size_change': '11x12_to_5x3', 'primary_pattern': 'extraction', 'color_change': False}
843.1s 935 DEBUG: Looking for pattern type 'extraction' in []
843.1s 936 DEBUG: Added 0 extraction patterns
843.1s 937 DEBUG: Found 0 similar patterns
843.1s 938 DEBUG: Memory suggested 0 operations
843.1s 939 DEBUG: Size reduction detected (11, 12) -> (5, 3)
844.8s 940 DEBUG: Scoring human reasoning 'relation_translation_-1_-2': 1.000
844.8s 941 DEBUG: Scoring human reasoning 'relation_translation_-3_-3': 0.733
844.8s 942 DEBUG: Scoring human reasoning 'relation_translation_-2_-3': 0.667
844.8s 943 DEBUG: Found 2 programs, best score: 1.000
844.8s 944 DEBUG: Scoring human reasoning 'relation_translation_-1_-2': 1.000
887.3s 945 DEBUG: synthesize_enhanced called with expected_shape=None, test_input=provided
887.3s 946 DEBUG: Inconsistent outputs, chose representative: (5, 3)
887.3s 947 DEBUG: Enhanced task signature: {'input_shapes': [(30, 30), (30, 30)], 'output_shapes': [(3, 3), (5, 3)], 'consistent_input': True, 'consistent_output': False, 'input_size': (30, 30), 'output_size': (5, 3), 'size_change': '30x30_to_5x3_extraction', 'primary_pattern': 'extraction', 'color_change': True, 'spatial_relationships': {'has_symmetry': False, 'has_translation': False, 'has_scaling': True, 'preserves_topology': True}}
887.3s 948 DEBUG: Found 8-filled placeholder regions: [(1, 1), (2, 1), (1, 3), (3, 1), (1, 2)], chose: (1, 3)
887.3s 949 DEBUG: Detected dynamic target shape from test input: (1, 3)
887.3s 950 DEBUG: Passing expected_shape to human reasoning: (1, 3)
887.3s 951 === HUMAN-GRADE ANALYSIS ===
887.3s 952 Object hypothesis: object_move_0 (verified: 0.000)
887.3s 953 Object hypothesis: object_extract_region_1 (verified: 0.500)
887.3s 954 Object hypothesis: object_move_2 (verified: 0.000)
887.3s 955 Object hypothesis: object_extract_region_3 (verified: 0.500)
887.3s 956 Object transformations found: 4
887.7s 957 Key elements identified: 14415
887.7s 958 Generated 14419 hypotheses
887.7s 959 1. object_move_0: Object-level move: {'color': 4, 'shape': 'irregular'} -> {'direction': 'left', 'distance': 14.212670403551895, 'dr': -9.0, 'dc': -11.0} (confidence: 0.90, verified: 1.00)
887.7s 960 2. object_extract_region_1: Object-level extract_region: {'pattern': 'size_reduction'} -> {'source_region': (9, 11, 11, 13), 'target_shape': (3, 3), 'extraction_method': 'pattern_match'} (confidence: 0.90, verified: 1.00)
887.7s 961 3. object_move_2: Object-level move: {'color': 3, 'shape': 'irregular'} -> {'direction': 'left', 'distance': 19.72308292331602, 'dr': -10.0, 'dc': -17.0} (confidence: 0.90, verified: 1.00)
887.7s 962 DEBUG: Human reasoning generated 14419 hypotheses
887.7s 963 DEBUG: Added human reasoning program: object_move_0 (score: 1.000)
887.7s 964 DEBUG: Added human reasoning program: object_extract_region_1 (score: 1.000)
887.7s 965 DEBUG: Added human reasoning program: object_move_2 (score: 1.000)
887.7s 966 DEBUG: Added human reasoning program: object_extract_region_3 (score: 1.000)
887.7s 967 DEBUG: Task signature: {'input_size': (30, 30), 'output_size': (3, 3), 'size_change': '30x30_to_3x3', 'primary_pattern': 'extraction', 'color_change': False}
887.7s 968 DEBUG: Looking for pattern type 'extraction' in []
887.7s 969 DEBUG: Added 0 extraction patterns
887.7s 970 DEBUG: Found 0 similar patterns
887.7s 971 DEBUG: Memory suggested 0 operations
887.7s 972 DEBUG: Size reduction detected (30, 30) -> (3, 3)
910.5s 973 DEBUG: Scoring human reasoning 'object_move_0': 1.000
910.5s 974 DEBUG: Scoring human reasoning 'object_extract_region_1': 1.000
910.5s 975 DEBUG: Scoring human reasoning 'object_move_2': 1.000
910.5s 976 DEBUG: Scoring human reasoning 'object_extract_region_3': 1.000
910.5s 977 DEBUG: Applied targeted extraction: (5, 3) -> (3, 3)
910.5s 978 DEBUG: Applied targeted extraction: (5, 3) -> (3, 3)
910.5s 979 DEBUG: Applied targeted extraction: (5, 3) -> (3, 3)
910.5s 980 DEBUG: Applied targeted extraction: (5, 3) -> (3, 3)
910.5s 981 DEBUG: Applied targeted extraction: (5, 3) -> (3, 3)
910.5s 982 DEBUG: Applied targeted extraction: (5, 3) -> (3, 3)
910.5s 983 DEBUG: Applied targeted extraction: (5, 3) -> (3, 3)
910.5s 984 DEBUG: Applied targeted extraction: (5, 3) -> (3, 3)
910.5s 985 DEBUG: Scoring human reasoning 'object_move_0': 1.000
910.5s 986 DEBUG: Found 4 programs, best score: 1.000
910.5s 987 DEBUG: Scoring human reasoning 'object_move_0': 1.000
910.5s 988 DEBUG: Scoring human reasoning 'object_extract_region_1': 1.000
910.5s 989 DEBUG: Scoring human reasoning 'object_move_2': 1.000
910.5s 990 DEBUG: Scoring human reasoning 'object_extract_region_3': 1.000
1052.0s 991 DEBUG: synthesize_enhanced called with expected_shape=(1, 5), test_input=provided
1052.0s 992 DEBUG: Enhanced task signature: {'input_shapes': [(9, 9), (9, 9), (9, 9)], 'output_shapes': [(1, 5), (1, 5), (1, 5)], 'consistent_input': True, 'consistent_output': True, 'input_size': (9, 9), 'output_size': (1, 5), 'size_change': '9x9_to_1x5_extraction', 'primary_pattern': 'extraction', 'color_change': True, 'spatial_relationships': {'has_symmetry': False, 'has_translation': False, 'has_scaling': True, 'preserves_topology': True}}
1052.0s 993 DEBUG: Passing expected_shape to human reasoning: (1, 5)
1052.0s 994 === HUMAN-GRADE ANALYSIS ===
1052.0s 995 Object hypothesis: object_copy_0 (verified: 0.000)
1052.0s 996 Object transformations found: 1
1052.0s 997 Key elements identified: 134
1052.0s 998 Generated 145 hypotheses
1052.0s 999 1. object_copy_0: Object-level copy: {'color': 1, 'shape': 'line', 'size': 4} -> {'copies': 1} (confidence: 0.90, verified: 0.00)
1052.0s 1000 2. relation_translation_-1_-4: Translate grid using derived relational vector (confidence: 0.75, verified: 0.53)
1052.0s 1001 3. relation_translation_-1_-1: Translate grid using derived relational vector (confidence: 0.75, verified: 0.47)
1052.0s 1002 DEBUG: Human reasoning generated 145 hypotheses
1052.0s 1003 DEBUG: Added human reasoning program: relation_translation_-1_-4 (score: 0.533)
1052.0s 1004 DEBUG: Task signature: {'input_size': (9, 9), 'output_size': (1, 5), 'size_change': '9x9_to_1x5', 'primary_pattern': 'extraction', 'color_change': False}
1052.0s 1005 DEBUG: Looking for pattern type 'extraction' in []
1052.0s 1006 DEBUG: Added 0 extraction patterns
1052.0s 1007 DEBUG: Found 0 similar patterns
1052.0s 1008 DEBUG: Memory suggested 0 operations
1052.0s 1009 DEBUG: Size reduction detected (9, 9) -> (1, 5)
1053.8s 1010 DEBUG: Scoring human reasoning 'relation_translation_-1_-4': 0.533
1053.8s 1011 DEBUG: Scoring human reasoning 'relation_translation_-1_-4': 0.533
1053.8s 1012 DEBUG: Found 2 programs, best score: 0.533
1053.8s 1013 DEBUG: Scoring human reasoning 'relation_translation_-1_-4': 0.533
1073.0s 1014 DEBUG: synthesize_enhanced called with expected_shape=(3, 3), test_input=provided
1073.0s 1015 DEBUG: Enhanced task signature: {'input_shapes': [(10, 10), (10, 10)], 'output_shapes': [(3, 3), (3, 3)], 'consistent_input': True, 'consistent_output': True, 'input_size': (10, 10), 'output_size': (3, 3), 'size_change': '10x10_to_3x3_extraction', 'primary_pattern': 'extraction', 'color_change': False, 'spatial_relationships': {'has_symmetry': False, 'has_translation': False, 'has_scaling': True, 'preserves_topology': True}}
1073.0s 1016 DEBUG: Passing expected_shape to human reasoning: (3, 3)
1073.0s 1017 === HUMAN-GRADE ANALYSIS ===
1073.0s 1018 Object hypothesis: object_move_0 (verified: 0.000)
1073.0s 1019 Object hypothesis: object_move_1 (verified: 0.000)
1073.0s 1020 Object hypothesis: object_move_2 (verified: 0.000)
1073.0s 1021 Object hypothesis: object_move_3 (verified: 0.000)
1073.0s 1022 Object hypothesis: object_move_4 (verified: 0.000)
1073.0s 1023 Object hypothesis: object_move_5 (verified: 0.000)
1073.0s 1024 Object hypothesis: object_move_6 (verified: 0.000)
1073.0s 1025 Object hypothesis: object_move_7 (verified: 0.000)
1073.0s 1026 Object hypothesis: object_move_8 (verified: 0.000)
1073.0s 1027 Object hypothesis: object_move_9 (verified: 0.000)
1073.0s 1028 Object hypothesis: object_move_10 (verified: 0.000)
1073.0s 1029 Object hypothesis: object_move_11 (verified: 0.000)
1073.0s 1030 Object hypothesis: object_move_12 (verified: 0.000)
1073.0s 1031 Object hypothesis: object_move_13 (verified: 0.000)
1073.0s 1032 Object hypothesis: object_move_14 (verified: 0.000)
1073.0s 1033 Object hypothesis: object_move_15 (verified: 0.000)
1073.0s 1034 Object hypothesis: object_copy_16 (verified: 0.000)
1073.0s 1035 Object hypothesis: object_recolor_17 (verified: 0.000)
1073.0s 1036 Object hypothesis: object_recolor_18 (verified: 0.000)
1073.0s 1037 Object hypothesis: object_extract_region_19 (verified: 0.500)
1073.0s 1038 Object hypothesis: object_move_20 (verified: 0.000)
1073.0s 1039 Object hypothesis: object_move_21 (verified: 0.000)
1073.0s 1040 Object hypothesis: object_move_22 (verified: 0.000)
1073.0s 1041 Object hypothesis: object_move_23 (verified: 0.000)
1073.0s 1042 Object hypothesis: object_copy_24 (verified: 0.000)
1073.0s 1043 Object hypothesis: object_copy_25 (verified: 0.000)
1073.0s 1044 Object hypothesis: object_copy_26 (verified: 0.000)
1073.0s 1045 Object hypothesis: object_extract_region_27 (verified: 0.500)
1073.0s 1046 Object transformations found: 28
1073.0s 1047 Key elements identified: 231
1073.0s 1048 Generated 269 hypotheses
1073.0s 1049 1. object_move_0: Object-level move: {'color': 1, 'shape': 'single'} -> {'direction': 'left', 'distance': 1.4142135623730951, 'dr': -1.0, 'dc': -1.0} (confidence: 0.90, verified: 0.56)
1073.0s 1050 2. object_move_1: Object-level move: {'color': 1, 'shape': 'single'} -> {'direction': 'left', 'distance': 6.082762530298219, 'dr': -1.0, 'dc': -6.0} (confidence: 0.90, verified: 0.56)
1073.0s 1051 3. object_move_2: Object-level move: {'color': 3, 'shape': 'single'} -> {'direction': 'left', 'distance': 1.4142135623730951, 'dr': -1.0, 'dc': -1.0} (confidence: 0.90, verified: 0.56)
1073.0s 1052 DEBUG: Human reasoning generated 269 hypotheses
1073.0s 1053 DEBUG: Added human reasoning program: object_move_0 (score: 0.556)
1073.0s 1054 DEBUG: Added human reasoning program: object_move_1 (score: 0.556)
1073.0s 1055 DEBUG: Added human reasoning program: object_move_2 (score: 0.556)
1073.0s 1056 DEBUG: Added human reasoning program: object_move_3 (score: 0.556)
1073.0s 1057 DEBUG: Added human reasoning program: object_move_4 (score: 0.556)
1073.0s 1058 DEBUG: Task signature: {'input_size': (10, 10), 'output_size': (3, 3), 'size_change': '10x10_to_3x3', 'primary_pattern': 'extraction', 'color_change': False}
1073.0s 1059 DEBUG: Looking for pattern type 'extraction' in []
1073.0s 1060 DEBUG: Added 0 extraction patterns
1073.0s 1061 DEBUG: Found 0 similar patterns
1073.0s 1062 DEBUG: Memory suggested 0 operations
1073.0s 1063 DEBUG: Size reduction detected (10, 10) -> (3, 3)
1074.9s 1064 DEBUG: Scoring human reasoning 'object_move_0': 0.556
1074.9s 1065 DEBUG: Scoring human reasoning 'object_move_1': 0.556
1074.9s 1066 DEBUG: Scoring human reasoning 'object_move_2': 0.556
1074.9s 1067 DEBUG: Scoring human reasoning 'object_move_3': 0.556
1074.9s 1068 DEBUG: Scoring human reasoning 'object_move_4': 0.556
1074.9s 1069 DEBUG: Scoring human reasoning 'object_move_0': 0.556
1074.9s 1070 DEBUG: Found 5 programs, best score: 0.556
1074.9s 1071 DEBUG: Scoring human reasoning 'object_move_0': 0.556
1074.9s 1072 DEBUG: Scoring human reasoning 'object_move_1': 0.556
1074.9s 1073 DEBUG: Scoring human reasoning 'object_move_2': 0.556
1074.9s 1074 DEBUG: Scoring human reasoning 'object_move_3': 0.556
1074.9s 1075 DEBUG: Scoring human reasoning 'object_move_4': 0.556
1095.8s 1076 DEBUG: synthesize_enhanced called with expected_shape=None, test_input=provided
1095.8s 1077 DEBUG: Both inconsistent, chose: input=(25, 25), output=(4, 8)
1095.8s 1078 DEBUG: Enhanced task signature: {'input_shapes': [(25, 25), (23, 25), (22, 22)], 'output_shapes': [(4, 8), (3, 7), (2, 6)], 'consistent_input': False, 'consistent_output': False, 'input_size': (25, 25), 'output_size': (4, 8), 'size_change': '25x25_to_4x8_extraction', 'primary_pattern': 'extraction', 'color_change': True, 'spatial_relationships': {'has_symmetry': False, 'has_translation': False, 'has_scaling': True, 'preserves_topology': True}}
1095.8s 1079 DEBUG: Dynamic detection failed, using representative: (4, 8)
1095.8s 1080 DEBUG: Passing expected_shape to human reasoning: (4, 8)
1095.8s 1081 === HUMAN-GRADE ANALYSIS ===
1095.8s 1082 Object transformations found: 0
1095.8s 1083 Key elements identified: 1797
1096.0s 1084 Generated 1803 hypotheses
1096.0s 1085 1. relation_translation_1_5: Translate grid using derived relational vector (confidence: 0.75, verified: 0.59)
1096.0s 1086 2. relation_translation_-4_-1: Translate grid using derived relational vector (confidence: 0.75, verified: 0.31)
1096.0s 1087 3. relation_translation_-1_-5: Translate grid using derived relational vector (confidence: 0.75, verified: 0.25)
1096.0s 1088 DEBUG: Human reasoning generated 1803 hypotheses
1096.0s 1089 DEBUG: Added human reasoning program: relation_translation_1_5 (score: 0.594)
1096.0s 1090 DEBUG: Task signature: {'input_size': (25, 25), 'output_size': (4, 8), 'size_change': '25x25_to_4x8', 'primary_pattern': 'extraction', 'color_change': False}
1096.0s 1091 DEBUG: Looking for pattern type 'extraction' in []
1096.0s 1092 DEBUG: Added 0 extraction patterns
1096.0s 1093 DEBUG: Found 0 similar patterns
1096.0s 1094 DEBUG: Memory suggested 0 operations
1096.0s 1095 DEBUG: Size reduction detected (25, 25) -> (4, 8)
1106.8s 1096 DEBUG: Scoring human reasoning 'relation_translation_1_5': 0.594
1106.8s 1097 DEBUG: Found 1 programs, best score: 0.594
1106.8s 1098 DEBUG: Scoring human reasoning 'relation_translation_1_5': 0.594
1180.0s 1099 DEBUG: synthesize_enhanced called with expected_shape=(6, 6), test_input=provided
1180.0s 1100 DEBUG: Enhanced task signature: {'input_shapes': [(3, 3), (3, 3), (3, 3)], 'output_shapes': [(6, 6), (6, 6), (6, 6)], 'consistent_input': True, 'consistent_output': True, 'input_size': (3, 3), 'output_size': (6, 6), 'size_change': '3x3_to_6x6_expansion', 'primary_pattern': 'expansion', 'color_change': True, 'spatial_relationships': {'has_symmetry': False, 'has_translation': False, 'has_scaling': True, 'preserves_topology': True}}
1180.0s 1101 DEBUG: Passing expected_shape to human reasoning: (6, 6)
1180.0s 1102 === HUMAN-GRADE ANALYSIS ===
1180.0s 1103 Object hypothesis: object_recolor_0 (verified: 0.000)
1180.0s 1104 Object hypothesis: object_copy_1 (verified: 0.000)
1180.0s 1105 Object hypothesis: object_copy_2 (verified: 0.000)
1180.0s 1106 Object transformations found: 3
1180.0s 1107 Key elements identified: 2
1180.0s 1108 Generated 5 hypotheses
1180.0s 1109 1. object_recolor_0: Object-level recolor: {'color': 5, 'shape': 'single'} -> {'new_color': 1} (confidence: 0.90, verified: 0.00)
1180.0s 1110 2. object_copy_1: Object-level copy: {'color': 1, 'shape': 'single', 'size': 1} -> {'copies': 10} (confidence: 0.90, verified: 0.00)
1180.0s 1111 3. object_copy_2: Object-level copy: {'color': 2, 'shape': 'single', 'size': 1} -> {'copies': 10} (confidence: 0.90, verified: 0.00)
1180.0s 1112 DEBUG: Human reasoning generated 5 hypotheses
1180.0s 1113 DEBUG: Added human reasoning program: multi_region_composition (score: 0.519)
1180.0s 1114 DEBUG: Task signature: {'input_size': (3, 3), 'output_size': (6, 6), 'size_change': '3x3_to_6x6', 'primary_pattern': 'expansion', 'color_change': False}
1180.0s 1115 DEBUG: Looking for pattern type 'expansion' in []
1180.0s 1116 DEBUG: Found 0 similar patterns
1180.0s 1117 DEBUG: Memory suggested 0 operations
1181.3s 1118 DEBUG: Scoring human reasoning 'multi_region_composition': 0.519
1181.3s 1119 DEBUG: Scoring human reasoning 'multi_region_composition': 0.519
1181.3s 1120 DEBUG: Found 2 programs, best score: 0.519
1181.3s 1121 DEBUG: Scoring human reasoning 'multi_region_composition': 0.519
1200.4s 1122 DEBUG: synthesize_enhanced called with expected_shape=None, test_input=provided
1200.4s 1123 DEBUG: Both inconsistent, chose: input=(16, 15), output=(8, 8)
1200.4s 1124 DEBUG: Enhanced task signature: {'input_shapes': [(16, 15), (14, 15), (15, 15)], 'output_shapes': [(6, 9), (6, 8), (8, 8)], 'consistent_input': False, 'consistent_output': False, 'input_size': (16, 15), 'output_size': (8, 8), 'size_change': '16x15_to_8x8_extraction', 'primary_pattern': 'extraction', 'color_change': True, 'spatial_relationships': {'has_symmetry': False, 'has_translation': False, 'has_scaling': True, 'preserves_topology': True}}
1200.4s 1125 DEBUG: Found 8-filled placeholder regions: [(2, 3)], chose: (2, 3)
1200.4s 1126 DEBUG: Detected dynamic target shape from test input: (2, 3)
1200.4s 1127 DEBUG: Passing expected_shape to human reasoning: (2, 3)
1200.4s 1128 === HUMAN-GRADE ANALYSIS ===
1200.4s 1129 Object transformations found: 0
1200.4s 1130 Found target placeholder in example 0: (6, 9) filled with 2
1200.4s 1131 Key elements identified: 9
1200.4s 1132 DEBUG: Target shapes from training: {(8, 8), (6, 8), (6, 9)}
1200.4s 1133 DEBUG: Generating hypotheses for (6, 9) placeholder
1200.4s 1134 Generated 25 hypotheses
1200.4s 1135 1. symmetric_replacement_2_6x9: Replace 2-filled (6, 9) region with horizontally symmetric content (confidence: 0.80, verified: 0.39)
1200.4s 1136 2. mirrored_replacement_2_6x9: Replace 2-filled (6, 9) region with mirrored content from opposite side (confidence: 0.70, verified: 0.39)
1200.4s 1137 3. adjacent_replacement_2_6x9: Replace 2-filled (6, 9) region with content from adjacent area (confidence: 0.60, verified: 0.20)
1200.4s 1138 DEBUG: Human reasoning generated 25 hypotheses
1200.4s 1139 DEBUG: Added human reasoning program: relation_translation_-5_-2 (score: 0.593)
1200.4s 1140 DEBUG: Task signature: {'input_size': (16, 15), 'output_size': (6, 9), 'size_change': '16x15_to_6x9', 'primary_pattern': 'extraction', 'color_change': False}
1200.4s 1141 DEBUG: Looking for pattern type 'extraction' in []
1200.4s 1142 DEBUG: Added 0 extraction patterns
1200.4s 1143 DEBUG: Found 0 similar patterns
1200.4s 1144 DEBUG: Memory suggested 0 operations
1200.4s 1145 DEBUG: Size reduction detected (16, 15) -> (6, 9)
1205.4s 1146 DEBUG: Scoring human reasoning 'relation_translation_-5_-2': 0.593
1205.4s 1147 DEBUG: Found 1 programs, best score: 0.593
1205.4s 1148 DEBUG: Scoring human reasoning 'relation_translation_-5_-2': 0.593
1242.2s 1149 DEBUG: synthesize_enhanced called with expected_shape=(13, 11), test_input=provided
1242.2s 1150 DEBUG: Enhanced task signature: {'input_shapes': [(20, 11), (20, 11)], 'output_shapes': [(13, 11), (13, 11)], 'consistent_input': True, 'consistent_output': True, 'input_size': (20, 11), 'output_size': (13, 11), 'size_change': '20x11_to_13x11_extraction', 'primary_pattern': 'extraction', 'color_change': True, 'spatial_relationships': {'has_symmetry': False, 'has_translation': False, 'has_scaling': True, 'preserves_topology': True}}
1242.2s 1151 DEBUG: Passing expected_shape to human reasoning: (13, 11)
1242.2s 1152 === HUMAN-GRADE ANALYSIS ===
1242.2s 1153 Object hypothesis: object_move_0 (verified: 0.000)
1242.2s 1154 Object hypothesis: object_move_1 (verified: 0.000)
1242.2s 1155 Object hypothesis: object_move_2 (verified: 0.000)
1242.2s 1156 Object hypothesis: object_copy_3 (verified: 0.000)
1242.2s 1157 Object hypothesis: object_copy_4 (verified: 0.000)
1242.2s 1158 Object hypothesis: object_copy_5 (verified: 0.000)
1242.2s 1159 Object hypothesis: object_copy_6 (verified: 0.000)
1242.2s 1160 Object hypothesis: object_recolor_7 (verified: 0.000)
1242.2s 1161 Object hypothesis: object_replace_region_8 (verified: 0.000)
1242.2s 1162 Object hypothesis: object_replace_region_9 (verified: 0.000)
1242.2s 1163 Object hypothesis: object_replace_region_10 (verified: 0.000)
1242.2s 1164 Object hypothesis: object_extract_region_11 (verified: 0.000)
1242.2s 1165 Object hypothesis: object_move_12 (verified: 0.000)
1242.2s 1166 Object hypothesis: object_move_13 (verified: 0.000)
1242.2s 1167 Object hypothesis: object_move_14 (verified: 0.000)
1242.2s 1168 Object hypothesis: object_copy_15 (verified: 0.000)
1242.2s 1169 Object hypothesis: object_copy_16 (verified: 0.000)
1242.2s 1170 Object hypothesis: object_copy_17 (verified: 0.000)
1242.2s 1171 Object hypothesis: object_copy_18 (verified: 0.000)
1242.2s 1172 Object hypothesis: object_copy_19 (verified: 0.000)
1242.2s 1173 Object hypothesis: object_copy_20 (verified: 0.000)
1242.2s 1174 Object hypothesis: object_recolor_21 (verified: 0.000)
1242.2s 1175 Object hypothesis: object_replace_region_22 (verified: 0.000)
1242.2s 1176 Object hypothesis: object_replace_region_23 (verified: 0.000)
1242.2s 1177 Object hypothesis: object_replace_region_24 (verified: 0.000)
1242.2s 1178 Object transformations found: 25
1242.2s 1179 Key elements identified: 2
1242.5s 1180 Generated 39 hypotheses
1242.5s 1181 1. object_move_0: Object-level move: {'color': 9, 'shape': 'rectangle'} -> {'direction': 'right', 'distance': 9.433981132056603, 'dr': 5.0, 'dc': 8.0} (confidence: 0.90, verified: 0.00)
1242.5s 1182 2. object_move_1: Object-level move: {'color': 2, 'shape': 'rectangle'} -> {'direction': 'down', 'distance': 5.0, 'dr': 5.0, 'dc': 0.0} (confidence: 0.90, verified: 0.00)
1242.5s 1183 3. object_move_2: Object-level move: {'color': 3, 'shape': 'rectangle'} -> {'direction': 'down', 'distance': 11.661903789690601, 'dr': 10.0, 'dc': -6.0} (confidence: 0.90, verified: 0.00)
1242.5s 1184 DEBUG: Human reasoning generated 39 hypotheses
1242.5s 1185 DEBUG: Task signature: {'input_size': (20, 11), 'output_size': (13, 11), 'size_change': '20x11_to_13x11', 'primary_pattern': 'extraction', 'color_change': False}
1242.5s 1186 DEBUG: Looking for pattern type 'extraction' in []
1242.5s 1187 DEBUG: Added 0 extraction patterns
1242.5s 1188 DEBUG: Found 0 similar patterns
1242.5s 1189 DEBUG: Memory suggested 0 operations
1242.5s 1190 DEBUG: Size reduction detected (20, 11) -> (13, 11)
1247.8s 1191 DEBUG: No programs found
1256.6s 1192 DEBUG: synthesize_enhanced called with expected_shape=None, test_input=provided
1256.6s 1193 DEBUG: Both inconsistent, chose: input=(16, 16), output=(1, 5)
1256.6s 1194 DEBUG: Enhanced task signature: {'input_shapes': [(7, 7), (10, 10), (12, 12), (16, 16)], 'output_shapes': [(1, 2), (1, 3), (1, 4), (1, 5)], 'consistent_input': False, 'consistent_output': False, 'input_size': (16, 16), 'output_size': (1, 5), 'size_change': '16x16_to_1x5_extraction', 'primary_pattern': 'extraction', 'color_change': True, 'spatial_relationships': {'has_symmetry': False, 'has_translation': False, 'has_scaling': True, 'preserves_topology': True}}
1256.6s 1195 DEBUG: Dynamic detection failed, using representative: (1, 5)
1256.6s 1196 DEBUG: Passing expected_shape to human reasoning: (1, 5)
1256.6s 1197 === HUMAN-GRADE ANALYSIS ===
1256.6s 1198 Object hypothesis: object_copy_0 (verified: 0.000)
1256.6s 1199 Object transformations found: 1
1256.6s 1200 Key elements identified: 1276
1256.6s 1201 Generated 1284 hypotheses
1256.6s 1202 1. object_copy_0: Object-level copy: {'color': 5, 'shape': 'single', 'size': 1} -> {'copies': 1} (confidence: 0.90, verified: 0.00)
1256.6s 1203 2. relation_translation_0_2: Translate grid using derived relational vector (confidence: 0.75, verified: 0.00)
1256.6s 1204 3. relation_translation_-1_1: Translate grid using derived relational vector (confidence: 0.75, verified: 0.00)
1256.6s 1205 DEBUG: Human reasoning generated 1284 hypotheses
1256.6s 1206 DEBUG: Task signature: {'input_size': (7, 7), 'output_size': (1, 2), 'size_change': '7x7_to_1x2', 'primary_pattern': 'extraction', 'color_change': False}
1256.6s 1207 DEBUG: Looking for pattern type 'extraction' in []
1256.6s 1208 DEBUG: Added 0 extraction patterns
1256.6s 1209 DEBUG: Found 0 similar patterns
1256.6s 1210 DEBUG: Memory suggested 0 operations
1256.6s 1211 DEBUG: Size reduction detected (7, 7) -> (1, 2)
1259.7s 1212 DEBUG: No programs found
1281.1s 1213 DEBUG: synthesize_enhanced called with expected_shape=None, test_input=provided
1281.1s 1214 DEBUG: Both inconsistent, chose: input=(3, 11), output=(3, 9)
1281.1s 1215 DEBUG: Enhanced task signature: {'input_shapes': [(3, 11), (3, 11), (3, 11), (3, 9)], 'output_shapes': [(3, 9), (3, 9), (3, 8), (3, 7)], 'consistent_input': False, 'consistent_output': False, 'input_size': (3, 11), 'output_size': (3, 9), 'size_change': '3x11_to_3x9_extraction', 'primary_pattern': 'extraction', 'color_change': True, 'spatial_relationships': {'has_symmetry': False, 'has_translation': False, 'has_scaling': True, 'preserves_topology': True}}
1281.1s 1216 DEBUG: Found 8-filled placeholder regions: [(2, 1)], chose: (2, 1)
1281.1s 1217 DEBUG: Detected dynamic target shape from test input: (2, 1)
1281.1s 1218 DEBUG: Passing expected_shape to human reasoning: (2, 1)
1281.1s 1219 === HUMAN-GRADE ANALYSIS ===
1281.1s 1220 Object hypothesis: object_extract_region_0 (verified: 0.000)
1281.1s 1221 Object hypothesis: object_copy_1 (verified: 0.000)
1281.1s 1222 Object transformations found: 2
1281.1s 1223 Key elements identified: 0
1281.1s 1224 Generated 16 hypotheses
1281.1s 1225 1. object_extract_region_0: Object-level extract_region: {'pattern': 'size_reduction'} -> {'source_region': (0, 0, 2, 8), 'target_shape': (3, 9), 'extraction_method': 'pattern_match'} (confidence: 0.90, verified: 0.00)
1281.1s 1226 2. object_copy_1: Object-level copy: {'color': 2, 'shape': 'L_shape', 'size': 3} -> {'copies': 1} (confidence: 0.90, verified: 0.00)
1281.1s 1227 3. relation_translation_2_-1: Translate grid using derived relational vector (confidence: 0.75, verified: 0.61)
1281.1s 1228 DEBUG: Human reasoning generated 16 hypotheses
1281.1s 1229 DEBUG: Added human reasoning program: relation_translation_2_-1 (score: 0.611)
1281.1s 1230 DEBUG: Added human reasoning program: relation_translation_2_-2 (score: 0.611)
1281.1s 1231 DEBUG: Added human reasoning program: relation_translation_2_0 (score: 0.593)
1281.1s 1232 DEBUG: Task signature: {'input_size': (3, 11), 'output_size': (3, 9), 'size_change': '3x11_to_3x9', 'primary_pattern': 'extraction', 'color_change': False}
1281.1s 1233 DEBUG: Looking for pattern type 'extraction' in []
1281.1s 1234 DEBUG: Added 0 extraction patterns
1281.1s 1235 DEBUG: Found 0 similar patterns
1281.1s 1236 DEBUG: Memory suggested 0 operations
1281.1s 1237 DEBUG: Size reduction detected (3, 11) -> (3, 9)
1283.8s 1238 DEBUG: Scoring human reasoning 'relation_translation_2_-1': 0.611
1283.8s 1239 DEBUG: Scoring human reasoning 'relation_translation_2_-2': 0.611
1283.8s 1240 DEBUG: Scoring human reasoning 'relation_translation_2_0': 0.593
1283.8s 1241 DEBUG: Scoring human reasoning 'relation_translation_2_-1': 0.611
1283.8s 1242 DEBUG: Found 3 programs, best score: 0.611
1283.8s 1243 DEBUG: Scoring human reasoning 'relation_translation_2_-1': 0.611
1283.8s 1244 DEBUG: Scoring human reasoning 'relation_translation_2_-2': 0.611
1283.8s 1245 DEBUG: Scoring human reasoning 'relation_translation_2_0': 0.593
1338.6s 1246 DEBUG: synthesize_enhanced called with expected_shape=(1, 1), test_input=provided
1338.6s 1247 DEBUG: Enhanced task signature: {'input_shapes': [(6, 7), (6, 7), (6, 6), (5, 7), (6, 7), (5, 5)], 'output_shapes': [(1, 1), (1, 1), (1, 1), (1, 1), (1, 1), (1, 1)], 'consistent_input': False, 'consistent_output': True, 'input_size': (6, 7), 'output_size': (1, 1), 'size_change': '6x7_to_1x1_extraction', 'primary_pattern': 'extraction', 'color_change': True, 'spatial_relationships': {'has_symmetry': False, 'has_translation': False, 'has_scaling': True, 'preserves_topology': True}}
1338.6s 1248 DEBUG: Passing expected_shape to human reasoning: (1, 1)
1338.6s 1249 === HUMAN-GRADE ANALYSIS ===
1338.6s 1250 Object hypothesis: object_extract_region_0 (verified: 0.500)
1338.6s 1251 Object transformations found: 1
1338.6s 1252 Key elements identified: 0
1338.6s 1253 Generated 5 hypotheses
1338.6s 1254 1. object_extract_region_0: Object-level extract_region: {'pattern': 'size_reduction'} -> {'source_region': (0, 0, 0, 0), 'target_shape': (1, 1), 'extraction_method': 'pattern_match'} (confidence: 0.90, verified: 0.50)
1338.6s 1255 2. relation_translation_0_-1: Translate grid using derived relational vector (confidence: 0.75, verified: 0.50)
1338.6s 1256 3. relation_translation_0_1: Translate grid using derived relational vector (confidence: 0.75, verified: 0.50)
1338.6s 1257 DEBUG: Human reasoning generated 5 hypotheses
1338.6s 1258 DEBUG: Added human reasoning program: multi_region_composition (score: 0.667)
1338.6s 1259 DEBUG: Task signature: {'input_size': (6, 7), 'output_size': (1, 1), 'size_change': '6x7_to_1x1', 'primary_pattern': 'extraction', 'color_change': False}
1338.6s 1260 DEBUG: Looking for pattern type 'extraction' in []
1338.6s 1261 DEBUG: Added 0 extraction patterns
1338.6s 1262 DEBUG: Found 0 similar patterns
1338.6s 1263 DEBUG: Memory suggested 0 operations
1338.6s 1264 DEBUG: Size reduction detected (6, 7) -> (1, 1)
1340.8s 1265 DEBUG: Scoring human reasoning 'multi_region_composition': 0.667
1340.8s 1266 DEBUG: Found 1 programs, best score: 1.000
1349.9s 1267 DEBUG: synthesize_enhanced called with expected_shape=(1, 1), test_input=provided
1349.9s 1268 DEBUG: Enhanced task signature: {'input_shapes': [(6, 7), (6, 7), (6, 6), (5, 7), (6, 7), (5, 5)], 'output_shapes': [(1, 1), (1, 1), (1, 1), (1, 1), (1, 1), (1, 1)], 'consistent_input': False, 'consistent_output': True, 'input_size': (6, 7), 'output_size': (1, 1), 'size_change': '6x7_to_1x1_extraction', 'primary_pattern': 'extraction', 'color_change': True, 'spatial_relationships': {'has_symmetry': False, 'has_translation': False, 'has_scaling': True, 'preserves_topology': True}}
1349.9s 1269 DEBUG: Passing expected_shape to human reasoning: (1, 1)
1349.9s 1270 === HUMAN-GRADE ANALYSIS ===
1349.9s 1271 Object hypothesis: object_extract_region_0 (verified: 0.500)
1349.9s 1272 Object transformations found: 1
1349.9s 1273 Key elements identified: 0
1349.9s 1274 Generated 5 hypotheses
1349.9s 1275 1. object_extract_region_0: Object-level extract_region: {'pattern': 'size_reduction'} -> {'source_region': (0, 0, 0, 0), 'target_shape': (1, 1), 'extraction_method': 'pattern_match'} (confidence: 0.90, verified: 0.50)
1349.9s 1276 2. relation_translation_0_-1: Translate grid using derived relational vector (confidence: 0.75, verified: 0.50)
1349.9s 1277 3. relation_translation_0_1: Translate grid using derived relational vector (confidence: 0.75, verified: 0.50)
1349.9s 1278 DEBUG: Human reasoning generated 5 hypotheses
1349.9s 1279 DEBUG: Added human reasoning program: multi_region_composition (score: 0.667)
1349.9s 1280 DEBUG: Task signature: {'input_size': (6, 7), 'output_size': (1, 1), 'size_change': '6x7_to_1x1', 'primary_pattern': 'extraction', 'color_change': False}
1349.9s 1281 DEBUG: Looking for pattern type 'extraction' in []
1349.9s 1282 DEBUG: Added 0 extraction patterns
1349.9s 1283 DEBUG: Found 0 similar patterns
1349.9s 1284 DEBUG: Memory suggested 0 operations
1349.9s 1285 DEBUG: Size reduction detected (6, 7) -> (1, 1)
1352.9s 1286 DEBUG: Scoring human reasoning 'multi_region_composition': 0.667
1352.9s 1287 DEBUG: Found 1 programs, best score: 1.000
1356.0s 1288 DEBUG: synthesize_enhanced called with expected_shape=None, test_input=provided
1356.0s 1289 DEBUG: Both inconsistent, chose: input=(20, 20), output=(3, 4)
1356.0s 1290 DEBUG: Enhanced task signature: {'input_shapes': [(13, 15), (20, 20), (10, 15), (18, 15), (10, 10)], 'output_shapes': [(3, 4), (2, 3), (3, 2), (2, 2), (3, 3)], 'consistent_input': False, 'consistent_output': False, 'input_size': (20, 20), 'output_size': (3, 4), 'size_change': '20x20_to_3x4_extraction', 'primary_pattern': 'extraction', 'color_change': True, 'spatial_relationships': {'has_symmetry': False, 'has_translation': False, 'has_scaling': True, 'preserves_topology': True}}
1356.0s 1291 DEBUG: Dynamic detection failed, using representative: (3, 4)
1356.0s 1292 DEBUG: Passing expected_shape to human reasoning: (3, 4)
1356.0s 1293 === HUMAN-GRADE ANALYSIS ===
1356.0s 1294 Object transformations found: 0
1356.0s 1295 Found target placeholder in example 0: (3, 4) filled with 7
1356.6s 1296 Found target placeholder in example 1: (2, 3) filled with 1
1356.6s 1297 Found target placeholder in example 2: (3, 2) filled with 6
1356.6s 1298 Found target placeholder in example 3: (2, 2) filled with 4
1356.6s 1299 Found target placeholder in example 4: (3, 3) filled with 8
1356.6s 1300 Key elements identified: 1101
1356.6s 1301 DEBUG: Target shapes from training: {(3, 4), (2, 3), (3, 3), (2, 2), (3, 2)}
1356.6s 1302 DEBUG: Generating hypotheses for (3, 4) placeholder
1356.6s 1303 DEBUG: Generating hypotheses for (2, 3) placeholder
1356.6s 1304 DEBUG: Generating hypotheses for (3, 2) placeholder
1356.6s 1305 DEBUG: Generating hypotheses for (2, 2) placeholder
1356.6s 1306 DEBUG: Generating hypotheses for (3, 3) placeholder
1357.0s 1307 Generated 1117 hypotheses
1357.0s 1308 1. symmetric_replacement_7_3x4: Replace 7-filled (3, 4) region with horizontally symmetric content (confidence: 0.80, verified: 0.67)
1357.0s 1309 2. symmetric_replacement_1_2x3: Replace 1-filled (2, 3) region with horizontally symmetric content (confidence: 0.80, verified: 0.67)
1357.0s 1310 3. symmetric_replacement_6_3x2: Replace 6-filled (3, 2) region with horizontally symmetric content (confidence: 0.80, verified: 0.67)
1357.0s 1311 DEBUG: Human reasoning generated 1117 hypotheses
1357.0s 1312 DEBUG: Added human reasoning program: symmetric_replacement_7_3x4 (score: 0.667)
1357.0s 1313 DEBUG: Added human reasoning program: symmetric_replacement_1_2x3 (score: 0.667)
1357.0s 1314 DEBUG: Added human reasoning program: symmetric_replacement_6_3x2 (score: 0.667)
1357.0s 1315 DEBUG: Added human reasoning program: symmetric_replacement_4_2x2 (score: 0.667)
1357.0s 1316 DEBUG: Added human reasoning program: symmetric_replacement_8_3x3 (score: 0.667)
1357.0s 1317 DEBUG: Added transformation-guided extraction for (3, 2) (verification boost: 1.000)
1357.0s 1318 DEBUG: Task signature: {'input_size': (13, 15), 'output_size': (3, 4), 'size_change': '13x15_to_3x4', 'primary_pattern': 'extraction', 'color_change': False}
1357.0s 1319 DEBUG: Looking for pattern type 'extraction' in []
1357.0s 1320 DEBUG: Added 0 extraction patterns
1357.0s 1321 DEBUG: Found 0 similar patterns
1357.0s 1322 DEBUG: Memory suggested 0 operations
1357.0s 1323 DEBUG: Size reduction detected (13, 15) -> (3, 4)
1367.1s 1324 DEBUG: Scoring human reasoning 'symmetric_replacement_7_3x4': 0.667
1367.1s 1325 DEBUG: Scoring human reasoning 'symmetric_replacement_1_2x3': 0.667
1367.1s 1326 DEBUG: Scoring human reasoning 'symmetric_replacement_6_3x2': 0.667
1367.1s 1327 DEBUG: Scoring human reasoning 'symmetric_replacement_4_2x2': 0.667
1367.1s 1328 DEBUG: Scoring human reasoning 'symmetric_replacement_8_3x3': 0.667
1367.1s 1329 DEBUG: Scoring human reasoning 'targeted_transformation_3x2': 1.000
1367.1s 1330 DEBUG: Applied targeted extraction: (3, 3) -> (3, 4)
1367.1s 1331 DEBUG: Applied targeted extraction: (3, 3) -> (3, 4)
1367.1s 1332 DEBUG: Applied targeted extraction: (3, 3) -> (3, 4)
1367.1s 1333 DEBUG: Applied targeted extraction: (3, 3) -> (3, 4)
1367.1s 1334 DEBUG: Applied targeted extraction: (3, 3) -> (3, 4)
1367.1s 1335 DEBUG: Applied targeted extraction: (3, 3) -> (3, 4)
1367.1s 1336 DEBUG: Applied targeted extraction: (3, 3) -> (3, 4)
1367.1s 1337 DEBUG: Applied targeted extraction: (3, 3) -> (3, 4)
1367.1s 1338 DEBUG: Applied targeted extraction: (3, 3) -> (3, 4)
1367.1s 1339 DEBUG: Applied targeted extraction: (3, 3) -> (3, 4)
1367.1s 1340 DEBUG: Applied targeted extraction: (3, 3) -> (3, 4)
1367.1s 1341 DEBUG: Applied targeted extraction: (3, 3) -> (3, 4)
1367.1s 1342 DEBUG: Applied targeted extraction: (3, 3) -> (3, 4)
1367.1s 1343 DEBUG: Applied targeted extraction: (3, 3) -> (3, 4)
1367.1s 1344 DEBUG: Applied targeted extraction: (3, 3) -> (3, 4)
1367.1s 1345 DEBUG: Applied targeted extraction: (3, 3) -> (3, 4)
1367.1s 1346 DEBUG: Applied targeted extraction: (3, 3) -> (3, 4)
1367.1s 1347 DEBUG: Applied targeted extraction: (3, 3) -> (3, 4)
1367.1s 1348 DEBUG: Applied targeted extraction: (3, 3) -> (3, 4)
1367.1s 1349 DEBUG: Applied targeted extraction: (3, 3) -> (3, 4)
1367.1s 1350 DEBUG: Applied targeted extraction: (3, 3) -> (3, 4)
1367.1s 1351 DEBUG: Applied targeted extraction: (3, 3) -> (3, 4)
1367.1s 1352 DEBUG: Applied targeted extraction: (3, 3) -> (3, 4)
1367.1s 1353 DEBUG: Applied targeted extraction: (3, 3) -> (3, 4)
1367.1s 1354 DEBUG: Applied targeted extraction: (3, 3) -> (3, 4)
1367.1s 1355 DEBUG: Scoring human reasoning 'targeted_transformation_3x2': 1.000
1367.1s 1356 DEBUG: Found 6 programs, best score: 1.000
1367.1s 1357 DEBUG: Scoring human reasoning 'targeted_transformation_3x2': 1.000
1367.1s 1358 DEBUG: Scoring human reasoning 'symmetric_replacement_7_3x4': 0.667
1367.1s 1359 DEBUG: Scoring human reasoning 'symmetric_replacement_1_2x3': 0.667
1367.1s 1360 DEBUG: Scoring human reasoning 'symmetric_replacement_6_3x2': 0.667
1367.1s 1361 DEBUG: Scoring human reasoning 'symmetric_replacement_4_2x2': 0.667
1367.1s 1362 DEBUG: Scoring human reasoning 'symmetric_replacement_8_3x3': 0.667
1451.5s 1363 DEBUG: synthesize_enhanced called with expected_shape=(30, 30), test_input=provided
1451.5s 1364 DEBUG: Enhanced task signature: {'input_shapes': [(30, 30), (30, 30)], 'output_shapes': [(30, 30), (30, 30)], 'consistent_input': True, 'consistent_output': True, 'input_size': (30, 30), 'output_size': (30, 30), 'size_change': None, 'primary_pattern': 'complex_same_size', 'color_change': True, 'spatial_relationships': {'has_symmetry': False, 'has_translation': False, 'has_scaling': False, 'preserves_topology': True}}
1451.5s 1365 DEBUG: Passing expected_shape to human reasoning: (30, 30)
1451.5s 1366 === HUMAN-GRADE ANALYSIS ===
1451.9s 1367 Object hypothesis: object_move_0 (verified: 0.000)
1451.9s 1368 Object hypothesis: object_move_1 (verified: 0.000)
1452.1s 1369 Object hypothesis: object_move_2 (verified: 0.000)
1452.1s 1370 Object hypothesis: object_move_3 (verified: 0.000)
1452.1s 1371 Object hypothesis: object_move_4 (verified: 0.000)
1452.1s 1372 Object hypothesis: object_move_5 (verified: 0.000)
1452.3s 1373 Object hypothesis: object_move_6 (verified: 0.000)
1452.3s 1374 Object hypothesis: object_move_7 (verified: 0.000)
1452.3s 1375 Object hypothesis: object_move_8 (verified: 0.000)
1452.3s 1376 Object hypothesis: object_move_9 (verified: 0.000)
1452.5s 1377 Object hypothesis: object_move_10 (verified: 0.000)
1452.5s 1378 Object hypothesis: object_move_11 (verified: 0.000)
1452.5s 1379 Object hypothesis: object_move_12 (verified: 0.000)
1452.5s 1380 Object hypothesis: object_move_13 (verified: 0.000)
1452.7s 1381 Object hypothesis: object_move_14 (verified: 0.000)
1452.7s 1382 Object hypothesis: object_move_15 (verified: 0.000)
1452.7s 1383 Object hypothesis: object_move_16 (verified: 0.000)
1452.7s 1384 Object hypothesis: object_move_17 (verified: 0.000)
1453.0s 1385 Object hypothesis: object_move_18 (verified: 0.000)
1453.0s 1386 Object hypothesis: object_move_19 (verified: 0.000)
1453.0s 1387 Object hypothesis: object_move_20 (verified: 0.000)
1453.0s 1388 Object hypothesis: object_move_21 (verified: 0.000)
1453.2s 1389 Object hypothesis: object_move_22 (verified: 0.000)
1453.2s 1390 Object hypothesis: object_move_23 (verified: 0.000)
1453.2s 1391 Object hypothesis: object_move_24 (verified: 0.000)
1453.2s 1392 Object hypothesis: object_move_25 (verified: 0.000)
1453.4s 1393 Object hypothesis: object_move_26 (verified: 0.000)
1453.4s 1394 Object hypothesis: object_move_27 (verified: 0.000)
1453.4s 1395 Object hypothesis: object_move_28 (verified: 0.000)
1453.4s 1396 Object hypothesis: object_move_29 (verified: 0.000)
1453.6s 1397 Object hypothesis: object_move_30 (verified: 0.000)
1453.6s 1398 Object hypothesis: object_move_31 (verified: 0.000)
1453.6s 1399 Object hypothesis: object_move_32 (verified: 0.000)
1453.6s 1400 Object hypothesis: object_move_33 (verified: 0.000)
1453.8s 1401 Object hypothesis: object_move_34 (verified: 0.000)
1453.8s 1402 Object hypothesis: object_move_35 (verified: 0.000)
1453.8s 1403 Object hypothesis: object_move_36 (verified: 0.000)
1453.8s 1404 Object hypothesis: object_move_37 (verified: 0.000)
1454.1s 1405 Object hypothesis: object_move_38 (verified: 0.000)
1454.1s 1406 Object hypothesis: object_move_39 (verified: 0.000)
1454.1s 1407 Object hypothesis: object_move_40 (verified: 0.000)
1454.1s 1408 Object hypothesis: object_move_41 (verified: 0.000)
1454.3s 1409 Object hypothesis: object_move_42 (verified: 0.000)
1454.3s 1410 Object hypothesis: object_move_43 (verified: 0.000)
1454.3s 1411 Object hypothesis: object_move_44 (verified: 0.000)
1454.3s 1412 Object hypothesis: object_move_45 (verified: 0.000)
1454.5s 1413 Object hypothesis: object_move_46 (verified: 0.000)
1454.5s 1414 Object hypothesis: object_move_47 (verified: 0.000)
1454.5s 1415 Object hypothesis: object_move_48 (verified: 0.000)
1454.5s 1416 Object hypothesis: object_move_49 (verified: 0.000)
1454.7s 1417 Object hypothesis: object_move_50 (verified: 0.000)
1454.7s 1418 Object hypothesis: object_move_51 (verified: 0.000)
1454.7s 1419 Object hypothesis: object_move_52 (verified: 0.000)
1454.7s 1420 Object hypothesis: object_move_53 (verified: 0.000)
1454.9s 1421 Object hypothesis: object_move_54 (verified: 0.000)
1454.9s 1422 Object hypothesis: object_move_55 (verified: 0.000)
1454.9s 1423 Object hypothesis: object_move_56 (verified: 0.000)
1454.9s 1424 Object hypothesis: object_move_57 (verified: 0.000)
1455.2s 1425 Object hypothesis: object_move_58 (verified: 0.000)
1455.2s 1426 Object hypothesis: object_move_59 (verified: 0.000)
1455.2s 1427 Object hypothesis: object_move_60 (verified: 0.000)
1455.2s 1428 Object hypothesis: object_move_61 (verified: 0.000)
1455.4s 1429 Object hypothesis: object_move_62 (verified: 0.000)
1455.4s 1430 Object hypothesis: object_move_63 (verified: 0.000)
1455.4s 1431 Object hypothesis: object_move_64 (verified: 0.000)
1455.4s 1432 Object hypothesis: object_move_65 (verified: 0.000)
1455.6s 1433 Object hypothesis: object_move_66 (verified: 0.000)
1455.6s 1434 Object hypothesis: object_move_67 (verified: 0.000)
1455.6s 1435 Object hypothesis: object_move_68 (verified: 0.000)
1455.6s 1436 Object hypothesis: object_move_69 (verified: 0.000)
1455.8s 1437 Object hypothesis: object_move_70 (verified: 0.000)
1455.8s 1438 Object hypothesis: object_move_71 (verified: 0.000)
1455.8s 1439 Object hypothesis: object_move_72 (verified: 0.000)
1455.8s 1440 Object hypothesis: object_move_73 (verified: 0.000)
1456.1s 1441 Object hypothesis: object_move_74 (verified: 0.000)
1456.1s 1442 Object hypothesis: object_move_75 (verified: 0.000)
1456.1s 1443 Object hypothesis: object_move_76 (verified: 0.000)
1456.1s 1444 Object hypothesis: object_move_77 (verified: 0.000)
1456.3s 1445 Object hypothesis: object_move_78 (verified: 0.000)
1456.3s 1446 Object hypothesis: object_move_79 (verified: 0.000)
1456.3s 1447 Object hypothesis: object_move_80 (verified: 0.000)
1456.3s 1448 Object hypothesis: object_move_81 (verified: 0.000)
1456.5s 1449 Object hypothesis: object_move_82 (verified: 0.000)
1456.5s 1450 Object hypothesis: object_move_83 (verified: 0.000)
1456.5s 1451 Object hypothesis: object_move_84 (verified: 0.000)
1456.5s 1452 Object hypothesis: object_move_85 (verified: 0.000)
1456.7s 1453 Object hypothesis: object_move_86 (verified: 0.000)
1456.7s 1454 Object hypothesis: object_move_87 (verified: 0.000)
1456.7s 1455 Object hypothesis: object_move_88 (verified: 0.000)
1456.7s 1456 Object hypothesis: object_move_89 (verified: 0.000)
1456.9s 1457 Object hypothesis: object_move_90 (verified: 0.000)
1456.9s 1458 Object hypothesis: object_move_91 (verified: 0.000)
1456.9s 1459 Object hypothesis: object_move_92 (verified: 0.000)
1456.9s 1460 Object hypothesis: object_move_93 (verified: 0.000)
1457.1s 1461 Object hypothesis: object_move_94 (verified: 0.000)
1457.1s 1462 Object hypothesis: object_move_95 (verified: 0.000)
1457.1s 1463 Object hypothesis: object_move_96 (verified: 0.000)
1457.1s 1464 Object hypothesis: object_move_97 (verified: 0.000)
1457.4s 1465 Object hypothesis: object_move_98 (verified: 0.000)
1457.4s 1466 Object hypothesis: object_move_99 (verified: 0.000)
1457.4s 1467 Object hypothesis: object_move_100 (verified: 0.000)
1457.4s 1468 Object hypothesis: object_move_101 (verified: 0.000)
1457.6s 1469 Object hypothesis: object_move_102 (verified: 0.000)
1457.6s 1470 Object hypothesis: object_move_103 (verified: 0.000)
1457.6s 1471 Object hypothesis: object_move_104 (verified: 0.000)
1457.6s 1472 Object hypothesis: object_move_105 (verified: 0.000)
1457.8s 1473 Object hypothesis: object_move_106 (verified: 0.000)
1457.8s 1474 Object hypothesis: object_move_107 (verified: 0.000)
1457.8s 1475 Object hypothesis: object_move_108 (verified: 0.000)
1457.8s 1476 Object hypothesis: object_move_109 (verified: 0.000)
1458.0s 1477 Object hypothesis: object_move_110 (verified: 0.000)
1458.0s 1478 Object hypothesis: object_move_111 (verified: 0.000)
1458.0s 1479 Object hypothesis: object_move_112 (verified: 0.000)
1458.0s 1480 Object hypothesis: object_move_113 (verified: 0.000)
1458.2s 1481 Object hypothesis: object_move_114 (verified: 0.000)
1458.2s 1482 Object hypothesis: object_move_115 (verified: 0.000)
1458.2s 1483 Object hypothesis: object_move_116 (verified: 0.000)
1458.2s 1484 Object hypothesis: object_move_117 (verified: 0.000)
1458.5s 1485 Object hypothesis: object_move_118 (verified: 0.000)
1458.5s 1486 Object hypothesis: object_move_119 (verified: 0.000)
1458.5s 1487 Object hypothesis: object_move_120 (verified: 0.000)
1458.5s 1488 Object hypothesis: object_move_121 (verified: 0.000)
1458.7s 1489 Object hypothesis: object_move_122 (verified: 0.000)
1458.7s 1490 Object hypothesis: object_move_123 (verified: 0.000)
1458.7s 1491 Object hypothesis: object_move_124 (verified: 0.000)
1458.7s 1492 Object hypothesis: object_move_125 (verified: 0.000)
1458.9s 1493 Object hypothesis: object_move_126 (verified: 0.000)
1458.9s 1494 Object hypothesis: object_move_127 (verified: 0.000)
1458.9s 1495 Object hypothesis: object_move_128 (verified: 0.000)
1458.9s 1496 Object hypothesis: object_move_129 (verified: 0.000)
1459.1s 1497 Object hypothesis: object_move_130 (verified: 0.000)
1459.1s 1498 Object hypothesis: object_move_131 (verified: 0.000)
1459.1s 1499 Object hypothesis: object_move_132 (verified: 0.000)
1459.1s 1500 Object hypothesis: object_move_133 (verified: 0.000)
1459.4s 1501 Object hypothesis: object_move_134 (verified: 0.000)
1459.4s 1502 Object hypothesis: object_move_135 (verified: 0.000)
1459.4s 1503 Object hypothesis: object_move_136 (verified: 0.000)
1459.4s 1504 Object hypothesis: object_move_137 (verified: 0.000)
1459.6s 1505 Object hypothesis: object_move_138 (verified: 0.000)
1459.6s 1506 Object hypothesis: object_move_139 (verified: 0.000)
1459.6s 1507 Object hypothesis: object_move_140 (verified: 0.000)
1459.6s 1508 Object hypothesis: object_move_141 (verified: 0.000)
1459.8s 1509 Object hypothesis: object_move_142 (verified: 0.000)
1459.8s 1510 Object hypothesis: object_move_143 (verified: 0.000)
1459.8s 1511 Object hypothesis: object_move_144 (verified: 0.000)
1459.8s 1512 Object hypothesis: object_move_145 (verified: 0.000)
1460.0s 1513 Object hypothesis: object_move_146 (verified: 0.000)
1460.0s 1514 Object hypothesis: object_move_147 (verified: 0.000)
1460.0s 1515 Object hypothesis: object_move_148 (verified: 0.000)
1460.0s 1516 Object hypothesis: object_move_149 (verified: 0.000)
1460.2s 1517 Object hypothesis: object_move_150 (verified: 0.000)
1460.2s 1518 Object hypothesis: object_move_151 (verified: 0.000)
1460.2s 1519 Object hypothesis: object_move_152 (verified: 0.000)
1460.2s 1520 Object hypothesis: object_move_153 (verified: 0.000)
1460.6s 1521 Object hypothesis: object_move_154 (verified: 0.000)
1460.6s 1522 Object hypothesis: object_move_155 (verified: 0.000)
1460.6s 1523 Object hypothesis: object_move_156 (verified: 0.000)
1460.6s 1524 Object hypothesis: object_move_157 (verified: 0.000)
1460.9s 1525 Object hypothesis: object_move_158 (verified: 0.000)
1460.9s 1526 Object hypothesis: object_move_159 (verified: 0.000)
1460.9s 1527 Object hypothesis: object_move_160 (verified: 0.000)
1460.9s 1528 Object hypothesis: object_move_161 (verified: 0.000)
1461.1s 1529 Object hypothesis: object_move_162 (verified: 0.000)
1461.1s 1530 Object hypothesis: object_move_163 (verified: 0.000)
1461.1s 1531 Object hypothesis: object_move_164 (verified: 0.000)
1461.1s 1532 Object hypothesis: object_move_165 (verified: 0.000)
1461.3s 1533 Object hypothesis: object_move_166 (verified: 0.000)
1461.3s 1534 Object hypothesis: object_move_167 (verified: 0.000)
1461.3s 1535 Object hypothesis: object_move_168 (verified: 0.000)
1461.3s 1536 Object hypothesis: object_move_169 (verified: 0.000)
1461.5s 1537 Object hypothesis: object_move_170 (verified: 0.000)
1461.5s 1538 Object hypothesis: object_move_171 (verified: 0.000)
1461.5s 1539 Object hypothesis: object_move_172 (verified: 0.000)
1461.5s 1540 Object hypothesis: object_move_173 (verified: 0.000)
1461.8s 1541 Object hypothesis: object_move_174 (verified: 0.000)
1461.8s 1542 Object hypothesis: object_move_175 (verified: 0.000)
1461.8s 1543 Object hypothesis: object_move_176 (verified: 0.000)
1461.8s 1544 Object hypothesis: object_move_177 (verified: 0.000)
1462.0s 1545 Object hypothesis: object_move_178 (verified: 0.000)
1462.0s 1546 Object hypothesis: object_move_179 (verified: 0.000)
1462.0s 1547 Object hypothesis: object_move_180 (verified: 0.000)
1462.0s 1548 Object hypothesis: object_move_181 (verified: 0.000)
1462.2s 1549 Object hypothesis: object_move_182 (verified: 0.000)
1462.2s 1550 Object hypothesis: object_move_183 (verified: 0.000)
1462.2s 1551 Object hypothesis: object_move_184 (verified: 0.000)
1462.2s 1552 Object hypothesis: object_move_185 (verified: 0.000)
1462.4s 1553 Object hypothesis: object_move_186 (verified: 0.000)
1462.4s 1554 Object hypothesis: object_move_187 (verified: 0.000)
1462.4s 1555 Object hypothesis: object_move_188 (verified: 0.000)
1462.4s 1556 Object hypothesis: object_move_189 (verified: 0.000)
1462.6s 1557 Object hypothesis: object_move_190 (verified: 0.000)
1462.6s 1558 Object hypothesis: object_move_191 (verified: 0.000)
1462.6s 1559 Object hypothesis: object_move_192 (verified: 0.000)
1462.6s 1560 Object hypothesis: object_move_193 (verified: 0.000)
1462.8s 1561 Object hypothesis: object_move_194 (verified: 0.000)
1462.8s 1562 Object hypothesis: object_move_195 (verified: 0.000)
1462.8s 1563 Object hypothesis: object_move_196 (verified: 0.000)
1462.8s 1564 Object hypothesis: object_move_197 (verified: 0.000)
1463.1s 1565 Object hypothesis: object_move_198 (verified: 0.000)
1463.1s 1566 Object hypothesis: object_move_199 (verified: 0.000)
1463.1s 1567 Object hypothesis: object_move_200 (verified: 0.000)
1463.1s 1568 Object hypothesis: object_move_201 (verified: 0.000)
1463.3s 1569 Object hypothesis: object_move_202 (verified: 0.000)
1463.3s 1570 Object hypothesis: object_move_203 (verified: 0.000)
1463.3s 1571 Object hypothesis: object_move_204 (verified: 0.000)
1463.3s 1572 Object hypothesis: object_move_205 (verified: 0.000)
1463.5s 1573 Object hypothesis: object_move_206 (verified: 0.000)
1463.5s 1574 Object hypothesis: object_move_207 (verified: 0.000)
1463.5s 1575 Object hypothesis: object_move_208 (verified: 0.000)
1463.5s 1576 Object hypothesis: object_move_209 (verified: 0.000)
1463.7s 1577 Object hypothesis: object_move_210 (verified: 0.000)
1463.7s 1578 Object hypothesis: object_move_211 (verified: 0.000)
1463.7s 1579 Object hypothesis: object_move_212 (verified: 0.000)
1463.7s 1580 Object hypothesis: object_move_213 (verified: 0.000)
1463.9s 1581 Object hypothesis: object_move_214 (verified: 0.000)
1463.9s 1582 Object hypothesis: object_move_215 (verified: 0.000)
1463.9s 1583 Object hypothesis: object_move_216 (verified: 0.000)
1463.9s 1584 Object hypothesis: object_move_217 (verified: 0.000)
1464.2s 1585 Object hypothesis: object_move_218 (verified: 0.000)
1464.2s 1586 Object hypothesis: object_move_219 (verified: 0.000)
1464.2s 1587 Object hypothesis: object_move_220 (verified: 0.000)
1464.2s 1588 Object hypothesis: object_move_221 (verified: 0.000)
1464.4s 1589 Object hypothesis: object_move_222 (verified: 0.000)
1464.4s 1590 Object hypothesis: object_move_223 (verified: 0.000)
1464.4s 1591 Object hypothesis: object_move_224 (verified: 0.000)
1464.4s 1592 Object hypothesis: object_move_225 (verified: 0.000)
1464.6s 1593 Object hypothesis: object_move_226 (verified: 0.000)
1464.6s 1594 Object hypothesis: object_move_227 (verified: 0.000)
1464.6s 1595 Object hypothesis: object_move_228 (verified: 0.000)
1464.6s 1596 Object hypothesis: object_move_229 (verified: 0.000)
1464.8s 1597 Object hypothesis: object_move_230 (verified: 0.000)
1464.8s 1598 Object hypothesis: object_move_231 (verified: 0.000)
1464.8s 1599 Object hypothesis: object_move_232 (verified: 0.000)
1464.8s 1600 Object hypothesis: object_move_233 (verified: 0.000)
1465.0s 1601 Object hypothesis: object_move_234 (verified: 0.000)
1465.0s 1602 Object hypothesis: object_move_235 (verified: 0.000)
1465.0s 1603 Object hypothesis: object_move_236 (verified: 0.000)
1465.0s 1604 Object hypothesis: object_move_237 (verified: 0.000)
1465.3s 1605 Object hypothesis: object_move_238 (verified: 0.000)
1465.3s 1606 Object hypothesis: object_move_239 (verified: 0.000)
1465.3s 1607 Object hypothesis: object_move_240 (verified: 0.000)
1465.3s 1608 Object hypothesis: object_move_241 (verified: 0.000)
1465.5s 1609 Object hypothesis: object_move_242 (verified: 0.000)
1465.5s 1610 Object hypothesis: object_move_243 (verified: 0.000)
1465.5s 1611 Object hypothesis: object_move_244 (verified: 0.000)
1465.5s 1612 Object hypothesis: object_move_245 (verified: 0.000)
1465.7s 1613 Object hypothesis: object_move_246 (verified: 0.000)
1465.7s 1614 Object hypothesis: object_move_247 (verified: 0.000)
1465.7s 1615 Object hypothesis: object_move_248 (verified: 0.000)
1465.7s 1616 Object hypothesis: object_move_249 (verified: 0.000)
1465.9s 1617 Object hypothesis: object_move_250 (verified: 0.000)
1465.9s 1618 Object hypothesis: object_move_251 (verified: 0.000)
1465.9s 1619 Object hypothesis: object_move_252 (verified: 0.000)
1465.9s 1620 Object hypothesis: object_move_253 (verified: 0.000)
1466.1s 1621 Object hypothesis: object_move_254 (verified: 0.000)
1466.1s 1622 Object hypothesis: object_move_255 (verified: 0.000)
1466.1s 1623 Object hypothesis: object_move_256 (verified: 0.000)
1466.1s 1624 Object hypothesis: object_move_257 (verified: 0.000)
1466.4s 1625 Object hypothesis: object_move_258 (verified: 0.000)
1466.4s 1626 Object hypothesis: object_move_259 (verified: 0.000)
1466.4s 1627 Object hypothesis: object_move_260 (verified: 0.000)
1466.4s 1628 Object hypothesis: object_move_261 (verified: 0.000)
1466.6s 1629 Object hypothesis: object_move_262 (verified: 0.000)
1466.6s 1630 Object hypothesis: object_move_263 (verified: 0.000)
1466.6s 1631 Object hypothesis: object_move_264 (verified: 0.000)
1466.6s 1632 Object hypothesis: object_move_265 (verified: 0.000)
1466.8s 1633 Object hypothesis: object_move_266 (verified: 0.000)
1466.8s 1634 Object hypothesis: object_move_267 (verified: 0.000)
1466.8s 1635 Object hypothesis: object_move_268 (verified: 0.000)
1466.8s 1636 Object hypothesis: object_move_269 (verified: 0.000)
1467.0s 1637 Object hypothesis: object_move_270 (verified: 0.000)
1467.0s 1638 Object hypothesis: object_move_271 (verified: 0.000)
1467.0s 1639 Object hypothesis: object_move_272 (verified: 0.000)
1467.0s 1640 Object hypothesis: object_move_273 (verified: 0.000)
1467.2s 1641 Object hypothesis: object_move_274 (verified: 0.000)
1467.2s 1642 Object hypothesis: object_move_275 (verified: 0.000)
1467.2s 1643 Object hypothesis: object_move_276 (verified: 0.000)
1467.2s 1644 Object hypothesis: object_move_277 (verified: 0.000)
1467.5s 1645 Object hypothesis: object_move_278 (verified: 0.000)
1467.5s 1646 Object hypothesis: object_move_279 (verified: 0.000)
1467.5s 1647 Object hypothesis: object_move_280 (verified: 0.000)
1467.5s 1648 Object hypothesis: object_move_281 (verified: 0.000)
1467.7s 1649 Object hypothesis: object_move_282 (verified: 0.000)
1467.7s 1650 Object hypothesis: object_move_283 (verified: 0.000)
1467.7s 1651 Object hypothesis: object_move_284 (verified: 0.000)
1467.7s 1652 Object hypothesis: object_move_285 (verified: 0.000)
1467.9s 1653 Object hypothesis: object_move_286 (verified: 0.000)
1467.9s 1654 Object hypothesis: object_move_287 (verified: 0.000)
1467.9s 1655 Object hypothesis: object_move_288 (verified: 0.000)
1467.9s 1656 Object hypothesis: object_move_289 (verified: 0.000)
1468.1s 1657 Object hypothesis: object_move_290 (verified: 0.000)
1468.1s 1658 Object hypothesis: object_move_291 (verified: 0.000)
1468.1s 1659 Object hypothesis: object_move_292 (verified: 0.000)
1468.1s 1660 Object hypothesis: object_move_293 (verified: 0.000)
1468.3s 1661 Object hypothesis: object_move_294 (verified: 0.000)
1468.3s 1662 Object hypothesis: object_move_295 (verified: 0.000)
1468.3s 1663 Object hypothesis: object_move_296 (verified: 0.000)
1468.3s 1664 Object hypothesis: object_move_297 (verified: 0.000)
1468.5s 1665 Object hypothesis: object_move_298 (verified: 0.000)
1468.5s 1666 Object hypothesis: object_move_299 (verified: 0.000)
1468.5s 1667 Object hypothesis: object_move_300 (verified: 0.000)
1468.5s 1668 Object hypothesis: object_move_301 (verified: 0.000)
1468.8s 1669 Object hypothesis: object_move_302 (verified: 0.000)
1468.8s 1670 Object hypothesis: object_move_303 (verified: 0.000)
1468.8s 1671 Object hypothesis: object_move_304 (verified: 0.000)
1468.8s 1672 Object hypothesis: object_move_305 (verified: 0.000)
1469.0s 1673 Object hypothesis: object_move_306 (verified: 0.000)
1469.0s 1674 Object hypothesis: object_move_307 (verified: 0.000)
1469.0s 1675 Object hypothesis: object_move_308 (verified: 0.000)
1469.0s 1676 Object hypothesis: object_move_309 (verified: 0.000)
1469.2s 1677 Object hypothesis: object_move_310 (verified: 0.000)
1469.2s 1678 Object hypothesis: object_move_311 (verified: 0.000)
1469.2s 1679 Object hypothesis: object_move_312 (verified: 0.000)
1469.2s 1680 Object hypothesis: object_move_313 (verified: 0.000)
1469.4s 1681 Object hypothesis: object_move_314 (verified: 0.000)
1469.4s 1682 Object hypothesis: object_move_315 (verified: 0.000)
1469.4s 1683 Object hypothesis: object_move_316 (verified: 0.000)
1469.4s 1684 Object hypothesis: object_move_317 (verified: 0.000)
1469.7s 1685 Object hypothesis: object_move_318 (verified: 0.000)
1469.7s 1686 Object hypothesis: object_move_319 (verified: 0.000)
1469.7s 1687 Object hypothesis: object_move_320 (verified: 0.000)
1469.7s 1688 Object hypothesis: object_move_321 (verified: 0.000)
1469.9s 1689 Object hypothesis: object_move_322 (verified: 0.000)
1469.9s 1690 Object hypothesis: object_move_323 (verified: 0.000)
1469.9s 1691 Object hypothesis: object_move_324 (verified: 0.000)
1469.9s 1692 Object hypothesis: object_move_325 (verified: 0.000)
1470.1s 1693 Object hypothesis: object_move_326 (verified: 0.000)
1470.1s 1694 Object hypothesis: object_move_327 (verified: 0.000)
1470.1s 1695 Object hypothesis: object_move_328 (verified: 0.000)
1470.1s 1696 Object hypothesis: object_move_329 (verified: 0.000)
1470.3s 1697 Object hypothesis: object_move_330 (verified: 0.000)
1470.3s 1698 Object hypothesis: object_move_331 (verified: 0.000)
1470.3s 1699 Object hypothesis: object_move_332 (verified: 0.000)
1470.3s 1700 Object hypothesis: object_move_333 (verified: 0.000)
1470.5s 1701 Object hypothesis: object_move_334 (verified: 0.000)
1470.5s 1702 Object hypothesis: object_move_335 (verified: 0.000)
1470.5s 1703 Object hypothesis: object_move_336 (verified: 0.000)
1470.5s 1704 Object hypothesis: object_move_337 (verified: 0.000)
1470.7s 1705 Object hypothesis: object_move_338 (verified: 0.000)
1470.7s 1706 Object hypothesis: object_move_339 (verified: 0.000)
1470.7s 1707 Object hypothesis: object_move_340 (verified: 0.000)
1470.7s 1708 Object hypothesis: object_move_341 (verified: 0.000)
1471.0s 1709 Object hypothesis: object_move_342 (verified: 0.000)
1471.0s 1710 Object hypothesis: object_move_343 (verified: 0.000)
1471.0s 1711 Object hypothesis: object_move_344 (verified: 0.000)
1471.0s 1712 Object hypothesis: object_move_345 (verified: 0.000)
1471.2s 1713 Object hypothesis: object_move_346 (verified: 0.000)
1471.2s 1714 Object hypothesis: object_move_347 (verified: 0.000)
1471.2s 1715 Object hypothesis: object_move_348 (verified: 0.000)
1471.2s 1716 Object hypothesis: object_move_349 (verified: 0.000)
1471.4s 1717 Object hypothesis: object_move_350 (verified: 0.000)
1471.4s 1718 Object hypothesis: object_move_351 (verified: 0.000)
1471.4s 1719 Object hypothesis: object_move_352 (verified: 0.000)
1471.4s 1720 Object hypothesis: object_move_353 (verified: 0.000)
1471.6s 1721 Object hypothesis: object_move_354 (verified: 0.000)
1471.6s 1722 Object hypothesis: object_move_355 (verified: 0.000)
1471.6s 1723 Object hypothesis: object_move_356 (verified: 0.000)
1471.6s 1724 Object hypothesis: object_move_357 (verified: 0.000)
1471.9s 1725 Object hypothesis: object_move_358 (verified: 0.000)
1471.9s 1726 Object hypothesis: object_move_359 (verified: 0.000)
1471.9s 1727 Object hypothesis: object_move_360 (verified: 0.000)
1471.9s 1728 Object hypothesis: object_move_361 (verified: 0.000)
1472.1s 1729 Object hypothesis: object_move_362 (verified: 0.000)
1472.1s 1730 Object hypothesis: object_move_363 (verified: 0.000)
1472.1s 1731 Object hypothesis: object_move_364 (verified: 0.000)
1472.1s 1732 Object hypothesis: object_move_365 (verified: 0.000)
1472.3s 1733 Object hypothesis: object_move_366 (verified: 0.000)
1472.3s 1734 Object hypothesis: object_move_367 (verified: 0.000)
1472.3s 1735 Object hypothesis: object_move_368 (verified: 0.000)
1472.3s 1736 Object hypothesis: object_move_369 (verified: 0.000)
1472.5s 1737 Object hypothesis: object_move_370 (verified: 0.000)
1472.5s 1738 Object hypothesis: object_move_371 (verified: 0.000)
1472.5s 1739 Object hypothesis: object_move_372 (verified: 0.000)
1472.5s 1740 Object hypothesis: object_move_373 (verified: 0.000)
1472.7s 1741 Object hypothesis: object_move_374 (verified: 0.000)
1472.7s 1742 Object hypothesis: object_move_375 (verified: 0.000)
1472.7s 1743 Object hypothesis: object_move_376 (verified: 0.000)
1472.7s 1744 Object hypothesis: object_move_377 (verified: 0.000)
1472.9s 1745 Object hypothesis: object_move_378 (verified: 0.000)
1472.9s 1746 Object hypothesis: object_move_379 (verified: 0.000)
1472.9s 1747 Object hypothesis: object_move_380 (verified: 0.000)
1472.9s 1748 Object hypothesis: object_move_381 (verified: 0.000)
1473.2s 1749 Object hypothesis: object_move_382 (verified: 0.000)
1473.2s 1750 Object hypothesis: object_move_383 (verified: 0.000)
1473.2s 1751 Object hypothesis: object_move_384 (verified: 0.000)
1473.2s 1752 Object hypothesis: object_move_385 (verified: 0.000)
1473.4s 1753 Object hypothesis: object_move_386 (verified: 0.000)
1473.4s 1754 Object hypothesis: object_move_387 (verified: 0.000)
1473.4s 1755 Object hypothesis: object_move_388 (verified: 0.000)
1473.4s 1756 Object hypothesis: object_move_389 (verified: 0.000)
1473.6s 1757 Object hypothesis: object_move_390 (verified: 0.000)
1473.6s 1758 Object hypothesis: object_move_391 (verified: 0.000)
1473.6s 1759 Object hypothesis: object_move_392 (verified: 0.000)
1473.6s 1760 Object hypothesis: object_move_393 (verified: 0.000)
1473.8s 1761 Object hypothesis: object_move_394 (verified: 0.000)
1473.8s 1762 Object hypothesis: object_move_395 (verified: 0.000)
1473.8s 1763 Object hypothesis: object_move_396 (verified: 0.000)
1473.8s 1764 Object hypothesis: object_move_397 (verified: 0.000)
1474.0s 1765 Object hypothesis: object_move_398 (verified: 0.000)
1474.0s 1766 Object hypothesis: object_move_399 (verified: 0.000)
1474.0s 1767 Object hypothesis: object_move_400 (verified: 0.000)
1474.0s 1768 Object hypothesis: object_move_401 (verified: 0.000)
1474.3s 1769 Object hypothesis: object_move_402 (verified: 0.000)
1474.3s 1770 Object hypothesis: object_move_403 (verified: 0.000)
1474.3s 1771 Object hypothesis: object_move_404 (verified: 0.000)
1474.3s 1772 Object hypothesis: object_move_405 (verified: 0.000)
1474.5s 1773 Object hypothesis: object_move_406 (verified: 0.000)
1474.5s 1774 Object hypothesis: object_move_407 (verified: 0.000)
1474.5s 1775 Object hypothesis: object_move_408 (verified: 0.000)
1474.5s 1776 Object hypothesis: object_move_409 (verified: 0.000)
1474.7s 1777 Object hypothesis: object_move_410 (verified: 0.000)
1474.7s 1778 Object hypothesis: object_move_411 (verified: 0.000)
1474.7s 1779 Object hypothesis: object_move_412 (verified: 0.000)
1474.7s 1780 Object hypothesis: object_move_413 (verified: 0.000)
1474.9s 1781 Object hypothesis: object_move_414 (verified: 0.000)
1474.9s 1782 Object hypothesis: object_move_415 (verified: 0.000)
1474.9s 1783 Object hypothesis: object_move_416 (verified: 0.000)
1474.9s 1784 Object hypothesis: object_move_417 (verified: 0.000)
1475.1s 1785 Object hypothesis: object_move_418 (verified: 0.000)
1475.1s 1786 Object hypothesis: object_move_419 (verified: 0.000)
1475.1s 1787 Object hypothesis: object_move_420 (verified: 0.000)
1475.1s 1788 Object hypothesis: object_move_421 (verified: 0.000)
1475.3s 1789 Object hypothesis: object_move_422 (verified: 0.000)
1475.3s 1790 Object hypothesis: object_move_423 (verified: 0.000)
1475.3s 1791 Object hypothesis: object_move_424 (verified: 0.000)
1475.3s 1792 Object hypothesis: object_move_425 (verified: 0.000)
1475.6s 1793 Object hypothesis: object_move_426 (verified: 0.000)
1475.6s 1794 Object hypothesis: object_move_427 (verified: 0.000)
1475.6s 1795 Object hypothesis: object_move_428 (verified: 0.000)
1475.6s 1796 Object hypothesis: object_move_429 (verified: 0.000)
1475.8s 1797 Object hypothesis: object_move_430 (verified: 0.000)
1475.8s 1798 Object hypothesis: object_move_431 (verified: 0.000)
1475.8s 1799 Object hypothesis: object_move_432 (verified: 0.000)
1475.8s 1800 Object hypothesis: object_move_433 (verified: 0.000)
1476.0s 1801 Object hypothesis: object_move_434 (verified: 0.000)
1476.0s 1802 Object hypothesis: object_move_435 (verified: 0.000)
1476.0s 1803 Object hypothesis: object_move_436 (verified: 0.000)
1476.0s 1804 Object hypothesis: object_move_437 (verified: 0.000)
1476.3s 1805 Object hypothesis: object_move_438 (verified: 0.000)
1476.3s 1806 Object hypothesis: object_move_439 (verified: 0.000)
1476.5s 1807 Object hypothesis: object_move_440 (verified: 0.000)
1476.5s 1808 Object hypothesis: object_move_441 (verified: 0.000)
1476.5s 1809 Object hypothesis: object_move_442 (verified: 0.000)
1476.5s 1810 Object hypothesis: object_move_443 (verified: 0.000)
1476.8s 1811 Object hypothesis: object_move_444 (verified: 0.000)
1476.8s 1812 Object hypothesis: object_move_445 (verified: 0.000)
1476.8s 1813 Object hypothesis: object_move_446 (verified: 0.000)
1476.8s 1814 Object hypothesis: object_move_447 (verified: 0.000)
1477.0s 1815 Object hypothesis: object_move_448 (verified: 0.000)
1477.0s 1816 Object hypothesis: object_move_449 (verified: 0.000)
1477.0s 1817 Object hypothesis: object_move_450 (verified: 0.000)
1477.0s 1818 Object hypothesis: object_move_451 (verified: 0.000)
1477.2s 1819 Object hypothesis: object_move_452 (verified: 0.000)
1477.2s 1820 Object hypothesis: object_move_453 (verified: 0.000)
1477.2s 1821 Object hypothesis: object_move_454 (verified: 0.000)
1477.2s 1822 Object hypothesis: object_move_455 (verified: 0.000)
1477.4s 1823 Object hypothesis: object_move_456 (verified: 0.000)
1477.4s 1824 Object hypothesis: object_move_457 (verified: 0.000)
1477.4s 1825 Object hypothesis: object_copy_458 (verified: 0.000)
1477.4s 1826 Object hypothesis: object_copy_459 (verified: 0.000)
1477.6s 1827 Object hypothesis: object_copy_460 (verified: 0.000)
1477.6s 1828 Object hypothesis: object_copy_461 (verified: 0.000)
1477.6s 1829 Object hypothesis: object_copy_462 (verified: 0.000)
1477.6s 1830 Object hypothesis: object_copy_463 (verified: 0.000)
1477.9s 1831 Object hypothesis: object_copy_464 (verified: 0.000)
1477.9s 1832 Object hypothesis: object_copy_465 (verified: 0.000)
1477.9s 1833 Object hypothesis: object_move_466 (verified: 0.000)
1477.9s 1834 Object hypothesis: object_move_467 (verified: 0.000)
1478.1s 1835 Object hypothesis: object_move_468 (verified: 0.000)
1478.1s 1836 Object hypothesis: object_move_469 (verified: 0.000)
1478.1s 1837 Object hypothesis: object_move_470 (verified: 0.000)
1478.1s 1838 Object hypothesis: object_move_471 (verified: 0.000)
1478.3s 1839 Object hypothesis: object_move_472 (verified: 0.000)
1478.3s 1840 Object hypothesis: object_move_473 (verified: 0.000)
1478.3s 1841 Object hypothesis: object_move_474 (verified: 0.000)
1478.3s 1842 Object hypothesis: object_move_475 (verified: 0.000)
1478.5s 1843 Object hypothesis: object_move_476 (verified: 0.000)
1478.5s 1844 Object hypothesis: object_move_477 (verified: 0.000)
1478.5s 1845 Object hypothesis: object_move_478 (verified: 0.000)
1478.5s 1846 Object hypothesis: object_move_479 (verified: 0.000)
1478.7s 1847 Object hypothesis: object_move_480 (verified: 0.000)
1478.7s 1848 Object hypothesis: object_move_481 (verified: 0.000)
1478.7s 1849 Object hypothesis: object_move_482 (verified: 0.000)
1478.7s 1850 Object hypothesis: object_move_483 (verified: 0.000)
1478.9s 1851 Object hypothesis: object_move_484 (verified: 0.000)
1478.9s 1852 Object hypothesis: object_move_485 (verified: 0.000)
1478.9s 1853 Object hypothesis: object_move_486 (verified: 0.000)
1478.9s 1854 Object hypothesis: object_move_487 (verified: 0.000)
1479.2s 1855 Object hypothesis: object_move_488 (verified: 0.000)
1479.2s 1856 Object hypothesis: object_move_489 (verified: 0.000)
1479.2s 1857 Object hypothesis: object_move_490 (verified: 0.000)
1479.2s 1858 Object hypothesis: object_move_491 (verified: 0.000)
1479.4s 1859 Object hypothesis: object_move_492 (verified: 0.000)
1479.4s 1860 Object hypothesis: object_move_493 (verified: 0.000)
1479.4s 1861 Object hypothesis: object_move_494 (verified: 0.000)
1479.4s 1862 Object hypothesis: object_move_495 (verified: 0.000)
1479.6s 1863 Object hypothesis: object_move_496 (verified: 0.000)
1479.6s 1864 Object hypothesis: object_move_497 (verified: 0.000)
1479.6s 1865 Object hypothesis: object_move_498 (verified: 0.000)
1479.6s 1866 Object hypothesis: object_move_499 (verified: 0.000)
1479.8s 1867 Object hypothesis: object_move_500 (verified: 0.000)
1479.8s 1868 Object hypothesis: object_move_501 (verified: 0.000)
1479.8s 1869 Object hypothesis: object_move_502 (verified: 0.000)
1479.8s 1870 Object hypothesis: object_move_503 (verified: 0.000)
1480.0s 1871 Object hypothesis: object_move_504 (verified: 0.000)
1480.0s 1872 Object hypothesis: object_move_505 (verified: 0.000)
1480.0s 1873 Object hypothesis: object_move_506 (verified: 0.000)
1480.0s 1874 Object hypothesis: object_move_507 (verified: 0.000)
1480.3s 1875 Object hypothesis: object_move_508 (verified: 0.000)
1480.3s 1876 Object hypothesis: object_move_509 (verified: 0.000)
1480.3s 1877 Object hypothesis: object_move_510 (verified: 0.000)
1480.3s 1878 Object hypothesis: object_move_511 (verified: 0.000)
1480.5s 1879 Object hypothesis: object_move_512 (verified: 0.000)
1480.5s 1880 Object hypothesis: object_move_513 (verified: 0.000)
1480.5s 1881 Object hypothesis: object_move_514 (verified: 0.000)
1480.5s 1882 Object hypothesis: object_move_515 (verified: 0.000)
1480.7s 1883 Object hypothesis: object_move_516 (verified: 0.000)
1480.7s 1884 Object hypothesis: object_move_517 (verified: 0.000)
1480.7s 1885 Object hypothesis: object_move_518 (verified: 0.000)
1480.7s 1886 Object hypothesis: object_move_519 (verified: 0.000)
1481.1s 1887 Object hypothesis: object_move_520 (verified: 0.000)
1481.1s 1888 Object hypothesis: object_move_521 (verified: 0.000)
1481.1s 1889 Object hypothesis: object_move_522 (verified: 0.000)
1481.1s 1890 Object hypothesis: object_move_523 (verified: 0.000)
1481.3s 1891 Object hypothesis: object_move_524 (verified: 0.000)
1481.3s 1892 Object hypothesis: object_move_525 (verified: 0.000)
1481.3s 1893 Object hypothesis: object_move_526 (verified: 0.000)
1481.3s 1894 Object hypothesis: object_move_527 (verified: 0.000)
1481.6s 1895 Object hypothesis: object_move_528 (verified: 0.000)
1481.6s 1896 Object hypothesis: object_move_529 (verified: 0.000)
1481.6s 1897 Object hypothesis: object_move_530 (verified: 0.000)
1481.6s 1898 Object hypothesis: object_move_531 (verified: 0.000)
1481.8s 1899 Object hypothesis: object_move_532 (verified: 0.000)
1481.8s 1900 Object hypothesis: object_move_533 (verified: 0.000)
1481.8s 1901 Object hypothesis: object_move_534 (verified: 0.000)
1481.8s 1902 Object hypothesis: object_move_535 (verified: 0.000)
1482.0s 1903 Object hypothesis: object_move_536 (verified: 0.000)
1482.0s 1904 Object hypothesis: object_move_537 (verified: 0.000)
1482.0s 1905 Object hypothesis: object_move_538 (verified: 0.000)
1482.0s 1906 Object hypothesis: object_move_539 (verified: 0.000)
1482.2s 1907 Object hypothesis: object_move_540 (verified: 0.000)
1482.2s 1908 Object hypothesis: object_move_541 (verified: 0.000)
1482.2s 1909 Object hypothesis: object_move_542 (verified: 0.000)
1482.2s 1910 Object hypothesis: object_move_543 (verified: 0.000)
1482.4s 1911 Object hypothesis: object_move_544 (verified: 0.000)
1482.4s 1912 Object hypothesis: object_move_545 (verified: 0.000)
1482.4s 1913 Object hypothesis: object_move_546 (verified: 0.000)
1482.4s 1914 Object hypothesis: object_move_547 (verified: 0.000)
1482.7s 1915 Object hypothesis: object_move_548 (verified: 0.000)
1482.7s 1916 Object hypothesis: object_move_549 (verified: 0.000)
1482.7s 1917 Object hypothesis: object_move_550 (verified: 0.000)
1482.7s 1918 Object hypothesis: object_move_551 (verified: 0.000)
1482.9s 1919 Object hypothesis: object_move_552 (verified: 0.000)
1482.9s 1920 Object hypothesis: object_move_553 (verified: 0.000)
1482.9s 1921 Object hypothesis: object_move_554 (verified: 0.000)
1482.9s 1922 Object hypothesis: object_move_555 (verified: 0.000)
1483.1s 1923 Object hypothesis: object_move_556 (verified: 0.000)
1483.1s 1924 Object hypothesis: object_move_557 (verified: 0.000)
1483.1s 1925 Object hypothesis: object_move_558 (verified: 0.000)
1483.1s 1926 Object hypothesis: object_move_559 (verified: 0.000)
1483.3s 1927 Object hypothesis: object_move_560 (verified: 0.000)
1483.3s 1928 Object hypothesis: object_move_561 (verified: 0.000)
1483.3s 1929 Object hypothesis: object_move_562 (verified: 0.000)
1483.3s 1930 Object hypothesis: object_move_563 (verified: 0.000)
1483.5s 1931 Object hypothesis: object_move_564 (verified: 0.000)
1483.5s 1932 Object hypothesis: object_move_565 (verified: 0.000)
1483.5s 1933 Object hypothesis: object_move_566 (verified: 0.000)
1483.5s 1934 Object hypothesis: object_move_567 (verified: 0.000)
1483.7s 1935 Object hypothesis: object_move_568 (verified: 0.000)
1483.7s 1936 Object hypothesis: object_move_569 (verified: 0.000)
1483.7s 1937 Object hypothesis: object_move_570 (verified: 0.000)
1483.7s 1938 Object hypothesis: object_move_571 (verified: 0.000)
1484.0s 1939 Object hypothesis: object_move_572 (verified: 0.000)
1484.0s 1940 Object hypothesis: object_move_573 (verified: 0.000)
1484.0s 1941 Object hypothesis: object_move_574 (verified: 0.000)
1484.0s 1942 Object hypothesis: object_move_575 (verified: 0.000)
1484.2s 1943 Object hypothesis: object_move_576 (verified: 0.000)
1484.2s 1944 Object hypothesis: object_move_577 (verified: 0.000)
1484.2s 1945 Object hypothesis: object_move_578 (verified: 0.000)
1484.2s 1946 Object hypothesis: object_move_579 (verified: 0.000)
1484.4s 1947 Object hypothesis: object_move_580 (verified: 0.000)
1484.4s 1948 Object hypothesis: object_move_581 (verified: 0.000)
1484.4s 1949 Object hypothesis: object_move_582 (verified: 0.000)
1484.4s 1950 Object hypothesis: object_move_583 (verified: 0.000)
1484.6s 1951 Object hypothesis: object_move_584 (verified: 0.000)
1484.6s 1952 Object hypothesis: object_move_585 (verified: 0.000)
1484.6s 1953 Object hypothesis: object_move_586 (verified: 0.000)
1484.6s 1954 Object hypothesis: object_move_587 (verified: 0.000)
1484.8s 1955 Object hypothesis: object_move_588 (verified: 0.000)
1484.8s 1956 Object hypothesis: object_move_589 (verified: 0.000)
1484.8s 1957 Object hypothesis: object_move_590 (verified: 0.000)
1484.8s 1958 Object hypothesis: object_move_591 (verified: 0.000)
1485.0s 1959 Object hypothesis: object_move_592 (verified: 0.000)
1485.0s 1960 Object hypothesis: object_move_593 (verified: 0.000)
1485.0s 1961 Object hypothesis: object_move_594 (verified: 0.000)
1485.0s 1962 Object hypothesis: object_move_595 (verified: 0.000)
1485.3s 1963 Object hypothesis: object_move_596 (verified: 0.000)
1485.3s 1964 Object hypothesis: object_move_597 (verified: 0.000)
1485.3s 1965 Object hypothesis: object_move_598 (verified: 0.000)
1485.3s 1966 Object hypothesis: object_move_599 (verified: 0.000)
1485.5s 1967 Object hypothesis: object_move_600 (verified: 0.000)
1485.5s 1968 Object hypothesis: object_move_601 (verified: 0.000)
1485.5s 1969 Object hypothesis: object_move_602 (verified: 0.000)
1485.5s 1970 Object hypothesis: object_move_603 (verified: 0.000)
1485.7s 1971 Object hypothesis: object_move_604 (verified: 0.000)
1485.7s 1972 Object hypothesis: object_move_605 (verified: 0.000)
1485.7s 1973 Object hypothesis: object_move_606 (verified: 0.000)
1485.7s 1974 Object hypothesis: object_move_607 (verified: 0.000)
1485.9s 1975 Object hypothesis: object_move_608 (verified: 0.000)
1485.9s 1976 Object hypothesis: object_move_609 (verified: 0.000)
1485.9s 1977 Object hypothesis: object_move_610 (verified: 0.000)
1485.9s 1978 Object hypothesis: object_move_611 (verified: 0.000)
1486.1s 1979 Object hypothesis: object_move_612 (verified: 0.000)
1486.1s 1980 Object hypothesis: object_move_613 (verified: 0.000)
1486.1s 1981 Object hypothesis: object_move_614 (verified: 0.000)
1486.1s 1982 Object hypothesis: object_move_615 (verified: 0.000)
1486.4s 1983 Object hypothesis: object_move_616 (verified: 0.000)
1486.4s 1984 Object hypothesis: object_move_617 (verified: 0.000)
1486.4s 1985 Object hypothesis: object_move_618 (verified: 0.000)
1486.4s 1986 Object hypothesis: object_move_619 (verified: 0.000)
1486.6s 1987 Object hypothesis: object_move_620 (verified: 0.000)
1486.6s 1988 Object hypothesis: object_move_621 (verified: 0.000)
1486.6s 1989 Object hypothesis: object_move_622 (verified: 0.000)
1486.6s 1990 Object hypothesis: object_move_623 (verified: 0.000)
1486.8s 1991 Object hypothesis: object_move_624 (verified: 0.000)
1486.8s 1992 Object hypothesis: object_move_625 (verified: 0.000)
1486.8s 1993 Object hypothesis: object_move_626 (verified: 0.000)
1486.8s 1994 Object hypothesis: object_move_627 (verified: 0.000)
1487.0s 1995 Object hypothesis: object_move_628 (verified: 0.000)
1487.0s 1996 Object hypothesis: object_move_629 (verified: 0.000)
1487.0s 1997 Object hypothesis: object_move_630 (verified: 0.000)
1487.0s 1998 Object hypothesis: object_move_631 (verified: 0.000)
1487.2s 1999 Object hypothesis: object_move_632 (verified: 0.000)
1487.2s 2000 Object hypothesis: object_move_633 (verified: 0.000)
1487.2s 2001 Object hypothesis: object_move_634 (verified: 0.000)
1487.2s 2002 Object hypothesis: object_move_635 (verified: 0.000)
1487.5s 2003 Object hypothesis: object_move_636 (verified: 0.000)
1487.5s 2004 Object hypothesis: object_move_637 (verified: 0.000)
1487.5s 2005 Object hypothesis: object_move_638 (verified: 0.000)
1487.5s 2006 Object hypothesis: object_move_639 (verified: 0.000)
1487.7s 2007 Object hypothesis: object_move_640 (verified: 0.000)
1487.7s 2008 Object hypothesis: object_move_641 (verified: 0.000)
1487.7s 2009 Object hypothesis: object_move_642 (verified: 0.000)
1487.7s 2010 Object hypothesis: object_move_643 (verified: 0.000)
1487.9s 2011 Object hypothesis: object_move_644 (verified: 0.000)
1487.9s 2012 Object hypothesis: object_move_645 (verified: 0.000)
1487.9s 2013 Object hypothesis: object_move_646 (verified: 0.000)
1487.9s 2014 Object hypothesis: object_move_647 (verified: 0.000)
1488.1s 2015 Object hypothesis: object_move_648 (verified: 0.000)
1488.1s 2016 Object hypothesis: object_move_649 (verified: 0.000)
1488.1s 2017 Object hypothesis: object_move_650 (verified: 0.000)
1488.1s 2018 Object hypothesis: object_move_651 (verified: 0.000)
1488.3s 2019 Object hypothesis: object_move_652 (verified: 0.000)
1488.3s 2020 Object hypothesis: object_move_653 (verified: 0.000)
1488.3s 2021 Object hypothesis: object_move_654 (verified: 0.000)
1488.3s 2022 Object hypothesis: object_move_655 (verified: 0.000)
1488.5s 2023 Object hypothesis: object_move_656 (verified: 0.000)
1488.5s 2024 Object hypothesis: object_move_657 (verified: 0.000)
1488.5s 2025 Object hypothesis: object_move_658 (verified: 0.000)
1488.5s 2026 Object hypothesis: object_move_659 (verified: 0.000)
1488.8s 2027 Object hypothesis: object_move_660 (verified: 0.000)
1488.8s 2028 Object hypothesis: object_move_661 (verified: 0.000)
1488.8s 2029 Object hypothesis: object_move_662 (verified: 0.000)
1488.8s 2030 Object hypothesis: object_move_663 (verified: 0.000)
1489.0s 2031 Object hypothesis: object_move_664 (verified: 0.000)
1489.0s 2032 Object hypothesis: object_move_665 (verified: 0.000)
1489.0s 2033 Object hypothesis: object_move_666 (verified: 0.000)
1489.0s 2034 Object hypothesis: object_move_667 (verified: 0.000)
1489.2s 2035 Object hypothesis: object_move_668 (verified: 0.000)
1489.2s 2036 Object hypothesis: object_move_669 (verified: 0.000)
1489.2s 2037 Object hypothesis: object_move_670 (verified: 0.000)
1489.2s 2038 Object hypothesis: object_move_671 (verified: 0.000)
1489.4s 2039 Object hypothesis: object_move_672 (verified: 0.000)
1489.4s 2040 Object hypothesis: object_move_673 (verified: 0.000)
1489.4s 2041 Object hypothesis: object_move_674 (verified: 0.000)
1489.4s 2042 Object hypothesis: object_move_675 (verified: 0.000)
1489.6s 2043 Object hypothesis: object_move_676 (verified: 0.000)
1489.6s 2044 Object hypothesis: object_move_677 (verified: 0.000)
1489.6s 2045 Object hypothesis: object_move_678 (verified: 0.000)
1489.6s 2046 Object hypothesis: object_move_679 (verified: 0.000)
1489.9s 2047 Object hypothesis: object_move_680 (verified: 0.000)
1490.1s 2048 Object hypothesis: object_move_681 (verified: 0.000)
1490.1s 2049 Object hypothesis: object_move_682 (verified: 0.000)
1490.1s 2050 Object hypothesis: object_move_683 (verified: 0.000)
1490.1s 2051 Object hypothesis: object_move_684 (verified: 0.000)
1490.3s 2052 Object hypothesis: object_move_685 (verified: 0.000)
1490.3s 2053 Object hypothesis: object_move_686 (verified: 0.000)
1490.3s 2054 Object hypothesis: object_move_687 (verified: 0.000)
1490.3s 2055 Object hypothesis: object_move_688 (verified: 0.000)
1490.6s 2056 Object hypothesis: object_move_689 (verified: 0.000)
1490.6s 2057 Object hypothesis: object_move_690 (verified: 0.000)
1490.6s 2058 Object hypothesis: object_move_691 (verified: 0.000)
1490.6s 2059 Object hypothesis: object_move_692 (verified: 0.000)
1490.8s 2060 Object hypothesis: object_move_693 (verified: 0.000)
1490.8s 2061 Object hypothesis: object_move_694 (verified: 0.000)
1490.8s 2062 Object hypothesis: object_move_695 (verified: 0.000)
1490.8s 2063 Object hypothesis: object_move_696 (verified: 0.000)
1491.0s 2064 Object hypothesis: object_move_697 (verified: 0.000)
1491.0s 2065 Object hypothesis: object_move_698 (verified: 0.000)
1491.0s 2066 Object hypothesis: object_move_699 (verified: 0.000)
1491.0s 2067 Object hypothesis: object_move_700 (verified: 0.000)
1491.2s 2068 Object hypothesis: object_move_701 (verified: 0.000)
1491.2s 2069 Object hypothesis: object_move_702 (verified: 0.000)
1491.2s 2070 Object hypothesis: object_move_703 (verified: 0.000)
1491.2s 2071 Object hypothesis: object_move_704 (verified: 0.000)
1491.4s 2072 Object hypothesis: object_move_705 (verified: 0.000)
1491.4s 2073 Object hypothesis: object_move_706 (verified: 0.000)
1491.4s 2074 Object hypothesis: object_move_707 (verified: 0.000)
1491.4s 2075 Object hypothesis: object_move_708 (verified: 0.000)
1491.6s 2076 Object hypothesis: object_move_709 (verified: 0.000)
1491.6s 2077 Object hypothesis: object_move_710 (verified: 0.000)
1491.6s 2078 Object hypothesis: object_move_711 (verified: 0.000)
1491.6s 2079 Object hypothesis: object_move_712 (verified: 0.000)
1491.9s 2080 Object hypothesis: object_move_713 (verified: 0.000)
1491.9s 2081 Object hypothesis: object_move_714 (verified: 0.000)
1491.9s 2082 Object hypothesis: object_move_715 (verified: 0.000)
1491.9s 2083 Object hypothesis: object_move_716 (verified: 0.000)
1492.1s 2084 Object hypothesis: object_move_717 (verified: 0.000)
1492.1s 2085 Object hypothesis: object_move_718 (verified: 0.000)
1492.1s 2086 Object hypothesis: object_move_719 (verified: 0.000)
1492.1s 2087 Object hypothesis: object_move_720 (verified: 0.000)
1492.3s 2088 Object hypothesis: object_move_721 (verified: 0.000)
1492.3s 2089 Object hypothesis: object_move_722 (verified: 0.000)
1492.3s 2090 Object hypothesis: object_move_723 (verified: 0.000)
1492.3s 2091 Object hypothesis: object_move_724 (verified: 0.000)
1492.5s 2092 Object hypothesis: object_move_725 (verified: 0.000)
1492.5s 2093 Object hypothesis: object_move_726 (verified: 0.000)
1492.5s 2094 Object hypothesis: object_move_727 (verified: 0.000)
1492.5s 2095 Object hypothesis: object_move_728 (verified: 0.000)
1492.7s 2096 Object hypothesis: object_move_729 (verified: 0.000)
1492.7s 2097 Object hypothesis: object_move_730 (verified: 0.000)
1492.7s 2098 Object hypothesis: object_move_731 (verified: 0.000)
1492.7s 2099 Object hypothesis: object_move_732 (verified: 0.000)
1493.0s 2100 Object hypothesis: object_move_733 (verified: 0.000)
1493.0s 2101 Object hypothesis: object_move_734 (verified: 0.000)
1493.0s 2102 Object hypothesis: object_move_735 (verified: 0.000)
1493.0s 2103 Object hypothesis: object_move_736 (verified: 0.000)
1493.2s 2104 Object hypothesis: object_move_737 (verified: 0.000)
1493.2s 2105 Object hypothesis: object_move_738 (verified: 0.000)
1493.2s 2106 Object hypothesis: object_move_739 (verified: 0.000)
1493.2s 2107 Object hypothesis: object_move_740 (verified: 0.000)
1493.4s 2108 Object hypothesis: object_move_741 (verified: 0.000)
1493.4s 2109 Object hypothesis: object_move_742 (verified: 0.000)
1493.4s 2110 Object hypothesis: object_move_743 (verified: 0.000)
1493.4s 2111 Object hypothesis: object_move_744 (verified: 0.000)
1493.6s 2112 Object hypothesis: object_move_745 (verified: 0.000)
1493.6s 2113 Object hypothesis: object_move_746 (verified: 0.000)
1493.6s 2114 Object hypothesis: object_move_747 (verified: 0.000)
1493.6s 2115 Object hypothesis: object_move_748 (verified: 0.000)
1493.8s 2116 Object hypothesis: object_move_749 (verified: 0.000)
1493.8s 2117 Object hypothesis: object_move_750 (verified: 0.000)
1493.8s 2118 Object hypothesis: object_move_751 (verified: 0.000)
1493.8s 2119 Object hypothesis: object_move_752 (verified: 0.000)
1494.1s 2120 Object hypothesis: object_move_753 (verified: 0.000)
1494.1s 2121 Object hypothesis: object_move_754 (verified: 0.000)
1494.1s 2122 Object hypothesis: object_move_755 (verified: 0.000)
1494.1s 2123 Object hypothesis: object_move_756 (verified: 0.000)
1494.3s 2124 Object hypothesis: object_move_757 (verified: 0.000)
1494.3s 2125 Object hypothesis: object_move_758 (verified: 0.000)
1494.3s 2126 Object hypothesis: object_move_759 (verified: 0.000)
1494.3s 2127 Object hypothesis: object_move_760 (verified: 0.000)
1494.5s 2128 Object hypothesis: object_move_761 (verified: 0.000)
1494.5s 2129 Object hypothesis: object_move_762 (verified: 0.000)
1494.5s 2130 Object hypothesis: object_move_763 (verified: 0.000)
1494.5s 2131 Object hypothesis: object_move_764 (verified: 0.000)
1494.7s 2132 Object hypothesis: object_move_765 (verified: 0.000)
1494.7s 2133 Object hypothesis: object_move_766 (verified: 0.000)
1494.7s 2134 Object hypothesis: object_move_767 (verified: 0.000)
1494.7s 2135 Object hypothesis: object_move_768 (verified: 0.000)
1494.9s 2136 Object hypothesis: object_move_769 (verified: 0.000)
1494.9s 2137 Object hypothesis: object_move_770 (verified: 0.000)
1494.9s 2138 Object hypothesis: object_move_771 (verified: 0.000)
1494.9s 2139 Object hypothesis: object_move_772 (verified: 0.000)
1495.1s 2140 Object hypothesis: object_move_773 (verified: 0.000)
1495.1s 2141 Object hypothesis: object_move_774 (verified: 0.000)
1495.1s 2142 Object hypothesis: object_move_775 (verified: 0.000)
1495.1s 2143 Object hypothesis: object_move_776 (verified: 0.000)
1495.4s 2144 Object hypothesis: object_move_777 (verified: 0.000)
1495.4s 2145 Object hypothesis: object_move_778 (verified: 0.000)
1495.4s 2146 Object hypothesis: object_move_779 (verified: 0.000)
1495.4s 2147 Object hypothesis: object_move_780 (verified: 0.000)
1495.6s 2148 Object hypothesis: object_move_781 (verified: 0.000)
1495.6s 2149 Object hypothesis: object_move_782 (verified: 0.000)
1495.6s 2150 Object hypothesis: object_move_783 (verified: 0.000)
1495.6s 2151 Object hypothesis: object_move_784 (verified: 0.000)
1495.8s 2152 Object hypothesis: object_move_785 (verified: 0.000)
1495.8s 2153 Object hypothesis: object_move_786 (verified: 0.000)
1495.8s 2154 Object hypothesis: object_move_787 (verified: 0.000)
1495.8s 2155 Object hypothesis: object_move_788 (verified: 0.000)
1496.0s 2156 Object hypothesis: object_move_789 (verified: 0.000)
1496.0s 2157 Object hypothesis: object_move_790 (verified: 0.000)
1496.0s 2158 Object hypothesis: object_move_791 (verified: 0.000)
1496.0s 2159 Object hypothesis: object_move_792 (verified: 0.000)
1496.2s 2160 Object hypothesis: object_move_793 (verified: 0.000)
1496.2s 2161 Object hypothesis: object_move_794 (verified: 0.000)
1496.2s 2162 Object hypothesis: object_move_795 (verified: 0.000)
1496.2s 2163 Object hypothesis: object_move_796 (verified: 0.000)
1496.4s 2164 Object hypothesis: object_move_797 (verified: 0.000)
1496.4s 2165 Object hypothesis: object_move_798 (verified: 0.000)
1496.4s 2166 Object hypothesis: object_move_799 (verified: 0.000)
1496.4s 2167 Object hypothesis: object_move_800 (verified: 0.000)
1496.7s 2168 Object hypothesis: object_move_801 (verified: 0.000)
1496.7s 2169 Object hypothesis: object_move_802 (verified: 0.000)
1496.7s 2170 Object hypothesis: object_move_803 (verified: 0.000)
1496.7s 2171 Object hypothesis: object_move_804 (verified: 0.000)
1496.9s 2172 Object hypothesis: object_move_805 (verified: 0.000)
1496.9s 2173 Object hypothesis: object_move_806 (verified: 0.000)
1496.9s 2174 Object hypothesis: object_move_807 (verified: 0.000)
1496.9s 2175 Object hypothesis: object_move_808 (verified: 0.000)
1497.1s 2176 Object hypothesis: object_move_809 (verified: 0.000)
1497.1s 2177 Object hypothesis: object_move_810 (verified: 0.000)
1497.1s 2178 Object hypothesis: object_move_811 (verified: 0.000)
1497.1s 2179 Object hypothesis: object_move_812 (verified: 0.000)
1497.3s 2180 Object hypothesis: object_move_813 (verified: 0.000)
1497.3s 2181 Object hypothesis: object_move_814 (verified: 0.000)
1497.3s 2182 Object hypothesis: object_move_815 (verified: 0.000)
1497.3s 2183 Object hypothesis: object_move_816 (verified: 0.000)
1497.5s 2184 Object hypothesis: object_move_817 (verified: 0.000)
1497.5s 2185 Object hypothesis: object_move_818 (verified: 0.000)
1497.5s 2186 Object hypothesis: object_move_819 (verified: 0.000)
1497.5s 2187 Object hypothesis: object_move_820 (verified: 0.000)
1497.8s 2188 Object hypothesis: object_move_821 (verified: 0.000)
1497.8s 2189 Object hypothesis: object_move_822 (verified: 0.000)
1497.8s 2190 Object hypothesis: object_move_823 (verified: 0.000)
1497.8s 2191 Object hypothesis: object_move_824 (verified: 0.000)
1498.0s 2192 Object hypothesis: object_move_825 (verified: 0.000)
1498.0s 2193 Object hypothesis: object_move_826 (verified: 0.000)
1498.0s 2194 Object hypothesis: object_move_827 (verified: 0.000)
1498.0s 2195 Object hypothesis: object_move_828 (verified: 0.000)
1498.2s 2196 Object hypothesis: object_move_829 (verified: 0.000)
1498.2s 2197 Object hypothesis: object_move_830 (verified: 0.000)
1498.2s 2198 Object hypothesis: object_move_831 (verified: 0.000)
1498.2s 2199 Object hypothesis: object_move_832 (verified: 0.000)
1498.4s 2200 Object hypothesis: object_move_833 (verified: 0.000)
1498.4s 2201 Object hypothesis: object_move_834 (verified: 0.000)
1498.4s 2202 Object hypothesis: object_move_835 (verified: 0.000)
1498.4s 2203 Object hypothesis: object_move_836 (verified: 0.000)
1498.6s 2204 Object hypothesis: object_move_837 (verified: 0.000)
1498.6s 2205 Object hypothesis: object_move_838 (verified: 0.000)
1498.6s 2206 Object hypothesis: object_move_839 (verified: 0.000)
1498.6s 2207 Object hypothesis: object_move_840 (verified: 0.000)
1498.8s 2208 Object hypothesis: object_move_841 (verified: 0.000)
1498.8s 2209 Object hypothesis: object_move_842 (verified: 0.000)
1498.8s 2210 Object hypothesis: object_move_843 (verified: 0.000)
1498.8s 2211 Object hypothesis: object_move_844 (verified: 0.000)
1499.1s 2212 Object hypothesis: object_move_845 (verified: 0.000)
1499.1s 2213 Object hypothesis: object_move_846 (verified: 0.000)
1499.1s 2214 Object hypothesis: object_move_847 (verified: 0.000)
1499.1s 2215 Object hypothesis: object_move_848 (verified: 0.000)
1499.3s 2216 Object hypothesis: object_move_849 (verified: 0.000)
1499.3s 2217 Object hypothesis: object_move_850 (verified: 0.000)
1499.3s 2218 Object hypothesis: object_move_851 (verified: 0.000)
1499.3s 2219 Object hypothesis: object_move_852 (verified: 0.000)
1499.5s 2220 Object hypothesis: object_move_853 (verified: 0.000)
1499.5s 2221 Object hypothesis: object_move_854 (verified: 0.000)
1499.5s 2222 Object hypothesis: object_move_855 (verified: 0.000)
1499.5s 2223 Object hypothesis: object_move_856 (verified: 0.000)
1499.7s 2224 Object hypothesis: object_move_857 (verified: 0.000)
1499.7s 2225 Object hypothesis: object_move_858 (verified: 0.000)
1499.7s 2226 Object hypothesis: object_move_859 (verified: 0.000)
1499.7s 2227 Object hypothesis: object_move_860 (verified: 0.000)
1499.9s 2228 Object hypothesis: object_move_861 (verified: 0.000)
1499.9s 2229 Object hypothesis: object_move_862 (verified: 0.000)
1499.9s 2230 Object hypothesis: object_move_863 (verified: 0.000)
1499.9s 2231 Object hypothesis: object_move_864 (verified: 0.000)
1500.1s 2232 Object hypothesis: object_move_865 (verified: 0.000)
1500.1s 2233 Object hypothesis: object_copy_866 (verified: 0.000)
1500.1s 2234 Object hypothesis: object_copy_867 (verified: 0.000)
1500.1s 2235 Object hypothesis: object_copy_868 (verified: 0.000)
1500.4s 2236 Object hypothesis: object_copy_869 (verified: 0.000)
1500.4s 2237 Object hypothesis: object_copy_870 (verified: 0.000)
1500.4s 2238 Object hypothesis: object_copy_871 (verified: 0.000)
1500.4s 2239 Object hypothesis: object_copy_872 (verified: 0.000)
1500.6s 2240 Object hypothesis: object_copy_873 (verified: 0.000)
1500.6s 2241 Object hypothesis: object_copy_874 (verified: 0.000)
1500.6s 2242 Object hypothesis: object_copy_875 (verified: 0.000)
1500.6s 2243 Object hypothesis: object_copy_876 (verified: 0.000)
1500.6s 2244 Object transformations found: 877
1500.6s 2245 Key elements identified: 0
1563.7s 2246 Generated 889 hypotheses
1563.7s 2247 1. object_move_0: Object-level move: {'color': 6, 'shape': 'single'} -> {'direction': 'down', 'distance': 35.22782990761707, 'dr': 29.0, 'dc': 20.0} (confidence: 0.90, verified: 0.87)
1563.7s 2248 2. object_move_1: Object-level move: {'color': 8, 'shape': 'single'} -> {'direction': 'down', 'distance': 33.12099032335839, 'dr': 29.0, 'dc': 16.0} (confidence: 0.90, verified: 0.87)
1563.7s 2249 3. object_move_2: Object-level move: {'color': 6, 'shape': 'single'} -> {'direction': 'down', 'distance': 34.132096331752024, 'dr': 29.0, 'dc': 18.0} (confidence: 0.90, verified: 0.87)
1563.7s 2250 DEBUG: Human reasoning generated 889 hypotheses
1563.7s 2251 DEBUG: Added human reasoning program: object_move_0 (score: 0.871)
1563.7s 2252 DEBUG: Added human reasoning program: object_move_1 (score: 0.871)
1563.7s 2253 DEBUG: Added human reasoning program: object_move_2 (score: 0.871)
1563.7s 2254 DEBUG: Added human reasoning program: object_move_3 (score: 0.871)
1563.7s 2255 DEBUG: Added human reasoning program: object_move_4 (score: 0.871)
1563.7s 2256 DEBUG: Task signature: {'input_size': (30, 30), 'output_size': (30, 30), 'size_change': None, 'primary_pattern': 'recolor', 'color_change': True}
1563.7s 2257 DEBUG: Looking for pattern type 'recolor' in []
1563.7s 2258 DEBUG: Found 0 similar patterns
1563.7s 2259 DEBUG: Memory suggested 0 operations
1604.5s 2260 DEBUG: Scoring human reasoning 'object_move_0': 0.871
1604.5s 2261 DEBUG: Scoring human reasoning 'object_move_1': 0.871
1604.5s 2262 DEBUG: Scoring human reasoning 'object_move_2': 0.871
1604.5s 2263 DEBUG: Scoring human reasoning 'object_move_3': 0.871
1604.7s 2264 DEBUG: Scoring human reasoning 'object_move_4': 0.871
1606.1s 2265 DEBUG: Anchor sweep improved score from 0.871 to 0.903
1606.1s 2266 DEBUG: Found 6 programs, best score: 0.000
1606.1s 2267 DEBUG: Scoring human reasoning 'object_move_0': 0.871
1606.1s 2268 DEBUG: Scoring human reasoning 'object_move_1': 0.871
1606.1s 2269 DEBUG: Scoring human reasoning 'object_move_2': 0.871
1606.1s 2270 DEBUG: Scoring human reasoning 'object_move_3': 0.871
1606.1s 2271 DEBUG: Scoring human reasoning 'object_move_4': 0.871
1622.0s 2272 DEBUG: synthesize_enhanced called with expected_shape=(5, 5), test_input=provided
1622.0s 2273 DEBUG: Enhanced task signature: {'input_shapes': [(5, 17), (5, 17), (5, 17), (5, 17), (5, 17)], 'output_shapes': [(5, 5), (5, 5), (5, 5), (5, 5), (5, 5)], 'consistent_input': True, 'consistent_output': True, 'input_size': (5, 17), 'output_size': (5, 5), 'size_change': '5x17_to_5x5_extraction', 'primary_pattern': 'extraction', 'color_change': True, 'spatial_relationships': {'has_symmetry': False, 'has_translation': False, 'has_scaling': True, 'preserves_topology': True}}
1622.0s 2274 DEBUG: Passing expected_shape to human reasoning: (5, 5)
1622.0s 2275 === HUMAN-GRADE ANALYSIS ===
1622.0s 2276 Object transformations found: 0
1622.0s 2277 Key elements identified: 5
1622.0s 2278 Generated 18 hypotheses
1622.0s 2279 1. relation_translation_2_0: Translate grid using derived relational vector (confidence: 0.75, verified: 0.73)
1622.0s 2280 2. relation_translation_1_0: Translate grid using derived relational vector (confidence: 0.75, verified: 0.62)
1622.0s 2281 3. relation_translation_0_1: Translate grid using derived relational vector (confidence: 0.75, verified: 0.54)
1622.0s 2282 DEBUG: Human reasoning generated 18 hypotheses
1622.0s 2283 DEBUG: Added human reasoning program: relation_translation_2_0 (score: 0.728)
1622.0s 2284 DEBUG: Added human reasoning program: relation_translation_1_0 (score: 0.616)
1622.0s 2285 DEBUG: Added human reasoning program: relation_translation_0_1 (score: 0.544)
1622.0s 2286 DEBUG: Added human reasoning program: relation_translation_0_2 (score: 0.536)
1622.0s 2287 DEBUG: Added human reasoning program: relation_translation_-3_1 (score: 0.512)
1622.0s 2288 DEBUG: Task signature: {'input_size': (5, 17), 'output_size': (5, 5), 'size_change': '5x17_to_5x5', 'primary_pattern': 'extraction', 'color_change': False}
1622.0s 2289 DEBUG: Looking for pattern type 'extraction' in []
1622.0s 2290 DEBUG: Added 0 extraction patterns
1622.0s 2291 DEBUG: Found 0 similar patterns
1622.0s 2292 DEBUG: Memory suggested 0 operations
1622.0s 2293 DEBUG: Size reduction detected (5, 17) -> (5, 5)
1624.9s 2294 DEBUG: Scoring human reasoning 'relation_translation_2_0': 0.728
1624.9s 2295 DEBUG: Scoring human reasoning 'relation_translation_1_0': 0.616
1624.9s 2296 DEBUG: Scoring human reasoning 'relation_translation_0_1': 0.544
1624.9s 2297 DEBUG: Scoring human reasoning 'relation_translation_0_2': 0.536
1624.9s 2298 DEBUG: Scoring human reasoning 'relation_translation_-3_1': 0.512
1624.9s 2299 DEBUG: Scoring human reasoning 'relation_translation_2_0': 0.728
1624.9s 2300 DEBUG: Found 5 programs, best score: 0.728
1624.9s 2301 DEBUG: Scoring human reasoning 'relation_translation_2_0': 0.728
1624.9s 2302 DEBUG: Scoring human reasoning 'relation_translation_1_0': 0.616
1624.9s 2303 DEBUG: Scoring human reasoning 'relation_translation_0_1': 0.544
1624.9s 2304 DEBUG: Scoring human reasoning 'relation_translation_0_2': 0.536
1624.9s 2305 DEBUG: Scoring human reasoning 'relation_translation_-3_1': 0.512
1633.0s 2306 DEBUG: synthesize_enhanced called with expected_shape=(5, 5), test_input=provided
1633.0s 2307 DEBUG: Enhanced task signature: {'input_shapes': [(5, 17), (5, 17), (5, 17), (5, 17), (5, 17)], 'output_shapes': [(5, 5), (5, 5), (5, 5), (5, 5), (5, 5)], 'consistent_input': True, 'consistent_output': True, 'input_size': (5, 17), 'output_size': (5, 5), 'size_change': '5x17_to_5x5_extraction', 'primary_pattern': 'extraction', 'color_change': True, 'spatial_relationships': {'has_symmetry': False, 'has_translation': False, 'has_scaling': True, 'preserves_topology': True}}
1633.0s 2308 DEBUG: Passing expected_shape to human reasoning: (5, 5)
1633.0s 2309 === HUMAN-GRADE ANALYSIS ===
1633.0s 2310 Object transformations found: 0
1633.0s 2311 Key elements identified: 5
1633.0s 2312 Generated 18 hypotheses
1633.0s 2313 1. relation_translation_2_0: Translate grid using derived relational vector (confidence: 0.75, verified: 0.73)
1633.0s 2314 2. relation_translation_1_0: Translate grid using derived relational vector (confidence: 0.75, verified: 0.62)
1633.0s 2315 3. relation_translation_0_1: Translate grid using derived relational vector (confidence: 0.75, verified: 0.54)
1633.0s 2316 DEBUG: Human reasoning generated 18 hypotheses
1633.0s 2317 DEBUG: Added human reasoning program: relation_translation_2_0 (score: 0.728)
1633.0s 2318 DEBUG: Added human reasoning program: relation_translation_1_0 (score: 0.616)
1633.0s 2319 DEBUG: Added human reasoning program: relation_translation_0_1 (score: 0.544)
1633.0s 2320 DEBUG: Added human reasoning program: relation_translation_0_2 (score: 0.536)
1633.0s 2321 DEBUG: Added human reasoning program: relation_translation_-3_1 (score: 0.512)
1633.0s 2322 DEBUG: Task signature: {'input_size': (5, 17), 'output_size': (5, 5), 'size_change': '5x17_to_5x5', 'primary_pattern': 'extraction', 'color_change': False}
1633.0s 2323 DEBUG: Looking for pattern type 'extraction' in []
1633.0s 2324 DEBUG: Added 0 extraction patterns
1633.0s 2325 DEBUG: Found 0 similar patterns
1633.0s 2326 DEBUG: Memory suggested 0 operations
1633.0s 2327 DEBUG: Size reduction detected (5, 17) -> (5, 5)
1635.3s 2328 DEBUG: Scoring human reasoning 'relation_translation_2_0': 0.728
1635.3s 2329 DEBUG: Scoring human reasoning 'relation_translation_1_0': 0.616
1635.3s 2330 DEBUG: Scoring human reasoning 'relation_translation_0_1': 0.544
1635.3s 2331 DEBUG: Scoring human reasoning 'relation_translation_0_2': 0.536
1635.3s 2332 DEBUG: Scoring human reasoning 'relation_translation_-3_1': 0.512
1635.3s 2333 DEBUG: Scoring human reasoning 'relation_translation_2_0': 0.728
1635.3s 2334 DEBUG: Found 5 programs, best score: 0.728
1635.3s 2335 DEBUG: Scoring human reasoning 'relation_translation_2_0': 0.728
1635.3s 2336 DEBUG: Scoring human reasoning 'relation_translation_1_0': 0.616
1635.3s 2337 DEBUG: Scoring human reasoning 'relation_translation_0_1': 0.544
1635.3s 2338 DEBUG: Scoring human reasoning 'relation_translation_0_2': 0.536
1635.3s 2339 DEBUG: Scoring human reasoning 'relation_translation_-3_1': 0.512
1639.2s 2340 DEBUG: synthesize_enhanced called with expected_shape=None, test_input=provided
1639.2s 2341 DEBUG: Both inconsistent, chose: input=(16, 16), output=(5, 5)
1639.2s 2342 DEBUG: Enhanced task signature: {'input_shapes': [(14, 14), (16, 16)], 'output_shapes': [(4, 4), (5, 5)], 'consistent_input': False, 'consistent_output': False, 'input_size': (16, 16), 'output_size': (5, 5), 'size_change': '16x16_to_5x5_extraction', 'primary_pattern': 'extraction', 'color_change': True, 'spatial_relationships': {'has_symmetry': False, 'has_translation': False, 'has_scaling': True, 'preserves_topology': True}}
1639.2s 2343 DEBUG: Found 8-filled placeholder regions: [(1, 2), (1, 1)], chose: (1, 2)
1639.2s 2344 DEBUG: Detected dynamic target shape from test input: (1, 2)
1639.2s 2345 DEBUG: Passing expected_shape to human reasoning: (1, 2)
1639.2s 2346 === HUMAN-GRADE ANALYSIS ===
1639.2s 2347 Object hypothesis: object_move_0 (verified: 0.000)
1639.2s 2348 Object hypothesis: object_move_1 (verified: 0.000)
1639.2s 2349 Object hypothesis: object_copy_2 (verified: 0.000)
1639.2s 2350 Object hypothesis: object_extract_region_3 (verified: 0.000)
1639.2s 2351 Object hypothesis: object_move_4 (verified: 0.000)
1639.2s 2352 Object hypothesis: object_move_5 (verified: 0.000)
1639.2s 2353 Object hypothesis: object_move_6 (verified: 0.000)
1639.2s 2354 Object hypothesis: object_copy_7 (verified: 0.000)
1639.2s 2355 Object hypothesis: object_copy_8 (verified: 0.000)
1639.2s 2356 Object hypothesis: object_extract_region_9 (verified: 0.000)
1639.2s 2357 Object transformations found: 10
1639.2s 2358 Key elements identified: 218
1639.2s 2359 Generated 234 hypotheses
1639.2s 2360 1. object_move_0: Object-level move: {'color': 1, 'shape': 'single'} -> {'direction': 'up', 'distance': 2.23606797749979, 'dr': -2.0, 'dc': -1.0} (confidence: 0.90, verified: 0.80)
1639.2s 2361 2. object_move_1: Object-level move: {'color': 6, 'shape': 'L_shape'} -> {'direction': 'left', 'distance': 9.899494936611667, 'dr': -7.000000000000001, 'dc': -7.000000000000001} (confidence: 0.90, verified: 0.80)
1639.2s 2362 3. object_copy_2: Object-level copy: {'color': 3, 'shape': 'irregular', 'size': 12} -> {'copies': 1} (confidence: 0.90, verified: 0.80)
1639.2s 2363 DEBUG: Human reasoning generated 234 hypotheses
1639.2s 2364 DEBUG: Added human reasoning program: object_move_0 (score: 0.800)
1639.2s 2365 DEBUG: Added human reasoning program: object_move_1 (score: 0.800)
1639.2s 2366 DEBUG: Added human reasoning program: object_copy_2 (score: 0.800)
1639.2s 2367 DEBUG: Added human reasoning program: object_extract_region_3 (score: 0.800)
1639.2s 2368 DEBUG: Added human reasoning program: object_move_4 (score: 0.800)
1639.2s 2369 DEBUG: Task signature: {'input_size': (14, 14), 'output_size': (4, 4), 'size_change': '14x14_to_4x4', 'primary_pattern': 'extraction', 'color_change': False}
1639.2s 2370 DEBUG: Looking for pattern type 'extraction' in []
1639.2s 2371 DEBUG: Added 0 extraction patterns
1639.2s 2372 DEBUG: Found 0 similar patterns
1639.2s 2373 DEBUG: Memory suggested 0 operations
1639.2s 2374 DEBUG: Size reduction detected (14, 14) -> (4, 4)
1644.3s 2375 DEBUG: Scoring human reasoning 'object_move_0': 0.800
1644.3s 2376 DEBUG: Scoring human reasoning 'object_move_1': 0.800
1644.3s 2377 DEBUG: Scoring human reasoning 'object_copy_2': 0.800
1644.3s 2378 DEBUG: Scoring human reasoning 'object_extract_region_3': 0.800
1644.3s 2379 DEBUG: Scoring human reasoning 'object_move_4': 0.800
1644.3s 2380 DEBUG: Applied targeted extraction: (5, 5) -> (4, 4)
1644.3s 2381 DEBUG: Applied targeted extraction: (5, 5) -> (4, 4)
1644.3s 2382 DEBUG: Applied targeted extraction: (5, 5) -> (4, 4)
1644.3s 2383 DEBUG: Applied targeted extraction: (5, 5) -> (4, 4)
1644.3s 2384 DEBUG: Applied targeted extraction: (5, 5) -> (4, 4)
1644.3s 2385 DEBUG: Applied targeted extraction: (5, 5) -> (4, 4)
1644.3s 2386 DEBUG: Applied targeted extraction: (5, 5) -> (4, 4)
1644.3s 2387 DEBUG: Applied targeted extraction: (5, 5) -> (4, 4)
1644.3s 2388 DEBUG: Applied targeted extraction: (5, 5) -> (4, 4)
1644.3s 2389 DEBUG: Applied targeted extraction: (5, 5) -> (4, 4)
1644.3s 2390 DEBUG: Scoring human reasoning 'object_move_0': 0.800
1644.3s 2391 DEBUG: Found 5 programs, best score: 0.800
1644.3s 2392 DEBUG: Scoring human reasoning 'object_move_0': 0.800
1644.3s 2393 DEBUG: Scoring human reasoning 'object_move_1': 0.800
1644.3s 2394 DEBUG: Scoring human reasoning 'object_copy_2': 0.800
1644.3s 2395 DEBUG: Scoring human reasoning 'object_extract_region_3': 0.800
1644.3s 2396 DEBUG: Scoring human reasoning 'object_move_4': 0.800
1673.7s 2397 DEBUG: synthesize_enhanced called with expected_shape=None, test_input=provided
1673.7s 2398 DEBUG: Both inconsistent, chose: input=(8, 8), output=(11, 11)
1673.7s 2399 DEBUG: Enhanced task signature: {'input_shapes': [(7, 8), (7, 7), (8, 8), (9, 7)], 'output_shapes': [(11, 11), (11, 11), (15, 15), (15, 15)], 'consistent_input': False, 'consistent_output': False, 'input_size': (8, 8), 'output_size': (11, 11), 'size_change': '8x8_to_11x11_expansion', 'primary_pattern': 'expansion', 'color_change': False, 'spatial_relationships': {'has_symmetry': False, 'has_translation': False, 'has_scaling': True, 'preserves_topology': True}}
1673.7s 2400 DEBUG: Dynamic detection failed, using representative: (11, 11)
1673.7s 2401 DEBUG: Passing expected_shape to human reasoning: (11, 11)
1673.7s 2402 === HUMAN-GRADE ANALYSIS ===
1673.7s 2403 Object transformations found: 0
1673.7s 2404 Key elements identified: 3
1673.7s 2405 Generated 12 hypotheses
1673.7s 2406 1. relation_translation_1_-2: Translate grid using derived relational vector (confidence: 0.75, verified: 0.79)
1673.7s 2407 2. relation_translation_2_-1: Translate grid using derived relational vector (confidence: 0.75, verified: 0.78)
1673.7s 2408 3. relation_translation_-1_2: Translate grid using derived relational vector (confidence: 0.75, verified: 0.76)
1673.7s 2409 DEBUG: Human reasoning generated 12 hypotheses
1673.7s 2410 DEBUG: Added human reasoning program: relation_translation_1_-2 (score: 0.785)
1673.7s 2411 DEBUG: Added human reasoning program: relation_translation_2_-1 (score: 0.781)
1673.7s 2412 DEBUG: Added human reasoning program: relation_translation_-1_2 (score: 0.764)
1673.7s 2413 DEBUG: Added human reasoning program: relation_translation_1_-4 (score: 0.764)
1673.7s 2414 DEBUG: Added human reasoning program: relation_translation_-2_1 (score: 0.748)
1673.7s 2415 DEBUG: Task signature: {'input_size': (7, 8), 'output_size': (11, 11), 'size_change': '7x8_to_11x11', 'primary_pattern': 'expansion', 'color_change': False}
1673.7s 2416 DEBUG: Looking for pattern type 'expansion' in []
1673.7s 2417 DEBUG: Found 0 similar patterns
1673.7s 2418 DEBUG: Memory suggested 0 operations
1697.1s 2419 DEBUG: Scoring human reasoning 'relation_translation_1_-2': 0.785
1697.1s 2420 DEBUG: Scoring human reasoning 'relation_translation_2_-1': 0.781
1697.1s 2421 DEBUG: Scoring human reasoning 'relation_translation_-1_2': 0.764
1697.1s 2422 DEBUG: Scoring human reasoning 'relation_translation_1_-4': 0.764
1697.1s 2423 DEBUG: Scoring human reasoning 'relation_translation_-2_1': 0.748
1697.1s 2424 DEBUG: Scoring human reasoning 'relation_translation_1_-2': 0.785
1697.1s 2425 DEBUG: Found 6 programs, best score: 0.785
1697.1s 2426 DEBUG: Scoring human reasoning 'relation_translation_1_-2': 0.785
1697.1s 2427 DEBUG: Scoring human reasoning 'relation_translation_1_-4': 0.764
1697.1s 2428 DEBUG: Scoring human reasoning 'relation_translation_2_-1': 0.781
1697.1s 2429 DEBUG: Scoring human reasoning 'relation_translation_-1_2': 0.764
1697.1s 2430 DEBUG: Scoring human reasoning 'relation_translation_-2_1': 0.748
1761.1s 2431 DEBUG: synthesize_enhanced called with expected_shape=None, test_input=provided
1761.1s 2432 DEBUG: Inconsistent outputs, chose representative: (4, 5)
1761.1s 2433 DEBUG: Enhanced task signature: {'input_shapes': [(16, 16), (16, 16), (16, 16)], 'output_shapes': [(4, 4), (3, 3), (4, 5)], 'consistent_input': True, 'consistent_output': False, 'input_size': (16, 16), 'output_size': (4, 5), 'size_change': '16x16_to_4x5_extraction', 'primary_pattern': 'extraction', 'color_change': False, 'spatial_relationships': {'has_symmetry': False, 'has_translation': False, 'has_scaling': True, 'preserves_topology': True}}
1761.1s 2434 DEBUG: Found 8-filled placeholder regions: [(2, 2)], chose: (2, 2)
1761.1s 2435 DEBUG: Detected dynamic target shape from test input: (2, 2)
1761.1s 2436 DEBUG: Passing expected_shape to human reasoning: (2, 2)
1761.1s 2437 === HUMAN-GRADE ANALYSIS ===
1761.1s 2438 Object hypothesis: object_copy_0 (verified: 0.000)
1761.1s 2439 Object hypothesis: object_copy_1 (verified: 0.000)
1761.1s 2440 Object transformations found: 2
1761.1s 2441 Key elements identified: 866
1761.1s 2442 Generated 880 hypotheses
1761.1s 2443 1. object_copy_0: Object-level copy: {'color': 8, 'shape': 'line', 'size': 3} -> {'copies': 1} (confidence: 0.90, verified: 0.00)
1761.1s 2444 2. object_copy_1: Object-level copy: {'color': 2, 'shape': 'line', 'size': 2} -> {'copies': 1} (confidence: 0.90, verified: 0.00)
1761.1s 2445 3. relation_translation_-2_-3: Translate grid using derived relational vector (confidence: 0.75, verified: 0.50)
1761.1s 2446 DEBUG: Human reasoning generated 880 hypotheses
1761.1s 2447 DEBUG: Task signature: {'input_size': (16, 16), 'output_size': (4, 4), 'size_change': '16x16_to_4x4', 'primary_pattern': 'extraction', 'color_change': False}
1761.1s 2448 DEBUG: Looking for pattern type 'extraction' in []
1761.1s 2449 DEBUG: Added 0 extraction patterns
1761.1s 2450 DEBUG: Found 0 similar patterns
1761.1s 2451 DEBUG: Memory suggested 0 operations
1761.1s 2452 DEBUG: Size reduction detected (16, 16) -> (4, 4)
1767.9s 2453 DEBUG: No programs found
1787.1s 2454 DEBUG: synthesize_enhanced called with expected_shape=None, test_input=provided
1787.1s 2455 DEBUG: Both inconsistent, chose: input=(15, 16), output=(10, 7)
1787.1s 2456 DEBUG: Enhanced task signature: {'input_shapes': [(15, 10), (15, 15), (15, 16)], 'output_shapes': [(6, 5), (10, 7), (5, 8)], 'consistent_input': False, 'consistent_output': False, 'input_size': (15, 16), 'output_size': (10, 7), 'size_change': '15x16_to_10x7_extraction', 'primary_pattern': 'extraction', 'color_change': True, 'spatial_relationships': {'has_symmetry': False, 'has_translation': False, 'has_scaling': True, 'preserves_topology': True}}
1787.1s 2457 DEBUG: Found 8-filled placeholder regions: [(2, 2)], chose: (2, 2)
1787.1s 2458 DEBUG: Detected dynamic target shape from test input: (2, 2)
1787.1s 2459 DEBUG: Passing expected_shape to human reasoning: (2, 2)
1787.1s 2460 === HUMAN-GRADE ANALYSIS ===
1787.1s 2461 Object hypothesis: object_copy_0 (verified: 0.000)
1787.1s 2462 Object hypothesis: object_copy_1 (verified: 0.000)
1787.1s 2463 Object hypothesis: object_copy_2 (verified: 0.000)
1787.1s 2464 Object hypothesis: object_copy_3 (verified: 0.000)
1787.1s 2465 Object transformations found: 4
1787.1s 2466 Key elements identified: 3
1787.1s 2467 Generated 19 hypotheses
1787.1s 2468 1. object_copy_0: Object-level copy: {'color': 4, 'shape': 'single', 'size': 1} -> {'copies': 1} (confidence: 0.90, verified: 0.00)
1787.1s 2469 2. object_copy_1: Object-level copy: {'color': 1, 'shape': 'line', 'size': 3} -> {'copies': 1} (confidence: 0.90, verified: 0.00)
1787.1s 2470 3. object_copy_2: Object-level copy: {'color': 8, 'shape': 'line', 'size': 3} -> {'copies': 1} (confidence: 0.90, verified: 0.00)
1787.1s 2471 DEBUG: Human reasoning generated 19 hypotheses
1787.1s 2472 DEBUG: Task signature: {'input_size': (15, 10), 'output_size': (6, 5), 'size_change': '15x10_to_6x5', 'primary_pattern': 'extraction', 'color_change': False}
1787.1s 2473 DEBUG: Looking for pattern type 'extraction' in []
1787.1s 2474 DEBUG: Added 0 extraction patterns
1787.1s 2475 DEBUG: Found 0 similar patterns
1787.1s 2476 DEBUG: Memory suggested 0 operations
1787.1s 2477 DEBUG: Size reduction detected (15, 10) -> (6, 5)
1792.7s 2478 DEBUG: No programs found
1817.1s 2479 DEBUG: synthesize_enhanced called with expected_shape=(1, 1), test_input=provided
1817.1s 2480 DEBUG: Enhanced task signature: {'input_shapes': [(3, 3), (3, 3), (3, 3), (3, 3), (3, 3), (3, 3), (3, 3)], 'output_shapes': [(1, 1), (1, 1), (1, 1), (1, 1), (1, 1), (1, 1), (1, 1)], 'consistent_input': True, 'consistent_output': True, 'input_size': (3, 3), 'output_size': (1, 1), 'size_change': '3x3_to_1x1_extraction', 'primary_pattern': 'extraction', 'color_change': True, 'spatial_relationships': {'has_symmetry': False, 'has_translation': False, 'has_scaling': True, 'preserves_topology': True}}
1817.1s 2481 DEBUG: Passing expected_shape to human reasoning: (1, 1)
1817.1s 2482 === HUMAN-GRADE ANALYSIS ===
1817.1s 2483 Object transformations found: 0
1817.1s 2484 Key elements identified: 6
1817.1s 2485 Generated 3 hypotheses
1817.1s 2486 1. relation_translation_-1_-1: Translate grid using derived relational vector (confidence: 0.75, verified: 0.00)
1817.1s 2487 2. multi_region_composition: Compose output by intelligently combining multiple regions (confidence: 0.50, verified: 0.00)
1817.1s 2488 3. spatial_formula: Construct output using spatial position formulas (confidence: 0.40, verified: 0.00)
1817.1s 2489 DEBUG: Human reasoning generated 3 hypotheses
1817.1s 2490 DEBUG: Task signature: {'input_size': (3, 3), 'output_size': (1, 1), 'size_change': '3x3_to_1x1', 'primary_pattern': 'extraction', 'color_change': False}
1817.1s 2491 DEBUG: Looking for pattern type 'extraction' in []
1817.1s 2492 DEBUG: Added 0 extraction patterns
1817.1s 2493 DEBUG: Found 0 similar patterns
1817.1s 2494 DEBUG: Memory suggested 0 operations
1817.1s 2495 DEBUG: Size reduction detected (3, 3) -> (1, 1)
1820.6s 2496 DEBUG: Found 1 programs, best score: 0.000
1840.5s 2497 DEBUG: synthesize_enhanced called with expected_shape=(1, 1), test_input=provided
1840.5s 2498 DEBUG: Enhanced task signature: {'input_shapes': [(3, 3), (3, 3), (3, 3), (3, 3), (3, 3), (3, 3), (3, 3)], 'output_shapes': [(1, 1), (1, 1), (1, 1), (1, 1), (1, 1), (1, 1), (1, 1)], 'consistent_input': True, 'consistent_output': True, 'input_size': (3, 3), 'output_size': (1, 1), 'size_change': '3x3_to_1x1_extraction', 'primary_pattern': 'extraction', 'color_change': True, 'spatial_relationships': {'has_symmetry': False, 'has_translation': False, 'has_scaling': True, 'preserves_topology': True}}
1840.5s 2499 DEBUG: Passing expected_shape to human reasoning: (1, 1)
1840.5s 2500 === HUMAN-GRADE ANALYSIS ===
1840.5s 2501 Object transformations found: 0
1840.5s 2502 Key elements identified: 6
1840.5s 2503 Generated 3 hypotheses
1840.5s 2504 1. relation_translation_-1_-1: Translate grid using derived relational vector (confidence: 0.75, verified: 0.00)
1840.5s 2505 2. multi_region_composition: Compose output by intelligently combining multiple regions (confidence: 0.50, verified: 0.00)
1840.5s 2506 3. spatial_formula: Construct output using spatial position formulas (confidence: 0.40, verified: 0.00)
1840.5s 2507 DEBUG: Human reasoning generated 3 hypotheses
1840.5s 2508 DEBUG: Task signature: {'input_size': (3, 3), 'output_size': (1, 1), 'size_change': '3x3_to_1x1', 'primary_pattern': 'extraction', 'color_change': False}
1840.5s 2509 DEBUG: Looking for pattern type 'extraction' in []
1840.5s 2510 DEBUG: Added 0 extraction patterns
1840.5s 2511 DEBUG: Found 0 similar patterns
1840.5s 2512 DEBUG: Memory suggested 0 operations
1840.5s 2513 DEBUG: Size reduction detected (3, 3) -> (1, 1)
1842.8s 2514 DEBUG: Found 1 programs, best score: 0.000
1847.7s 2515 DEBUG: synthesize_enhanced called with expected_shape=(1, 1), test_input=provided
1847.7s 2516 DEBUG: Enhanced task signature: {'input_shapes': [(3, 3), (3, 3), (3, 3), (3, 3), (3, 3), (3, 3), (3, 3)], 'output_shapes': [(1, 1), (1, 1), (1, 1), (1, 1), (1, 1), (1, 1), (1, 1)], 'consistent_input': True, 'consistent_output': True, 'input_size': (3, 3), 'output_size': (1, 1), 'size_change': '3x3_to_1x1_extraction', 'primary_pattern': 'extraction', 'color_change': True, 'spatial_relationships': {'has_symmetry': False, 'has_translation': False, 'has_scaling': True, 'preserves_topology': True}}
1847.7s 2517 DEBUG: Passing expected_shape to human reasoning: (1, 1)
1847.7s 2518 === HUMAN-GRADE ANALYSIS ===
1847.7s 2519 Object transformations found: 0
1847.7s 2520 Key elements identified: 6
1847.7s 2521 Generated 3 hypotheses
1847.7s 2522 1. relation_translation_-1_-1: Translate grid using derived relational vector (confidence: 0.75, verified: 0.00)
1847.7s 2523 2. multi_region_composition: Compose output by intelligently combining multiple regions (confidence: 0.50, verified: 0.00)
1847.7s 2524 3. spatial_formula: Construct output using spatial position formulas (confidence: 0.40, verified: 0.00)
1847.7s 2525 DEBUG: Human reasoning generated 3 hypotheses
1847.7s 2526 DEBUG: Task signature: {'input_size': (3, 3), 'output_size': (1, 1), 'size_change': '3x3_to_1x1', 'primary_pattern': 'extraction', 'color_change': False}
1847.7s 2527 DEBUG: Looking for pattern type 'extraction' in []
1847.7s 2528 DEBUG: Added 0 extraction patterns
1847.7s 2529 DEBUG: Found 0 similar patterns
1847.7s 2530 DEBUG: Memory suggested 0 operations
1847.7s 2531 DEBUG: Size reduction detected (3, 3) -> (1, 1)
1849.9s 2532 DEBUG: Found 1 programs, best score: 0.000
1853.5s 2533 DEBUG: synthesize_enhanced called with expected_shape=(9, 9), test_input=provided
1853.5s 2534 DEBUG: Enhanced task signature: {'input_shapes': [(3, 3), (3, 3), (3, 3), (3, 3)], 'output_shapes': [(9, 9), (9, 9), (9, 9), (9, 9)], 'consistent_input': True, 'consistent_output': True, 'input_size': (3, 3), 'output_size': (9, 9), 'size_change': '3x3_to_9x9_expansion', 'primary_pattern': 'expansion', 'color_change': True, 'spatial_relationships': {'has_symmetry': False, 'has_translation': False, 'has_scaling': True, 'preserves_topology': True}}
1853.5s 2535 DEBUG: Passing expected_shape to human reasoning: (9, 9)
1853.5s 2536 === HUMAN-GRADE ANALYSIS ===
1853.5s 2537 Object hypothesis: object_move_0 (verified: 0.000)
1853.5s 2538 Object hypothesis: object_copy_1 (verified: 0.000)
1853.5s 2539 Object transformations found: 2
1853.5s 2540 Key elements identified: 0
1853.5s 2541 Generated 16 hypotheses
1853.5s 2542 1. object_move_0: Object-level move: {'color': 4, 'shape': 'single'} -> {'direction': 'down', 'distance': 6.708203932499369, 'dr': 6.0, 'dc': 3.0} (confidence: 0.90, verified: 0.00)
1853.5s 2543 2. object_copy_1: Object-level copy: {'color': 4, 'shape': 'single', 'size': 1} -> {'copies': 2} (confidence: 0.90, verified: 0.00)
1853.5s 2544 3. relation_translation_0_3: Translate grid using derived relational vector (confidence: 0.75, verified: 0.20)
1853.5s 2545 DEBUG: Human reasoning generated 16 hypotheses
1853.5s 2546 DEBUG: Task signature: {'input_size': (3, 3), 'output_size': (9, 9), 'size_change': '3x3_to_9x9', 'primary_pattern': 'expansion', 'color_change': False}
1853.5s 2547 DEBUG: Looking for pattern type 'expansion' in []
1853.5s 2548 DEBUG: Found 0 similar patterns
1853.5s 2549 DEBUG: Memory suggested 0 operations
1859.3s 2550 DEBUG: Found 1 programs, best score: 0.000
1878.6s 2551 DEBUG: synthesize_enhanced called with expected_shape=(4, 4), test_input=provided
1878.6s 2552 DEBUG: Enhanced task signature: {'input_shapes': [(4, 19), (4, 19), (4, 19), (4, 19), (4, 19), (4, 19)], 'output_shapes': [(4, 4), (4, 4), (4, 4), (4, 4), (4, 4), (4, 4)], 'consistent_input': True, 'consistent_output': True, 'input_size': (4, 19), 'output_size': (4, 4), 'size_change': '4x19_to_4x4_extraction', 'primary_pattern': 'extraction', 'color_change': True, 'spatial_relationships': {'has_symmetry': False, 'has_translation': False, 'has_scaling': True, 'preserves_topology': True}}
1878.6s 2553 DEBUG: Passing expected_shape to human reasoning: (4, 4)
1878.6s 2554 === HUMAN-GRADE ANALYSIS ===
1878.6s 2555 Object hypothesis: object_move_0 (verified: 0.000)
1878.6s 2556 Object hypothesis: object_move_1 (verified: 0.000)
1878.6s 2557 Object hypothesis: object_copy_2 (verified: 0.000)
1878.6s 2558 Object hypothesis: object_extract_region_3 (verified: 0.000)
1878.6s 2559 Object hypothesis: object_move_4 (verified: 0.000)
1878.6s 2560 Object hypothesis: object_move_5 (verified: 0.000)
1878.6s 2561 Object transformations found: 6
1878.6s 2562 Key elements identified: 0
1878.6s 2563 Generated 20 hypotheses
1878.6s 2564 1. object_move_0: Object-level move: {'color': 9, 'shape': 'irregular'} -> {'direction': 'left', 'distance': 10.0, 'dr': 0.0, 'dc': -10.0} (confidence: 0.90, verified: 0.00)
1878.6s 2565 2. object_move_1: Object-level move: {'color': 9, 'shape': 'line'} -> {'direction': 'left', 'distance': 10.0, 'dr': 0.0, 'dc': -10.0} (confidence: 0.90, verified: 0.00)
1878.6s 2566 3. object_copy_2: Object-level copy: {'color': 8, 'shape': 'single', 'size': 1} -> {'copies': 2} (confidence: 0.90, verified: 0.00)
1878.6s 2567 DEBUG: Human reasoning generated 20 hypotheses
1878.6s 2568 DEBUG: Task signature: {'input_size': (4, 19), 'output_size': (4, 4), 'size_change': '4x19_to_4x4', 'primary_pattern': 'extraction', 'color_change': False}
1878.6s 2569 DEBUG: Looking for pattern type 'extraction' in []
1878.6s 2570 DEBUG: Added 0 extraction patterns
1878.6s 2571 DEBUG: Found 0 similar patterns
1878.6s 2572 DEBUG: Memory suggested 0 operations
1878.8s 2573 DEBUG: Size reduction detected (4, 19) -> (4, 4)
1880.6s 2574 DEBUG: No programs found
1890.7s 2575 DEBUG: synthesize_enhanced called with expected_shape=(3, 6), test_input=provided
1890.7s 2576 DEBUG: Enhanced task signature: {'input_shapes': [(8, 8), (8, 8), (8, 8)], 'output_shapes': [(3, 6), (3, 6), (3, 6)], 'consistent_input': True, 'consistent_output': True, 'input_size': (8, 8), 'output_size': (3, 6), 'size_change': '8x8_to_3x6_extraction', 'primary_pattern': 'extraction', 'color_change': False, 'spatial_relationships': {'has_symmetry': False, 'has_translation': False, 'has_scaling': True, 'preserves_topology': True}}
1890.7s 2577 DEBUG: Passing expected_shape to human reasoning: (3, 6)
1890.7s 2578 === HUMAN-GRADE ANALYSIS ===
1890.7s 2579 Object transformations found: 0
1890.7s 2580 Key elements identified: 6
1890.7s 2581 Generated 9 hypotheses
1890.7s 2582 1. relation_translation_-1_-1: Translate grid using derived relational vector (confidence: 0.75, verified: 0.59)
1890.7s 2583 2. relation_translation_1_1: Translate grid using derived relational vector (confidence: 0.75, verified: 0.44)
1890.7s 2584 3. relation_translation_-1_0: Translate grid using derived relational vector (confidence: 0.75, verified: 0.43)
1890.7s 2585 DEBUG: Human reasoning generated 9 hypotheses
1890.7s 2586 DEBUG: Added human reasoning program: relation_translation_-1_-1 (score: 0.593)
1890.7s 2587 DEBUG: Task signature: {'input_size': (8, 8), 'output_size': (3, 6), 'size_change': '8x8_to_3x6', 'primary_pattern': 'extraction', 'color_change': False}
1890.7s 2588 DEBUG: Looking for pattern type 'extraction' in []
1890.7s 2589 DEBUG: Added 0 extraction patterns
1890.7s 2590 DEBUG: Found 0 similar patterns
1890.7s 2591 DEBUG: Memory suggested 0 operations
1890.7s 2592 DEBUG: Size reduction detected (8, 8) -> (3, 6)
1895.6s 2593 DEBUG: Scoring human reasoning 'relation_translation_-1_-1': 0.593
1895.6s 2594 DEBUG: Found 2 programs, best score: 1.000
1913.8s 2595 DEBUG: synthesize_enhanced called with expected_shape=None, test_input=provided
1913.8s 2596 DEBUG: Both inconsistent, chose: input=(15, 15), output=(15, 15)
1913.8s 2597 DEBUG: Enhanced task signature: {'input_shapes': [(13, 13), (8, 8), (15, 15), (10, 10), (6, 6)], 'output_shapes': [(13, 13), (8, 8), (15, 15), (10, 10), (6, 6)], 'consistent_input': False, 'consistent_output': False, 'input_size': (15, 15), 'output_size': (15, 15), 'size_change': None, 'primary_pattern': 'recolor', 'color_change': True, 'spatial_relationships': {'has_symmetry': False, 'has_translation': False, 'has_scaling': False, 'preserves_topology': True}}
1913.8s 2598 DEBUG: Detected dynamic target shape from test input: (18, 18)
1913.8s 2599 DEBUG: Passing expected_shape to human reasoning: (18, 18)
1913.8s 2600 === HUMAN-GRADE ANALYSIS ===
1913.8s 2601 Object transformations found: 0
1913.8s 2602 Key elements identified: 15
1913.8s 2603 Generated 2 hypotheses
1913.8s 2604 1. multi_region_composition: Compose output by intelligently combining multiple regions (confidence: 0.50, verified: 0.43)
1913.8s 2605 2. spatial_formula: Construct output using spatial position formulas (confidence: 0.40, verified: 0.43)
1913.8s 2606 DEBUG: Human reasoning generated 2 hypotheses
1913.8s 2607 DEBUG: Task signature: {'input_size': (13, 13), 'output_size': (13, 13), 'size_change': None, 'primary_pattern': 'recolor', 'color_change': True}
1913.8s 2608 DEBUG: Looking for pattern type 'recolor' in []
1913.8s 2609 DEBUG: Found 0 similar patterns
1913.8s 2610 DEBUG: Memory suggested 0 operations
1918.8s 2611 DEBUG: Found 1 programs, best score: 0.000
1935.1s 2612 DEBUG: synthesize_enhanced called with expected_shape=None, test_input=provided
1935.1s 2613 DEBUG: Both inconsistent, chose: input=(24, 24), output=(8, 11)
1935.1s 2614 DEBUG: Enhanced task signature: {'input_shapes': [(24, 24), (24, 24), (22, 20), (23, 23)], 'output_shapes': [(8, 8), (8, 9), (8, 11), (7, 8)], 'consistent_input': False, 'consistent_output': False, 'input_size': (24, 24), 'output_size': (8, 11), 'size_change': '24x24_to_8x11_extraction', 'primary_pattern': 'extraction', 'color_change': True, 'spatial_relationships': {'has_symmetry': False, 'has_translation': False, 'has_scaling': True, 'preserves_topology': True}}
1935.1s 2615 DEBUG: Found 8-filled placeholder regions: [(1, 2), (1, 3), (1, 1), (4, 1), (2, 3), (1, 6), (2, 2), (1, 5), (2, 1), (5, 2), (3, 3), (6, 1), (5, 1), (2, 6), (1, 4), (1, 7), (1, 8), (3, 2), (3, 1)], chose: (2, 6)
1935.1s 2616 DEBUG: Detected dynamic target shape from test input: (2, 6)
1935.1s 2617 DEBUG: Passing expected_shape to human reasoning: (2, 6)
1935.1s 2618 === HUMAN-GRADE ANALYSIS ===
1935.1s 2619 Object hypothesis: object_move_0 (verified: 0.000)
1935.1s 2620 Object hypothesis: object_move_1 (verified: 0.000)
1935.1s 2621 Object hypothesis: object_move_2 (verified: 0.000)
1935.1s 2622 Object hypothesis: object_move_3 (verified: 0.000)
1935.1s 2623 Object hypothesis: object_move_4 (verified: 0.000)
1935.1s 2624 Object transformations found: 5
1935.1s 2625 Key elements identified: 5
1935.6s 2626 Generated 23 hypotheses
1935.6s 2627 1. object_move_0: Object-level move: {'color': 3, 'shape': 'single'} -> {'direction': 'left', 'distance': 7.211102550927978, 'dr': -4.0, 'dc': -6.0} (confidence: 0.90, verified: 0.00)
1935.6s 2628 2. object_move_1: Object-level move: {'color': 3, 'shape': 'L_shape'} -> {'direction': 'left', 'distance': 16.97056274847714, 'dr': -12.0, 'dc': -12.0} (confidence: 0.90, verified: 0.00)
1935.6s 2629 3. object_move_2: Object-level move: {'color': 3, 'shape': 'L_shape'} -> {'direction': 'down', 'distance': 3.605551275463989, 'dr': 3.0, 'dc': 2.0} (confidence: 0.90, verified: 0.00)
1935.6s 2630 DEBUG: Human reasoning generated 23 hypotheses
1935.6s 2631 DEBUG: Task signature: {'input_size': (24, 24), 'output_size': (8, 8), 'size_change': '24x24_to_8x8', 'primary_pattern': 'extraction', 'color_change': False}
1935.6s 2632 DEBUG: Looking for pattern type 'extraction' in []
1935.6s 2633 DEBUG: Added 0 extraction patterns
1935.6s 2634 DEBUG: Found 0 similar patterns
1935.6s 2635 DEBUG: Memory suggested 0 operations
1935.6s 2636 DEBUG: Size reduction detected (24, 24) -> (8, 8)
1949.8s 2637 DEBUG: Found 1 programs, best score: 0.000
1987.6s 2638 DEBUG: synthesize_enhanced called with expected_shape=None, test_input=provided
1987.6s 2639 DEBUG: Both inconsistent, chose: input=(24, 11), output=(8, 11)
1987.6s 2640 DEBUG: Enhanced task signature: {'input_shapes': [(24, 11), (21, 11)], 'output_shapes': [(8, 11), (7, 11)], 'consistent_input': False, 'consistent_output': False, 'input_size': (24, 11), 'output_size': (8, 11), 'size_change': '24x11_to_8x11_extraction', 'primary_pattern': 'extraction', 'color_change': False, 'spatial_relationships': {'has_symmetry': False, 'has_translation': False, 'has_scaling': True, 'preserves_topology': True}}
1987.6s 2641 DEBUG: Found 8-filled placeholder regions: [(1, 1), (11, 1), (9, 3), (2, 6), (2, 2), (6, 3), (4, 3), (2, 16), (1, 9), (1, 3)], chose: (2, 16)
1987.6s 2642 DEBUG: Detected dynamic target shape from test input: (2, 16)
1987.6s 2643 DEBUG: Passing expected_shape to human reasoning: (2, 16)
1987.6s 2644 === HUMAN-GRADE ANALYSIS ===
1987.6s 2645 Object hypothesis: object_move_0 (verified: 0.000)
1987.6s 2646 Object hypothesis: object_move_1 (verified: 0.000)
1987.6s 2647 Object hypothesis: object_move_2 (verified: 0.000)
1987.6s 2648 Object hypothesis: object_move_3 (verified: 0.000)
1987.6s 2649 Object hypothesis: object_move_4 (verified: 0.000)
1987.6s 2650 Object hypothesis: object_move_5 (verified: 0.000)
1987.6s 2651 Object hypothesis: object_move_6 (verified: 0.000)
1987.6s 2652 Object hypothesis: object_move_7 (verified: 0.000)
1987.6s 2653 Object hypothesis: object_move_8 (verified: 0.000)
1987.6s 2654 Object hypothesis: object_copy_9 (verified: 0.000)
1987.6s 2655 Object hypothesis: object_copy_10 (verified: 0.000)
1987.6s 2656 Object hypothesis: object_copy_11 (verified: 0.000)
1987.6s 2657 Object hypothesis: object_copy_12 (verified: 0.000)
1987.6s 2658 Object hypothesis: object_extract_region_13 (verified: 0.000)
1987.6s 2659 Object hypothesis: object_move_14 (verified: 0.000)
1987.6s 2660 Object hypothesis: object_move_15 (verified: 0.000)
1987.6s 2661 Object hypothesis: object_move_16 (verified: 0.000)
1987.6s 2662 Object hypothesis: object_move_17 (verified: 0.000)
1987.6s 2663 Object hypothesis: object_move_18 (verified: 0.000)
1987.6s 2664 Object hypothesis: object_move_19 (verified: 0.000)
1987.6s 2665 Object hypothesis: object_move_20 (verified: 0.000)
1987.6s 2666 Object hypothesis: object_move_21 (verified: 0.000)
1987.6s 2667 Object hypothesis: object_move_22 (verified: 0.000)
1987.6s 2668 Object hypothesis: object_move_23 (verified: 0.000)
1987.6s 2669 Object hypothesis: object_move_24 (verified: 0.000)
1987.6s 2670 Object hypothesis: object_move_25 (verified: 0.000)
1987.6s 2671 Object hypothesis: object_move_26 (verified: 0.000)
1987.6s 2672 Object hypothesis: object_move_27 (verified: 0.000)
1987.6s 2673 Object hypothesis: object_move_28 (verified: 0.000)
1987.6s 2674 Object hypothesis: object_move_29 (verified: 0.000)
1987.6s 2675 Object hypothesis: object_move_30 (verified: 0.000)
1987.6s 2676 Object hypothesis: object_move_31 (verified: 0.000)
1987.6s 2677 Object hypothesis: object_move_32 (verified: 0.000)
1987.8s 2678 Object hypothesis: object_move_33 (verified: 0.000)
1987.8s 2679 Object hypothesis: object_move_34 (verified: 0.000)
1987.8s 2680 Object hypothesis: object_copy_35 (verified: 0.000)
1987.8s 2681 Object hypothesis: object_copy_36 (verified: 0.000)
1987.8s 2682 Object hypothesis: object_copy_37 (verified: 0.000)
1987.8s 2683 Object hypothesis: object_extract_region_38 (verified: 0.000)
1987.8s 2684 Object transformations found: 39
1987.8s 2685 Key elements identified: 4
1987.8s 2686 Generated 57 hypotheses
1987.8s 2687 1. object_move_0: Object-level move: {'color': 1, 'shape': 'single'} -> {'direction': 'right', 'distance': 12.206555615733702, 'dr': 7.0, 'dc': 10.0} (confidence: 0.90, verified: 0.94)
1987.8s 2688 2. object_move_1: Object-level move: {'color': 4, 'shape': 'L_shape'} -> {'direction': 'right', 'distance': 10.354816378006046, 'dr': 5.666666666666666, 'dc': 8.666666666666668} (confidence: 0.90, verified: 0.94)
1987.8s 2689 3. object_move_2: Object-level move: {'color': 4, 'shape': 'L_shape'} -> {'direction': 'down', 'distance': 5.666666666666666, 'dr': 5.666666666666666, 'dc': 0.0} (confidence: 0.90, verified: 0.94)
1987.8s 2690 DEBUG: Human reasoning generated 57 hypotheses
1987.8s 2691 DEBUG: Added human reasoning program: object_move_0 (score: 0.935)
1987.8s 2692 DEBUG: Added human reasoning program: object_move_1 (score: 0.935)
1987.8s 2693 DEBUG: Added human reasoning program: object_move_2 (score: 0.935)
1987.8s 2694 DEBUG: Added human reasoning program: object_move_3 (score: 0.935)
1987.8s 2695 DEBUG: Added human reasoning program: object_move_4 (score: 0.935)
1987.8s 2696 DEBUG: Task signature: {'input_size': (24, 11), 'output_size': (8, 11), 'size_change': '24x11_to_8x11', 'primary_pattern': 'extraction', 'color_change': False}
1987.8s 2697 DEBUG: Looking for pattern type 'extraction' in []
1987.8s 2698 DEBUG: Added 0 extraction patterns
1987.8s 2699 DEBUG: Found 0 similar patterns
1987.8s 2700 DEBUG: Memory suggested 0 operations
1987.8s 2701 DEBUG: Size reduction detected (24, 11) -> (8, 11)
1992.7s 2702 DEBUG: Scoring human reasoning 'object_move_0': 0.935
1992.7s 2703 DEBUG: Scoring human reasoning 'object_move_1': 0.935
1992.7s 2704 DEBUG: Scoring human reasoning 'object_move_2': 0.935
1992.7s 2705 DEBUG: Scoring human reasoning 'object_move_3': 0.935
1992.7s 2706 DEBUG: Scoring human reasoning 'object_move_4': 0.935
1992.7s 2707 DEBUG: Applied targeted extraction: (7, 11) -> (8, 11)
1992.7s 2708 DEBUG: Applied targeted extraction: (7, 11) -> (8, 11)
1992.7s 2709 DEBUG: Applied targeted extraction: (7, 11) -> (8, 11)
1992.7s 2710 DEBUG: Applied targeted extraction: (7, 11) -> (8, 11)
1992.7s 2711 DEBUG: Applied targeted extraction: (7, 11) -> (8, 11)
1992.7s 2712 DEBUG: Applied targeted extraction: (7, 11) -> (8, 11)
1992.7s 2713 DEBUG: Applied targeted extraction: (7, 11) -> (8, 11)
1992.7s 2714 DEBUG: Applied targeted extraction: (7, 11) -> (8, 11)
1992.7s 2715 DEBUG: Applied targeted extraction: (7, 11) -> (8, 11)
1992.7s 2716 DEBUG: Applied targeted extraction: (7, 11) -> (8, 11)
1992.7s 2717 DEBUG: Scoring human reasoning 'object_move_0': 0.935
1992.7s 2718 DEBUG: Found 5 programs, best score: 0.935
1992.7s 2719 DEBUG: Scoring human reasoning 'object_move_0': 0.935
1992.7s 2720 DEBUG: Scoring human reasoning 'object_move_1': 0.935
1992.7s 2721 DEBUG: Scoring human reasoning 'object_move_2': 0.935
1992.7s 2722 DEBUG: Scoring human reasoning 'object_move_3': 0.935
1992.7s 2723 DEBUG: Scoring human reasoning 'object_move_4': 0.935
2009.7s 2724 DEBUG: synthesize_enhanced called with expected_shape=None, test_input=provided
2009.7s 2725 DEBUG: Both inconsistent, chose: input=(24, 11), output=(8, 11)
2009.7s 2726 DEBUG: Enhanced task signature: {'input_shapes': [(24, 11), (21, 11)], 'output_shapes': [(8, 11), (7, 11)], 'consistent_input': False, 'consistent_output': False, 'input_size': (24, 11), 'output_size': (8, 11), 'size_change': '24x11_to_8x11_extraction', 'primary_pattern': 'extraction', 'color_change': False, 'spatial_relationships': {'has_symmetry': False, 'has_translation': False, 'has_scaling': True, 'preserves_topology': True}}
2009.7s 2727 DEBUG: Dynamic detection failed, using representative: (8, 11)
2009.7s 2728 DEBUG: Passing expected_shape to human reasoning: (8, 11)
2009.7s 2729 === HUMAN-GRADE ANALYSIS ===
2009.7s 2730 Object hypothesis: object_move_0 (verified: 0.000)
2009.7s 2731 Object hypothesis: object_move_1 (verified: 0.000)
2009.7s 2732 Object hypothesis: object_move_2 (verified: 0.000)
2009.7s 2733 Object hypothesis: object_move_3 (verified: 0.000)
2009.7s 2734 Object hypothesis: object_move_4 (verified: 0.000)
2009.7s 2735 Object hypothesis: object_move_5 (verified: 0.000)
2009.7s 2736 Object hypothesis: object_move_6 (verified: 0.000)
2009.7s 2737 Object hypothesis: object_move_7 (verified: 0.000)
2009.7s 2738 Object hypothesis: object_move_8 (verified: 0.000)
2009.7s 2739 Object hypothesis: object_copy_9 (verified: 0.000)
2009.7s 2740 Object hypothesis: object_copy_10 (verified: 0.000)
2009.7s 2741 Object hypothesis: object_copy_11 (verified: 0.000)
2009.7s 2742 Object hypothesis: object_copy_12 (verified: 0.000)
2009.7s 2743 Object hypothesis: object_extract_region_13 (verified: 0.000)
2009.7s 2744 Object hypothesis: object_move_14 (verified: 0.000)
2009.7s 2745 Object hypothesis: object_move_15 (verified: 0.000)
2009.7s 2746 Object hypothesis: object_move_16 (verified: 0.000)
2009.7s 2747 Object hypothesis: object_move_17 (verified: 0.000)
2009.7s 2748 Object hypothesis: object_move_18 (verified: 0.000)
2009.7s 2749 Object hypothesis: object_move_19 (verified: 0.000)
2009.7s 2750 Object hypothesis: object_move_20 (verified: 0.000)
2009.7s 2751 Object hypothesis: object_move_21 (verified: 0.000)
2009.7s 2752 Object hypothesis: object_move_22 (verified: 0.000)
2009.7s 2753 Object hypothesis: object_move_23 (verified: 0.000)
2009.7s 2754 Object hypothesis: object_move_24 (verified: 0.000)
2009.7s 2755 Object hypothesis: object_move_25 (verified: 0.000)
2009.7s 2756 Object hypothesis: object_move_26 (verified: 0.000)
2009.7s 2757 Object hypothesis: object_move_27 (verified: 0.000)
2009.7s 2758 Object hypothesis: object_move_28 (verified: 0.000)
2009.7s 2759 Object hypothesis: object_move_29 (verified: 0.000)
2009.7s 2760 Object hypothesis: object_move_30 (verified: 0.000)
2009.7s 2761 Object hypothesis: object_move_31 (verified: 0.000)
2009.7s 2762 Object hypothesis: object_move_32 (verified: 0.000)
2009.7s 2763 Object hypothesis: object_move_33 (verified: 0.000)
2010.0s 2764 Object hypothesis: object_move_34 (verified: 0.000)
2010.0s 2765 Object hypothesis: object_copy_35 (verified: 0.000)
2010.0s 2766 Object hypothesis: object_copy_36 (verified: 0.000)
2010.0s 2767 Object hypothesis: object_copy_37 (verified: 0.000)
2010.0s 2768 Object hypothesis: object_extract_region_38 (verified: 0.000)
2010.0s 2769 Object transformations found: 39
2010.0s 2770 Key elements identified: 4
2010.0s 2771 Generated 57 hypotheses
2010.0s 2772 1. object_move_0: Object-level move: {'color': 1, 'shape': 'single'} -> {'direction': 'right', 'distance': 12.206555615733702, 'dr': 7.0, 'dc': 10.0} (confidence: 0.90, verified: 0.94)
2010.0s 2773 2. object_move_1: Object-level move: {'color': 4, 'shape': 'L_shape'} -> {'direction': 'right', 'distance': 10.354816378006046, 'dr': 5.666666666666666, 'dc': 8.666666666666668} (confidence: 0.90, verified: 0.94)
2010.0s 2774 3. object_move_2: Object-level move: {'color': 4, 'shape': 'L_shape'} -> {'direction': 'down', 'distance': 5.666666666666666, 'dr': 5.666666666666666, 'dc': 0.0} (confidence: 0.90, verified: 0.94)
2010.0s 2775 DEBUG: Human reasoning generated 57 hypotheses
2010.0s 2776 DEBUG: Added human reasoning program: object_move_0 (score: 0.935)
2010.0s 2777 DEBUG: Added human reasoning program: object_move_1 (score: 0.935)
2010.0s 2778 DEBUG: Added human reasoning program: object_move_2 (score: 0.935)
2010.0s 2779 DEBUG: Added human reasoning program: object_move_3 (score: 0.935)
2010.0s 2780 DEBUG: Added human reasoning program: object_move_4 (score: 0.935)
2010.0s 2781 DEBUG: Task signature: {'input_size': (24, 11), 'output_size': (8, 11), 'size_change': '24x11_to_8x11', 'primary_pattern': 'extraction', 'color_change': False}
2010.0s 2782 DEBUG: Looking for pattern type 'extraction' in []
2010.0s 2783 DEBUG: Added 0 extraction patterns
2010.0s 2784 DEBUG: Found 0 similar patterns
2010.0s 2785 DEBUG: Memory suggested 0 operations
2010.0s 2786 DEBUG: Size reduction detected (24, 11) -> (8, 11)
2012.5s 2787 DEBUG: Scoring human reasoning 'object_move_0': 0.935
2012.5s 2788 DEBUG: Scoring human reasoning 'object_move_1': 0.935
2012.5s 2789 DEBUG: Scoring human reasoning 'object_move_2': 0.935
2012.5s 2790 DEBUG: Scoring human reasoning 'object_move_3': 0.935
2012.5s 2791 DEBUG: Scoring human reasoning 'object_move_4': 0.935
2012.5s 2792 DEBUG: Applied targeted extraction: (7, 11) -> (8, 11)
2012.5s 2793 DEBUG: Applied targeted extraction: (7, 11) -> (8, 11)
2012.5s 2794 DEBUG: Applied targeted extraction: (7, 11) -> (8, 11)
2012.5s 2795 DEBUG: Applied targeted extraction: (7, 11) -> (8, 11)
2012.5s 2796 DEBUG: Applied targeted extraction: (7, 11) -> (8, 11)
2012.5s 2797 DEBUG: Applied targeted extraction: (7, 11) -> (8, 11)
2012.5s 2798 DEBUG: Applied targeted extraction: (7, 11) -> (8, 11)
2012.5s 2799 DEBUG: Applied targeted extraction: (7, 11) -> (8, 11)
2012.5s 2800 DEBUG: Applied targeted extraction: (7, 11) -> (8, 11)
2012.5s 2801 DEBUG: Applied targeted extraction: (7, 11) -> (8, 11)
2012.5s 2802 DEBUG: Scoring human reasoning 'object_move_0': 0.935
2012.5s 2803 DEBUG: Found 5 programs, best score: 0.935
2012.5s 2804 DEBUG: Scoring human reasoning 'object_move_0': 0.935
2012.5s 2805 DEBUG: Scoring human reasoning 'object_move_1': 0.935
2012.5s 2806 DEBUG: Scoring human reasoning 'object_move_2': 0.935
2012.5s 2807 DEBUG: Scoring human reasoning 'object_move_3': 0.935
2012.5s 2808 DEBUG: Scoring human reasoning 'object_move_4': 0.935
2017.9s 2809 DEBUG: synthesize_enhanced called with expected_shape=None, test_input=provided
2017.9s 2810 DEBUG: Both inconsistent, chose: input=(11, 11), output=(5, 5)
2017.9s 2811 DEBUG: Enhanced task signature: {'input_shapes': [(7, 7), (5, 5), (11, 11)], 'output_shapes': [(3, 3), (2, 2), (5, 5)], 'consistent_input': False, 'consistent_output': False, 'input_size': (11, 11), 'output_size': (5, 5), 'size_change': '11x11_to_5x5_extraction', 'primary_pattern': 'extraction', 'color_change': True, 'spatial_relationships': {'has_symmetry': False, 'has_translation': False, 'has_scaling': True, 'preserves_topology': True}}
2017.9s 2812 DEBUG: Dynamic detection failed, using representative: (5, 5)
2017.9s 2813 DEBUG: Passing expected_shape to human reasoning: (5, 5)
2017.9s 2814 === HUMAN-GRADE ANALYSIS ===
2017.9s 2815 Object transformations found: 0
2017.9s 2816 Key elements identified: 150
2018.1s 2817 Generated 156 hypotheses
2018.1s 2818 1. relation_translation_0_3: Translate grid using derived relational vector (confidence: 0.75, verified: 0.89)
2018.1s 2819 2. relation_translation_3_0: Translate grid using derived relational vector (confidence: 0.75, verified: 0.89)
2018.1s 2820 3. relation_translation_-3_0: Translate grid using derived relational vector (confidence: 0.75, verified: 0.56)
2018.1s 2821 DEBUG: Human reasoning generated 156 hypotheses
2018.1s 2822 DEBUG: Added human reasoning program: relation_translation_0_3 (score: 0.889)
2018.1s 2823 DEBUG: Added human reasoning program: relation_translation_3_0 (score: 0.889)
2018.1s 2824 DEBUG: Added human reasoning program: relation_translation_-3_0 (score: 0.556)
2018.1s 2825 DEBUG: Task signature: {'input_size': (7, 7), 'output_size': (3, 3), 'size_change': '7x7_to_3x3', 'primary_pattern': 'extraction', 'color_change': False}
2018.1s 2826 DEBUG: Looking for pattern type 'extraction' in []
2018.1s 2827 DEBUG: Added 0 extraction patterns
2018.1s 2828 DEBUG: Found 0 similar patterns
2018.1s 2829 DEBUG: Memory suggested 0 operations
2018.1s 2830 DEBUG: Size reduction detected (7, 7) -> (3, 3)
2025.3s 2831 DEBUG: Scoring human reasoning 'relation_translation_0_3': 0.889
2025.3s 2832 DEBUG: Scoring human reasoning 'relation_translation_3_0': 0.889
2025.3s 2833 DEBUG: Scoring human reasoning 'relation_translation_-3_0': 0.556
2025.3s 2834 DEBUG: Scoring human reasoning 'relation_translation_0_3': 0.889
2025.3s 2835 DEBUG: Found 4 programs, best score: 0.889
2025.3s 2836 DEBUG: Scoring human reasoning 'relation_translation_0_3': 0.889
2025.3s 2837 DEBUG: Scoring human reasoning 'relation_translation_3_0': 0.889
2025.3s 2838 DEBUG: Scoring human reasoning 'relation_translation_-3_0': 0.556
2052.7s 2839 DEBUG: synthesize_enhanced called with expected_shape=None, test_input=provided
2052.7s 2840 DEBUG: Both inconsistent, chose: input=(4, 12), output=(4, 4)
2052.7s 2841 DEBUG: Enhanced task signature: {'input_shapes': [(4, 12), (3, 9), (2, 6)], 'output_shapes': [(4, 4), (3, 3), (2, 2)], 'consistent_input': False, 'consistent_output': False, 'input_size': (4, 12), 'output_size': (4, 4), 'size_change': '4x12_to_4x4_extraction', 'primary_pattern': 'extraction', 'color_change': False, 'spatial_relationships': {'has_symmetry': False, 'has_translation': False, 'has_scaling': True, 'preserves_topology': True}}
2052.7s 2842 DEBUG: Dynamic detection failed, using representative: (4, 4)
2052.7s 2843 DEBUG: Passing expected_shape to human reasoning: (4, 4)
2052.7s 2844 === HUMAN-GRADE ANALYSIS ===
2052.7s 2845 Object hypothesis: object_move_0 (verified: 0.000)
2052.7s 2846 Object transformations found: 1
2052.7s 2847 Key elements identified: 29
2052.7s 2848 Generated 44 hypotheses
2052.7s 2849 1. object_move_0: Object-level move: {'color': 1, 'shape': 'single'} -> {'direction': 'left', 'distance': 4.0, 'dr': 0.0, 'dc': -4.0} (confidence: 0.90, verified: 0.00)
2052.7s 2850 2. relation_translation_0_-4: Translate grid using derived relational vector (confidence: 0.75, verified: 1.00)
2052.7s 2851 3. relation_translation_2_-2: Translate grid using derived relational vector (confidence: 0.75, verified: 0.38)
2052.7s 2852 DEBUG: Human reasoning generated 44 hypotheses
2052.7s 2853 DEBUG: Added human reasoning program: relation_translation_0_-4 (score: 1.000)
2052.7s 2854 DEBUG: Task signature: {'input_size': (4, 12), 'output_size': (4, 4), 'size_change': '4x12_to_4x4', 'primary_pattern': 'extraction', 'color_change': False}
2052.7s 2855 DEBUG: Looking for pattern type 'extraction' in []
2052.7s 2856 DEBUG: Added 0 extraction patterns
2052.7s 2857 DEBUG: Found 0 similar patterns
2052.7s 2858 DEBUG: Memory suggested 0 operations
2052.7s 2859 DEBUG: Size reduction detected (4, 12) -> (4, 4)
2056.7s 2860 DEBUG: Scoring human reasoning 'relation_translation_0_-4': 1.000
2056.7s 2861 DEBUG: Found 1 programs, best score: 1.000
2056.7s 2862 DEBUG: Scoring human reasoning 'relation_translation_0_-4': 1.000
2109.3s 2863 DEBUG: synthesize_enhanced called with expected_shape=None, test_input=provided
2109.3s 2864 DEBUG: Both inconsistent, chose: input=(21, 22), output=(9, 9)
2109.3s 2865 DEBUG: Enhanced task signature: {'input_shapes': [(21, 22), (20, 23), (19, 18)], 'output_shapes': [(5, 5), (9, 9), (8, 7)], 'consistent_input': False, 'consistent_output': False, 'input_size': (21, 22), 'output_size': (9, 9), 'size_change': '21x22_to_9x9_extraction', 'primary_pattern': 'extraction', 'color_change': True, 'spatial_relationships': {'has_symmetry': False, 'has_translation': False, 'has_scaling': True, 'preserves_topology': True}}
2109.3s 2866 DEBUG: Found 8-filled placeholder regions: [(4, 19), (15, 1), (7, 11), (2, 18), (8, 6), (8, 3), (1, 12)], chose: (7, 11)
2109.3s 2867 DEBUG: Detected dynamic target shape from test input: (7, 11)
2109.3s 2868 DEBUG: Passing expected_shape to human reasoning: (7, 11)
2109.3s 2869 === HUMAN-GRADE ANALYSIS ===
2109.3s 2870 Object transformations found: 0
2109.3s 2871 Key elements identified: 192
2109.3s 2872 Generated 197 hypotheses
2109.3s 2873 1. relation_translation_-2_-2: Translate grid using derived relational vector (confidence: 0.75, verified: 0.00)
2109.3s 2874 2. relation_translation_-1_-1: Translate grid using derived relational vector (confidence: 0.75, verified: 0.00)
2109.3s 2875 3. relation_translation_2_2: Translate grid using derived relational vector (confidence: 0.75, verified: 0.00)
2109.3s 2876 DEBUG: Human reasoning generated 197 hypotheses
2109.3s 2877 DEBUG: Task signature: {'input_size': (21, 22), 'output_size': (5, 5), 'size_change': '21x22_to_5x5', 'primary_pattern': 'extraction', 'color_change': False}
2109.3s 2878 DEBUG: Looking for pattern type 'extraction' in []
2109.3s 2879 DEBUG: Added 0 extraction patterns
2109.3s 2880 DEBUG: Found 0 similar patterns
2109.3s 2881 DEBUG: Memory suggested 0 operations
2109.3s 2882 DEBUG: Size reduction detected (21, 22) -> (5, 5)
2117.6s 2883 DEBUG: No programs found
2143.8s 2884 DEBUG: synthesize_enhanced called with expected_shape=None, test_input=provided
2143.8s 2885 DEBUG: Both inconsistent, chose: input=(4, 4), output=(12, 12)
2143.8s 2886 DEBUG: Enhanced task signature: {'input_shapes': [(4, 4), (3, 3), (5, 5), (4, 4), (2, 2)], 'output_shapes': [(12, 12), (9, 9), (15, 15), (12, 12), (6, 6)], 'consistent_input': False, 'consistent_output': False, 'input_size': (4, 4), 'output_size': (12, 12), 'size_change': '4x4_to_12x12_expansion', 'primary_pattern': 'expansion', 'color_change': True, 'spatial_relationships': {'has_symmetry': False, 'has_translation': False, 'has_scaling': True, 'preserves_topology': True}}
2143.8s 2887 DEBUG: Dynamic detection failed, using representative: (12, 12)
2143.8s 2888 DEBUG: Passing expected_shape to human reasoning: (12, 12)
2143.8s 2889 === HUMAN-GRADE ANALYSIS ===
2143.8s 2890 Object hypothesis: object_copy_0 (verified: 0.000)
2143.8s 2891 Object transformations found: 1
2143.8s 2892 Key elements identified: 3
2143.8s 2893 Generated 3 hypotheses
2143.8s 2894 1. object_copy_0: Object-level copy: {'color': 2, 'shape': 'single', 'size': 1} -> {'copies': 9} (confidence: 0.90, verified: 0.00)
2143.8s 2895 2. multi_region_composition: Compose output by intelligently combining multiple regions (confidence: 0.50, verified: 0.81)
2143.8s 2896 3. spatial_formula: Construct output using spatial position formulas (confidence: 0.40, verified: 0.75)
2143.8s 2897 DEBUG: Human reasoning generated 3 hypotheses
2143.8s 2898 DEBUG: Added human reasoning program: multi_region_composition (score: 0.812)
2143.8s 2899 DEBUG: Added human reasoning program: spatial_formula (score: 0.753)
2143.8s 2900 DEBUG: Task signature: {'input_size': (4, 4), 'output_size': (12, 12), 'size_change': '4x4_to_12x12', 'primary_pattern': 'expansion', 'color_change': False}
2143.8s 2901 DEBUG: Looking for pattern type 'expansion' in []
2143.8s 2902 DEBUG: Found 0 similar patterns
2143.8s 2903 DEBUG: Memory suggested 0 operations
2160.1s 2904 DEBUG: Scoring human reasoning 'multi_region_composition': 0.812
2160.1s 2905 DEBUG: Scoring human reasoning 'spatial_formula': 0.753
2160.1s 2906 DEBUG: Found 3 programs, best score: 0.000
2160.1s 2907 DEBUG: Scoring human reasoning 'multi_region_composition': 0.812
2160.1s 2908 DEBUG: Scoring human reasoning 'spatial_formula': 0.753
2216.7s 2909 DEBUG: synthesize_enhanced called with expected_shape=(3, 3), test_input=provided
2216.7s 2910 DEBUG: Enhanced task signature: {'input_shapes': [(20, 20), (20, 20), (20, 20)], 'output_shapes': [(3, 3), (3, 3), (3, 3)], 'consistent_input': True, 'consistent_output': True, 'input_size': (20, 20), 'output_size': (3, 3), 'size_change': '20x20_to_3x3_extraction', 'primary_pattern': 'extraction', 'color_change': True, 'spatial_relationships': {'has_symmetry': False, 'has_translation': False, 'has_scaling': True, 'preserves_topology': True}}
2216.7s 2911 DEBUG: Passing expected_shape to human reasoning: (3, 3)
2216.7s 2912 === HUMAN-GRADE ANALYSIS ===
2216.7s 2913 Object transformations found: 0
2216.7s 2914 Key elements identified: 80
2216.7s 2915 Generated 86 hypotheses
2216.7s 2916 1. relation_translation_-3_-3: Translate grid using derived relational vector (confidence: 0.75, verified: 0.33)
2216.7s 2917 2. relation_translation_1_0: Translate grid using derived relational vector (confidence: 0.75, verified: 0.00)
2216.7s 2918 3. relation_translation_1_-3: Translate grid using derived relational vector (confidence: 0.75, verified: 0.00)
2216.7s 2919 DEBUG: Human reasoning generated 86 hypotheses
2216.7s 2920 DEBUG: Task signature: {'input_size': (20, 20), 'output_size': (3, 3), 'size_change': '20x20_to_3x3', 'primary_pattern': 'extraction', 'color_change': False}
2216.7s 2921 DEBUG: Looking for pattern type 'extraction' in []
2216.7s 2922 DEBUG: Added 0 extraction patterns
2216.7s 2923 DEBUG: Found 0 similar patterns
2216.7s 2924 DEBUG: Memory suggested 0 operations
2217.0s 2925 DEBUG: Size reduction detected (20, 20) -> (3, 3)
2225.5s 2926 DEBUG: No programs found
2234.6s 2927 DEBUG: synthesize_enhanced called with expected_shape=(3, 5), test_input=provided
2234.6s 2928 DEBUG: Enhanced task signature: {'input_shapes': [(6, 5), (6, 5), (6, 5), (6, 5), (6, 5)], 'output_shapes': [(3, 5), (3, 5), (3, 5), (3, 5), (3, 5)], 'consistent_input': True, 'consistent_output': True, 'input_size': (6, 5), 'output_size': (3, 5), 'size_change': '6x5_to_3x5_extraction', 'primary_pattern': 'extraction', 'color_change': True, 'spatial_relationships': {'has_symmetry': False, 'has_translation': False, 'has_scaling': True, 'preserves_topology': True}}
2234.6s 2929 DEBUG: Passing expected_shape to human reasoning: (3, 5)
2234.6s 2930 === HUMAN-GRADE ANALYSIS ===
2234.6s 2931 Object hypothesis: object_extract_region_0 (verified: 0.000)
2234.6s 2932 Object transformations found: 1
2234.6s 2933 Key elements identified: 0
2234.6s 2934 Generated 15 hypotheses
2234.6s 2935 1. object_extract_region_0: Object-level extract_region: {'pattern': 'size_reduction'} -> {'source_region': (3, 0, 5, 4), 'target_shape': (3, 5), 'extraction_method': 'pattern_match'} (confidence: 0.90, verified: 0.29)
2234.6s 2936 2. relation_translation_0_4: Translate grid using derived relational vector (confidence: 0.75, verified: 0.53)
2234.6s 2937 3. relation_translation_-1_-3: Translate grid using derived relational vector (confidence: 0.75, verified: 0.49)
2234.6s 2938 DEBUG: Human reasoning generated 15 hypotheses
2234.6s 2939 DEBUG: Added human reasoning program: relation_translation_0_4 (score: 0.533)
2234.6s 2940 DEBUG: Task signature: {'input_size': (6, 5), 'output_size': (3, 5), 'size_change': '6x5_to_3x5', 'primary_pattern': 'extraction', 'color_change': False}
2234.6s 2941 DEBUG: Looking for pattern type 'extraction' in []
2234.6s 2942 DEBUG: Added 0 extraction patterns
2234.6s 2943 DEBUG: Found 0 similar patterns
2234.6s 2944 DEBUG: Memory suggested 0 operations
2234.6s 2945 DEBUG: Size reduction detected (6, 5) -> (3, 5)
2236.4s 2946 DEBUG: Scoring human reasoning 'relation_translation_0_4': 0.533
2236.4s 2947 DEBUG: Scoring human reasoning 'relation_translation_0_4': 0.533
2236.4s 2948 DEBUG: Found 2 programs, best score: 0.533
2236.4s 2949 DEBUG: Scoring human reasoning 'relation_translation_0_4': 0.533
2247.5s 2950 DEBUG: synthesize_enhanced called with expected_shape=(3, 5), test_input=provided
2247.5s 2951 DEBUG: Enhanced task signature: {'input_shapes': [(6, 5), (6, 5), (6, 5), (6, 5), (6, 5)], 'output_shapes': [(3, 5), (3, 5), (3, 5), (3, 5), (3, 5)], 'consistent_input': True, 'consistent_output': True, 'input_size': (6, 5), 'output_size': (3, 5), 'size_change': '6x5_to_3x5_extraction', 'primary_pattern': 'extraction', 'color_change': True, 'spatial_relationships': {'has_symmetry': False, 'has_translation': False, 'has_scaling': True, 'preserves_topology': True}}
2247.5s 2952 DEBUG: Passing expected_shape to human reasoning: (3, 5)
2247.5s 2953 === HUMAN-GRADE ANALYSIS ===
2247.5s 2954 Object hypothesis: object_extract_region_0 (verified: 0.000)
2247.5s 2955 Object transformations found: 1
2247.5s 2956 Key elements identified: 0
2247.5s 2957 Generated 15 hypotheses
2247.5s 2958 1. object_extract_region_0: Object-level extract_region: {'pattern': 'size_reduction'} -> {'source_region': (3, 0, 5, 4), 'target_shape': (3, 5), 'extraction_method': 'pattern_match'} (confidence: 0.90, verified: 0.29)
2247.5s 2959 2. relation_translation_0_4: Translate grid using derived relational vector (confidence: 0.75, verified: 0.53)
2247.5s 2960 3. relation_translation_-1_-3: Translate grid using derived relational vector (confidence: 0.75, verified: 0.49)
2247.5s 2961 DEBUG: Human reasoning generated 15 hypotheses
2247.5s 2962 DEBUG: Added human reasoning program: relation_translation_0_4 (score: 0.533)
2247.5s 2963 DEBUG: Task signature: {'input_size': (6, 5), 'output_size': (3, 5), 'size_change': '6x5_to_3x5', 'primary_pattern': 'extraction', 'color_change': False}
2247.5s 2964 DEBUG: Looking for pattern type 'extraction' in []
2247.5s 2965 DEBUG: Added 0 extraction patterns
2247.5s 2966 DEBUG: Found 0 similar patterns
2247.5s 2967 DEBUG: Memory suggested 0 operations
2247.5s 2968 DEBUG: Size reduction detected (6, 5) -> (3, 5)
2250.4s 2969 DEBUG: Scoring human reasoning 'relation_translation_0_4': 0.533
2250.4s 2970 DEBUG: Scoring human reasoning 'relation_translation_0_4': 0.533
2250.4s 2971 DEBUG: Found 2 programs, best score: 0.533
2250.4s 2972 DEBUG: Scoring human reasoning 'relation_translation_0_4': 0.533
2256.2s 2973 DEBUG: synthesize_enhanced called with expected_shape=None, test_input=provided
2256.2s 2974 DEBUG: Both inconsistent, chose: input=(22, 22), output=(22, 22)
2256.2s 2975 DEBUG: Enhanced task signature: {'input_shapes': [(22, 22), (22, 21), (22, 19)], 'output_shapes': [(22, 22), (22, 21), (22, 19)], 'consistent_input': False, 'consistent_output': False, 'input_size': (22, 22), 'output_size': (22, 22), 'size_change': None, 'primary_pattern': 'complex_same_size', 'color_change': True, 'spatial_relationships': {'has_symmetry': False, 'has_translation': True, 'has_scaling': False, 'preserves_topology': True}}
2256.2s 2976 DEBUG: Detected dynamic target shape from test input: (22, 26)
2256.2s 2977 DEBUG: Passing expected_shape to human reasoning: (22, 26)
2256.2s 2978 === HUMAN-GRADE ANALYSIS ===
2256.2s 2979 Object hypothesis: object_copy_0 (verified: 0.000)
2256.2s 2980 Object transformations found: 1
2256.2s 2981 Key elements identified: 3
2256.5s 2982 Generated 15 hypotheses
2256.5s 2983 1. object_copy_0: Object-level copy: {'color': 3, 'shape': 'irregular', 'size': 15} -> {'copies': 1} (confidence: 0.90, verified: 0.80)
2256.5s 2984 2. relation_translation_0_-9: Translate grid using derived relational vector (confidence: 0.75, verified: 0.89)
2256.5s 2985 3. relation_translation_0_14: Translate grid using derived relational vector (confidence: 0.75, verified: 0.88)
2256.5s 2986 DEBUG: Human reasoning generated 15 hypotheses
2256.5s 2987 DEBUG: Added human reasoning program: object_copy_0 (score: 0.803)
2256.5s 2988 DEBUG: Added human reasoning program: relation_translation_0_-9 (score: 0.890)
2256.5s 2989 DEBUG: Added human reasoning program: relation_translation_0_14 (score: 0.884)
2256.5s 2990 DEBUG: Added human reasoning program: relation_translation_0_-8 (score: 0.882)
2256.5s 2991 DEBUG: Added human reasoning program: relation_translation_0_11 (score: 0.878)
2256.5s 2992 DEBUG: Task signature: {'input_size': (22, 22), 'output_size': (22, 22), 'size_change': None, 'primary_pattern': 'recolor', 'color_change': True}
2256.5s 2993 DEBUG: Looking for pattern type 'recolor' in []
2256.5s 2994 DEBUG: Found 0 similar patterns
2256.5s 2995 DEBUG: Memory suggested 0 operations
2270.3s 2996 DEBUG: Scoring human reasoning 'object_copy_0': 0.803
2270.3s 2997 DEBUG: Scoring human reasoning 'relation_translation_0_-9': 0.890
2270.3s 2998 DEBUG: Scoring human reasoning 'relation_translation_0_14': 0.884
2270.3s 2999 DEBUG: Scoring human reasoning 'relation_translation_0_-8': 0.882
2270.3s 3000 DEBUG: Scoring human reasoning 'relation_translation_0_11': 0.878
2270.3s 3001 DEBUG: Applied targeted extraction: (22, 21) -> (22, 22)
2270.3s 3002 DEBUG: Applied targeted extraction: (22, 19) -> (22, 22)
2270.3s 3003 DEBUG: Scoring human reasoning 'relation_translation_0_-9': 0.890
2270.3s 3004 DEBUG: Found 6 programs, best score: 0.890
2270.3s 3005 DEBUG: Scoring human reasoning 'relation_translation_0_-9': 0.890
2270.3s 3006 DEBUG: Scoring human reasoning 'relation_translation_0_-8': 0.882
2270.3s 3007 DEBUG: Scoring human reasoning 'relation_translation_0_14': 0.884
2270.3s 3008 DEBUG: Scoring human reasoning 'relation_translation_0_11': 0.878
2270.3s 3009 DEBUG: Scoring human reasoning 'object_copy_0': 0.803
2372.8s 3010 DEBUG: synthesize_enhanced called with expected_shape=None, test_input=provided
2372.8s 3011 DEBUG: Both inconsistent, chose: input=(22, 22), output=(22, 22)
2372.8s 3012 DEBUG: Enhanced task signature: {'input_shapes': [(22, 22), (22, 21), (22, 19)], 'output_shapes': [(22, 22), (22, 21), (22, 19)], 'consistent_input': False, 'consistent_output': False, 'input_size': (22, 22), 'output_size': (22, 22), 'size_change': None, 'primary_pattern': 'complex_same_size', 'color_change': True, 'spatial_relationships': {'has_symmetry': False, 'has_translation': True, 'has_scaling': False, 'preserves_topology': True}}
2372.8s 3013 DEBUG: Detected dynamic target shape from test input: (22, 24)
2372.8s 3014 DEBUG: Passing expected_shape to human reasoning: (22, 24)
2372.8s 3015 === HUMAN-GRADE ANALYSIS ===
2372.8s 3016 Object hypothesis: object_copy_0 (verified: 0.000)
2372.8s 3017 Object transformations found: 1
2372.8s 3018 Key elements identified: 3
2372.8s 3019 Generated 15 hypotheses
2372.8s 3020 1. object_copy_0: Object-level copy: {'color': 3, 'shape': 'irregular', 'size': 15} -> {'copies': 1} (confidence: 0.90, verified: 0.80)
2372.8s 3021 2. relation_translation_0_-9: Translate grid using derived relational vector (confidence: 0.75, verified: 0.89)
2372.8s 3022 3. relation_translation_0_14: Translate grid using derived relational vector (confidence: 0.75, verified: 0.88)
2372.8s 3023 DEBUG: Human reasoning generated 15 hypotheses
2372.8s 3024 DEBUG: Added human reasoning program: object_copy_0 (score: 0.803)
2372.8s 3025 DEBUG: Added human reasoning program: relation_translation_0_-9 (score: 0.890)
2372.8s 3026 DEBUG: Added human reasoning program: relation_translation_0_14 (score: 0.884)
2372.8s 3027 DEBUG: Added human reasoning program: relation_translation_0_-8 (score: 0.882)
2372.8s 3028 DEBUG: Added human reasoning program: relation_translation_0_11 (score: 0.878)
2372.8s 3029 DEBUG: Task signature: {'input_size': (22, 22), 'output_size': (22, 22), 'size_change': None, 'primary_pattern': 'recolor', 'color_change': True}
2372.8s 3030 DEBUG: Looking for pattern type 'recolor' in []
2372.8s 3031 DEBUG: Found 0 similar patterns
2372.8s 3032 DEBUG: Memory suggested 0 operations
2377.0s 3033 DEBUG: Scoring human reasoning 'object_copy_0': 0.803
2377.0s 3034 DEBUG: Scoring human reasoning 'relation_translation_0_-9': 0.890
2377.0s 3035 DEBUG: Scoring human reasoning 'relation_translation_0_14': 0.884
2377.0s 3036 DEBUG: Scoring human reasoning 'relation_translation_0_-8': 0.882
2377.0s 3037 DEBUG: Scoring human reasoning 'relation_translation_0_11': 0.878
2377.0s 3038 DEBUG: Applied targeted extraction: (22, 21) -> (22, 22)
2377.0s 3039 DEBUG: Applied targeted extraction: (22, 19) -> (22, 22)
2377.0s 3040 DEBUG: Scoring human reasoning 'relation_translation_0_-9': 0.890
2377.0s 3041 DEBUG: Found 6 programs, best score: 0.890
2377.0s 3042 DEBUG: Scoring human reasoning 'relation_translation_0_-9': 0.890
2377.0s 3043 DEBUG: Scoring human reasoning 'relation_translation_0_-8': 0.882
2377.0s 3044 DEBUG: Scoring human reasoning 'relation_translation_0_14': 0.884
2377.0s 3045 DEBUG: Scoring human reasoning 'relation_translation_0_11': 0.878
2377.0s 3046 DEBUG: Scoring human reasoning 'object_copy_0': 0.803
2385.2s 3047 DEBUG: synthesize_enhanced called with expected_shape=None, test_input=provided
2385.2s 3048 DEBUG: Both inconsistent, chose: input=(8, 8), output=(8, 8)
2385.2s 3049 DEBUG: Enhanced task signature: {'input_shapes': [(8, 8), (3, 3), (7, 7)], 'output_shapes': [(8, 8), (3, 3), (7, 7)], 'consistent_input': False, 'consistent_output': False, 'input_size': (8, 8), 'output_size': (8, 8), 'size_change': None, 'primary_pattern': 'recolor', 'color_change': True, 'spatial_relationships': {'has_symmetry': False, 'has_translation': False, 'has_scaling': False, 'preserves_topology': True}}
2385.2s 3050 DEBUG: Detected dynamic target shape from test input: (10, 10)
2385.2s 3051 DEBUG: Passing expected_shape to human reasoning: (10, 10)
2385.2s 3052 === HUMAN-GRADE ANALYSIS ===
2385.2s 3053 Object hypothesis: object_move_0 (verified: 0.000)
2385.2s 3054 Object hypothesis: object_move_1 (verified: 0.000)
2385.2s 3055 Object transformations found: 2
2385.2s 3056 Key elements identified: 4
2385.2s 3057 Generated 6 hypotheses
2385.2s 3058 1. object_move_0: Object-level move: {'color': 3, 'shape': 'line'} -> {'direction': 'left', 'distance': 1.0, 'dr': 0.0, 'dc': -1.0} (confidence: 0.90, verified: 0.17)
2385.2s 3059 2. object_move_1: Object-level move: {'color': 7, 'shape': 'line'} -> {'direction': 'left', 'distance': 1.0, 'dr': 0.0, 'dc': -1.0} (confidence: 0.90, verified: 0.17)
2385.2s 3060 3. relation_translation_0_-1: Translate grid using derived relational vector (confidence: 0.75, verified: 0.09)
2385.2s 3061 DEBUG: Human reasoning generated 6 hypotheses
2385.2s 3062 DEBUG: Task signature: {'input_size': (8, 8), 'output_size': (8, 8), 'size_change': None, 'primary_pattern': 'recolor', 'color_change': True}
2385.2s 3063 DEBUG: Looking for pattern type 'recolor' in []
2385.2s 3064 DEBUG: Found 0 similar patterns
2385.2s 3065 DEBUG: Memory suggested 0 operations
2388.2s 3066 DEBUG: Found 1 programs, best score: 0.000
2423.2s 3067 DEBUG: synthesize_enhanced called with expected_shape=(26, 26), test_input=provided
2423.2s 3068 DEBUG: Enhanced task signature: {'input_shapes': [(9, 5), (5, 7), (9, 9), (5, 3)], 'output_shapes': [(26, 26), (26, 26), (26, 26), (26, 26)], 'consistent_input': False, 'consistent_output': True, 'input_size': (9, 9), 'output_size': (26, 26), 'size_change': '9x9_to_26x26_expansion', 'primary_pattern': 'expansion', 'color_change': False, 'spatial_relationships': {'has_symmetry': False, 'has_translation': False, 'has_scaling': True, 'preserves_topology': True}}
2423.2s 3069 DEBUG: Passing expected_shape to human reasoning: (26, 26)
2423.2s 3070 === HUMAN-GRADE ANALYSIS ===
2423.2s 3071 Object hypothesis: object_copy_0 (verified: 0.000)
2423.2s 3072 Object hypothesis: object_copy_1 (verified: 0.000)
2423.2s 3073 Object transformations found: 2
2423.2s 3074 Key elements identified: 1
2423.2s 3075 Generated 16 hypotheses
2423.2s 3076 1. object_copy_0: Object-level copy: {'color': 8, 'shape': 'rectangle', 'size': 40} -> {'copies': 1} (confidence: 0.90, verified: 0.00)
2423.2s 3077 2. object_copy_1: Object-level copy: {'color': 4, 'shape': 'rectangle', 'size': 40} -> {'copies': 1} (confidence: 0.90, verified: 0.00)
2423.2s 3078 3. relation_translation_14_15: Translate grid using derived relational vector (confidence: 0.75, verified: 0.49)
2423.2s 3079 DEBUG: Human reasoning generated 16 hypotheses
2423.2s 3080 DEBUG: Task signature: {'input_size': (9, 5), 'output_size': (26, 26), 'size_change': '9x5_to_26x26', 'primary_pattern': 'expansion', 'color_change': False}
2423.2s 3081 DEBUG: Looking for pattern type 'expansion' in []
2423.2s 3082 DEBUG: Found 0 similar patterns
2423.2s 3083 DEBUG: Memory suggested 0 operations
2469.1s 3084 DEBUG: No programs found
2477.5s 3085 DEBUG: synthesize_enhanced called with expected_shape=None, test_input=provided
2477.5s 3086 DEBUG: Both inconsistent, chose: input=(9, 9), output=(9, 9)
2477.5s 3087 DEBUG: Enhanced task signature: {'input_shapes': [(5, 5), (7, 7), (9, 9)], 'output_shapes': [(5, 5), (7, 7), (9, 9)], 'consistent_input': False, 'consistent_output': False, 'input_size': (9, 9), 'output_size': (9, 9), 'size_change': None, 'primary_pattern': 'recolor', 'color_change': True, 'spatial_relationships': {'has_symmetry': False, 'has_translation': False, 'has_scaling': False, 'preserves_topology': True}}
2477.5s 3088 DEBUG: Detected dynamic target shape from test input: (11, 11)
2477.5s 3089 DEBUG: Passing expected_shape to human reasoning: (11, 11)
2477.5s 3090 === HUMAN-GRADE ANALYSIS ===
2477.5s 3091 Object transformations found: 0
2477.5s 3092 Key elements identified: 9
2477.5s 3093 Generated 2 hypotheses
2477.5s 3094 1. multi_region_composition: Compose output by intelligently combining multiple regions (confidence: 0.50, verified: 0.16)
2477.5s 3095 2. spatial_formula: Construct output using spatial position formulas (confidence: 0.40, verified: 0.16)
2477.5s 3096 DEBUG: Human reasoning generated 2 hypotheses
2477.5s 3097 DEBUG: Task signature: {'input_size': (5, 5), 'output_size': (5, 5), 'size_change': None, 'primary_pattern': 'recolor', 'color_change': True}
2477.5s 3098 DEBUG: Looking for pattern type 'recolor' in []
2477.5s 3099 DEBUG: Found 0 similar patterns
2477.5s 3100 DEBUG: Memory suggested 0 operations
2480.6s 3101 DEBUG: Found 1 programs, best score: 0.000
2487.6s 3102 DEBUG: synthesize_enhanced called with expected_shape=(5, 5), test_input=provided
2487.6s 3103 DEBUG: Enhanced task signature: {'input_shapes': [(5, 17), (5, 17), (5, 17), (5, 17)], 'output_shapes': [(5, 5), (5, 5), (5, 5), (5, 5)], 'consistent_input': True, 'consistent_output': True, 'input_size': (5, 17), 'output_size': (5, 5), 'size_change': '5x17_to_5x5_extraction', 'primary_pattern': 'extraction', 'color_change': True, 'spatial_relationships': {'has_symmetry': False, 'has_translation': False, 'has_scaling': True, 'preserves_topology': True}}
2487.6s 3104 DEBUG: Passing expected_shape to human reasoning: (5, 5)
2487.6s 3105 === HUMAN-GRADE ANALYSIS ===
2487.6s 3106 Object hypothesis: object_extract_region_0 (verified: 0.000)
2487.6s 3107 Object transformations found: 1
2487.6s 3108 Key elements identified: 0
2487.6s 3109 Generated 14 hypotheses
2487.6s 3110 1. object_extract_region_0: Object-level extract_region: {'pattern': 'size_reduction'} -> {'source_region': (0, 4, 4, 8), 'target_shape': (5, 5), 'extraction_method': 'pattern_match'} (confidence: 0.90, verified: 0.38)
2487.6s 3111 2. relation_translation_1_1: Translate grid using derived relational vector (confidence: 0.75, verified: 0.53)
2487.6s 3112 3. relation_translation_2_2: Translate grid using derived relational vector (confidence: 0.75, verified: 0.50)
2487.6s 3113 DEBUG: Human reasoning generated 14 hypotheses
2487.6s 3114 DEBUG: Added human reasoning program: relation_translation_1_1 (score: 0.530)
2487.6s 3115 DEBUG: Task signature: {'input_size': (5, 17), 'output_size': (5, 5), 'size_change': '5x17_to_5x5', 'primary_pattern': 'extraction', 'color_change': False}
2487.6s 3116 DEBUG: Looking for pattern type 'extraction' in []
2487.6s 3117 DEBUG: Added 0 extraction patterns
2487.6s 3118 DEBUG: Found 0 similar patterns
2487.6s 3119 DEBUG: Memory suggested 0 operations
2487.6s 3120 DEBUG: Size reduction detected (5, 17) -> (5, 5)
2493.9s 3121 DEBUG: Scoring human reasoning 'relation_translation_1_1': 0.530
2493.9s 3122 DEBUG: Found 1 programs, best score: 0.530
2493.9s 3123 DEBUG: Scoring human reasoning 'relation_translation_1_1': 0.530
2502.8s 3124 DEBUG: synthesize_enhanced called with expected_shape=(5, 5), test_input=provided
2502.8s 3125 DEBUG: Enhanced task signature: {'input_shapes': [(5, 17), (5, 17), (5, 17), (5, 17)], 'output_shapes': [(5, 5), (5, 5), (5, 5), (5, 5)], 'consistent_input': True, 'consistent_output': True, 'input_size': (5, 17), 'output_size': (5, 5), 'size_change': '5x17_to_5x5_extraction', 'primary_pattern': 'extraction', 'color_change': True, 'spatial_relationships': {'has_symmetry': False, 'has_translation': False, 'has_scaling': True, 'preserves_topology': True}}
2502.8s 3126 DEBUG: Passing expected_shape to human reasoning: (5, 5)
2502.8s 3127 === HUMAN-GRADE ANALYSIS ===
2502.8s 3128 Object hypothesis: object_extract_region_0 (verified: 0.000)
2502.8s 3129 Object transformations found: 1
2502.8s 3130 Key elements identified: 0
2502.8s 3131 Generated 14 hypotheses
2502.8s 3132 1. object_extract_region_0: Object-level extract_region: {'pattern': 'size_reduction'} -> {'source_region': (0, 4, 4, 8), 'target_shape': (5, 5), 'extraction_method': 'pattern_match'} (confidence: 0.90, verified: 0.38)
2502.8s 3133 2. relation_translation_1_1: Translate grid using derived relational vector (confidence: 0.75, verified: 0.53)
2502.8s 3134 3. relation_translation_2_2: Translate grid using derived relational vector (confidence: 0.75, verified: 0.50)
2502.8s 3135 DEBUG: Human reasoning generated 14 hypotheses
2502.8s 3136 DEBUG: Added human reasoning program: relation_translation_1_1 (score: 0.530)
2502.8s 3137 DEBUG: Task signature: {'input_size': (5, 17), 'output_size': (5, 5), 'size_change': '5x17_to_5x5', 'primary_pattern': 'extraction', 'color_change': False}
2502.8s 3138 DEBUG: Looking for pattern type 'extraction' in []
2502.8s 3139 DEBUG: Added 0 extraction patterns
2502.8s 3140 DEBUG: Found 0 similar patterns
2502.8s 3141 DEBUG: Memory suggested 0 operations
2502.8s 3142 DEBUG: Size reduction detected (5, 17) -> (5, 5)
2508.6s 3143 DEBUG: Scoring human reasoning 'relation_translation_1_1': 0.530
2508.6s 3144 DEBUG: Found 1 programs, best score: 0.530
2508.6s 3145 DEBUG: Scoring human reasoning 'relation_translation_1_1': 0.530
2511.6s 3146 DEBUG: synthesize_enhanced called with expected_shape=(6, 5), test_input=provided
2511.6s 3147 DEBUG: Enhanced task signature: {'input_shapes': [(13, 5), (13, 5), (13, 5), (13, 5)], 'output_shapes': [(6, 5), (6, 5), (6, 5), (6, 5)], 'consistent_input': True, 'consistent_output': True, 'input_size': (13, 5), 'output_size': (6, 5), 'size_change': '13x5_to_6x5_extraction', 'primary_pattern': 'extraction', 'color_change': True, 'spatial_relationships': {'has_symmetry': False, 'has_translation': False, 'has_scaling': True, 'preserves_topology': True}}
2511.6s 3148 DEBUG: Passing expected_shape to human reasoning: (6, 5)
2511.6s 3149 === HUMAN-GRADE ANALYSIS ===
2511.6s 3150 Object hypothesis: object_extract_region_0 (verified: 0.000)
2511.6s 3151 Object transformations found: 1
2511.6s 3152 Key elements identified: 0
2511.6s 3153 Generated 15 hypotheses
2511.6s 3154 1. object_extract_region_0: Object-level extract_region: {'pattern': 'size_reduction'} -> {'source_region': (0, 0, 5, 4), 'target_shape': (6, 5), 'extraction_method': 'pattern_match'} (confidence: 0.90, verified: 0.23)
2511.6s 3155 2. relation_translation_-4_-2: Translate grid using derived relational vector (confidence: 0.75, verified: 0.24)
2511.6s 3156 3. relation_translation_-5_0: Translate grid using derived relational vector (confidence: 0.75, verified: 0.23)
2511.6s 3157 DEBUG: Human reasoning generated 15 hypotheses
2511.6s 3158 DEBUG: Task signature: {'input_size': (13, 5), 'output_size': (6, 5), 'size_change': '13x5_to_6x5', 'primary_pattern': 'extraction', 'color_change': False}
2511.6s 3159 DEBUG: Looking for pattern type 'extraction' in []
2511.6s 3160 DEBUG: Added 0 extraction patterns
2511.6s 3161 DEBUG: Found 0 similar patterns
2511.6s 3162 DEBUG: Memory suggested 0 operations
2511.6s 3163 DEBUG: Size reduction detected (13, 5) -> (6, 5)
2514.8s 3164 DEBUG: Found 1 programs, best score: 0.000
2537.1s 3165 DEBUG: synthesize_enhanced called with expected_shape=(6, 5), test_input=provided
2537.1s 3166 DEBUG: Enhanced task signature: {'input_shapes': [(13, 5), (13, 5), (13, 5), (13, 5)], 'output_shapes': [(6, 5), (6, 5), (6, 5), (6, 5)], 'consistent_input': True, 'consistent_output': True, 'input_size': (13, 5), 'output_size': (6, 5), 'size_change': '13x5_to_6x5_extraction', 'primary_pattern': 'extraction', 'color_change': True, 'spatial_relationships': {'has_symmetry': False, 'has_translation': False, 'has_scaling': True, 'preserves_topology': True}}
2537.1s 3167 DEBUG: Passing expected_shape to human reasoning: (6, 5)
2537.1s 3168 === HUMAN-GRADE ANALYSIS ===
2537.1s 3169 Object hypothesis: object_extract_region_0 (verified: 0.000)
2537.1s 3170 Object transformations found: 1
2537.1s 3171 Key elements identified: 0
2537.1s 3172 Generated 15 hypotheses
2537.1s 3173 1. object_extract_region_0: Object-level extract_region: {'pattern': 'size_reduction'} -> {'source_region': (0, 0, 5, 4), 'target_shape': (6, 5), 'extraction_method': 'pattern_match'} (confidence: 0.90, verified: 0.23)
2537.1s 3174 2. relation_translation_-4_-2: Translate grid using derived relational vector (confidence: 0.75, verified: 0.24)
2537.1s 3175 3. relation_translation_-5_0: Translate grid using derived relational vector (confidence: 0.75, verified: 0.23)
2537.1s 3176 DEBUG: Human reasoning generated 15 hypotheses
2537.1s 3177 DEBUG: Task signature: {'input_size': (13, 5), 'output_size': (6, 5), 'size_change': '13x5_to_6x5', 'primary_pattern': 'extraction', 'color_change': False}
2537.1s 3178 DEBUG: Looking for pattern type 'extraction' in []
2537.1s 3179 DEBUG: Added 0 extraction patterns
2537.1s 3180 DEBUG: Found 0 similar patterns
2537.1s 3181 DEBUG: Memory suggested 0 operations
2537.1s 3182 DEBUG: Size reduction detected (13, 5) -> (6, 5)
2538.6s 3183 DEBUG: Found 1 programs, best score: 0.000
2544.6s 3184 DEBUG: synthesize_enhanced called with expected_shape=(5, 4), test_input=provided
2544.6s 3185 DEBUG: Enhanced task signature: {'input_shapes': [(5, 9), (5, 9), (5, 9), (5, 9)], 'output_shapes': [(5, 4), (5, 4), (5, 4), (5, 4)], 'consistent_input': True, 'consistent_output': True, 'input_size': (5, 9), 'output_size': (5, 4), 'size_change': '5x9_to_5x4_extraction', 'primary_pattern': 'extraction', 'color_change': True, 'spatial_relationships': {'has_symmetry': False, 'has_translation': False, 'has_scaling': True, 'preserves_topology': True}}
2544.6s 3186 DEBUG: Passing expected_shape to human reasoning: (5, 4)
2544.6s 3187 === HUMAN-GRADE ANALYSIS ===
2544.6s 3188 Object hypothesis: object_extract_region_0 (verified: 0.000)
2544.6s 3189 Object hypothesis: object_copy_1 (verified: 0.000)
2544.6s 3190 Object hypothesis: object_extract_region_2 (verified: 0.000)
2544.6s 3191 Object transformations found: 3
2544.6s 3192 Key elements identified: 0
2544.6s 3193 Generated 17 hypotheses
2544.6s 3194 1. object_extract_region_0: Object-level extract_region: {'pattern': 'size_reduction'} -> {'source_region': (0, 0, 4, 3), 'target_shape': (5, 4), 'extraction_method': 'pattern_match'} (confidence: 0.90, verified: 0.27)
2544.6s 3195 2. object_copy_1: Object-level copy: {'color': 2, 'shape': 'line', 'size': 2} -> {'copies': 1} (confidence: 0.90, verified: 0.27)
2544.6s 3196 3. object_extract_region_2: Object-level extract_region: {'pattern': 'size_reduction'} -> {'source_region': (0, 5, 4, 8), 'target_shape': (5, 4), 'extraction_method': 'pattern_match'} (confidence: 0.90, verified: 0.27)
2544.6s 3197 DEBUG: Human reasoning generated 17 hypotheses
2544.6s 3198 DEBUG: Task signature: {'input_size': (5, 9), 'output_size': (5, 4), 'size_change': '5x9_to_5x4', 'primary_pattern': 'extraction', 'color_change': False}
2544.6s 3199 DEBUG: Looking for pattern type 'extraction' in []
2544.6s 3200 DEBUG: Added 0 extraction patterns
2544.6s 3201 DEBUG: Found 0 similar patterns
2544.6s 3202 DEBUG: Memory suggested 0 operations
2544.6s 3203 DEBUG: Size reduction detected (5, 9) -> (5, 4)
2549.4s 3204 DEBUG: No programs found
2558.2s 3205 DEBUG: synthesize_enhanced called with expected_shape=(3, 13), test_input=provided
2558.2s 3206 DEBUG: Enhanced task signature: {'input_shapes': [(15, 13), (15, 13)], 'output_shapes': [(3, 13), (3, 13)], 'consistent_input': True, 'consistent_output': True, 'input_size': (15, 13), 'output_size': (3, 13), 'size_change': '15x13_to_3x13_extraction', 'primary_pattern': 'extraction', 'color_change': True, 'spatial_relationships': {'has_symmetry': False, 'has_translation': False, 'has_scaling': True, 'preserves_topology': True}}
2558.2s 3207 DEBUG: Passing expected_shape to human reasoning: (3, 13)
2558.2s 3208 === HUMAN-GRADE ANALYSIS ===
2558.2s 3209 Object hypothesis: object_copy_0 (verified: 0.000)
2558.2s 3210 Object hypothesis: object_extract_region_1 (verified: 0.000)
2558.2s 3211 Object hypothesis: object_move_2 (verified: 0.000)
2558.2s 3212 Object hypothesis: object_move_3 (verified: 0.000)
2558.2s 3213 Object hypothesis: object_move_4 (verified: 0.000)
2558.2s 3214 Object hypothesis: object_move_5 (verified: 0.000)
2558.2s 3215 Object hypothesis: object_move_6 (verified: 0.000)
2558.2s 3216 Object hypothesis: object_move_7 (verified: 0.000)
2558.2s 3217 Object hypothesis: object_move_8 (verified: 0.000)
2558.2s 3218 Object hypothesis: object_move_9 (verified: 0.000)
2558.2s 3219 Object transformations found: 10
2558.2s 3220 Key elements identified: 12
2558.2s 3221 Generated 26 hypotheses
2558.2s 3222 1. object_copy_0: Object-level copy: {'color': 1, 'shape': 'line', 'size': 10} -> {'copies': 1} (confidence: 0.90, verified: 0.00)
2558.2s 3223 2. object_extract_region_1: Object-level extract_region: {'pattern': 'size_reduction'} -> {'source_region': (12, 0, 14, 12), 'target_shape': (3, 13), 'extraction_method': 'pattern_match'} (confidence: 0.90, verified: 0.00)
2558.2s 3224 3. object_move_2: Object-level move: {'color': 2, 'shape': 'line'} -> {'direction': 'right', 'distance': 4.0, 'dr': 0.0, 'dc': 4.0} (confidence: 0.90, verified: 0.00)
2558.2s 3225 DEBUG: Human reasoning generated 26 hypotheses
2558.2s 3226 DEBUG: Task signature: {'input_size': (15, 13), 'output_size': (3, 13), 'size_change': '15x13_to_3x13', 'primary_pattern': 'extraction', 'color_change': False}
2558.2s 3227 DEBUG: Looking for pattern type 'extraction' in []
2558.2s 3228 DEBUG: Added 0 extraction patterns
2558.2s 3229 DEBUG: Found 0 similar patterns
2558.2s 3230 DEBUG: Memory suggested 0 operations
2558.2s 3231 DEBUG: Size reduction detected (15, 13) -> (3, 13)
2563.2s 3232 DEBUG: No programs found
2589.2s 3233 DEBUG: synthesize_enhanced called with expected_shape=(5, 5), test_input=provided
2589.2s 3234 DEBUG: Enhanced task signature: {'input_shapes': [(16, 19), (15, 19), (16, 19), (14, 18)], 'output_shapes': [(5, 5), (5, 5), (5, 5), (5, 5)], 'consistent_input': False, 'consistent_output': True, 'input_size': (16, 19), 'output_size': (5, 5), 'size_change': '16x19_to_5x5_extraction', 'primary_pattern': 'extraction', 'color_change': False, 'spatial_relationships': {'has_symmetry': False, 'has_translation': False, 'has_scaling': True, 'preserves_topology': True}}
2589.2s 3235 DEBUG: Passing expected_shape to human reasoning: (5, 5)
2589.2s 3236 === HUMAN-GRADE ANALYSIS ===
2589.2s 3237 Object transformations found: 0
2589.2s 3238 Key elements identified: 541
2589.2s 3239 Generated 548 hypotheses
2589.2s 3240 1. relation_translation_-1_-1: Translate grid using derived relational vector (confidence: 0.75, verified: 0.78)
2589.2s 3241 2. relation_translation_-2_-1: Translate grid using derived relational vector (confidence: 0.75, verified: 0.65)
2589.2s 3242 3. relation_translation_-1_-2: Translate grid using derived relational vector (confidence: 0.75, verified: 0.61)
2589.2s 3243 DEBUG: Human reasoning generated 548 hypotheses
2589.2s 3244 DEBUG: Added human reasoning program: relation_translation_-1_-1 (score: 0.780)
2589.2s 3245 DEBUG: Added human reasoning program: relation_translation_-2_-1 (score: 0.650)
2589.2s 3246 DEBUG: Added human reasoning program: relation_translation_-1_-2 (score: 0.610)
2589.2s 3247 DEBUG: Task signature: {'input_size': (16, 19), 'output_size': (5, 5), 'size_change': '16x19_to_5x5', 'primary_pattern': 'extraction', 'color_change': False}
2589.2s 3248 DEBUG: Looking for pattern type 'extraction' in []
2589.2s 3249 DEBUG: Added 0 extraction patterns
2589.2s 3250 DEBUG: Found 0 similar patterns
2589.2s 3251 DEBUG: Memory suggested 0 operations
2589.2s 3252 DEBUG: Size reduction detected (16, 19) -> (5, 5)
2599.8s 3253 DEBUG: Scoring human reasoning 'relation_translation_-1_-1': 0.780
2599.8s 3254 DEBUG: Scoring human reasoning 'relation_translation_-2_-1': 0.650
2599.8s 3255 DEBUG: Scoring human reasoning 'relation_translation_-1_-2': 0.610
2599.8s 3256 DEBUG: Scoring human reasoning 'relation_translation_-1_-1': 0.780
2599.8s 3257 DEBUG: Found 4 programs, best score: 0.780
2599.8s 3258 DEBUG: Scoring human reasoning 'relation_translation_-1_-1': 0.780
2599.8s 3259 DEBUG: Scoring human reasoning 'relation_translation_-2_-1': 0.650
2599.8s 3260 DEBUG: Scoring human reasoning 'relation_translation_-1_-2': 0.610
2630.7s 3261 DEBUG: synthesize_enhanced called with expected_shape=(10, 10), test_input=provided
2630.7s 3262 DEBUG: Enhanced task signature: {'input_shapes': [(5, 5), (5, 5)], 'output_shapes': [(10, 10), (10, 10)], 'consistent_input': True, 'consistent_output': True, 'input_size': (5, 5), 'output_size': (10, 10), 'size_change': '5x5_to_10x10_expansion', 'primary_pattern': 'expansion', 'color_change': False, 'spatial_relationships': {'has_symmetry': False, 'has_translation': False, 'has_scaling': True, 'preserves_topology': True}}
2630.7s 3263 DEBUG: Passing expected_shape to human reasoning: (10, 10)
2630.7s 3264 === HUMAN-GRADE ANALYSIS ===
2630.7s 3265 Object hypothesis: object_move_0 (verified: 0.000)
2630.7s 3266 Object hypothesis: object_move_1 (verified: 0.000)
2630.7s 3267 Object hypothesis: object_move_2 (verified: 0.000)
2630.7s 3268 Object hypothesis: object_copy_3 (verified: 0.000)
2630.7s 3269 Object hypothesis: object_copy_4 (verified: 0.000)
2630.7s 3270 Object hypothesis: object_copy_5 (verified: 0.000)
2630.7s 3271 Object hypothesis: object_copy_6 (verified: 0.000)
2630.7s 3272 Object hypothesis: object_copy_7 (verified: 0.000)
2630.7s 3273 Object hypothesis: object_copy_8 (verified: 0.000)
2630.7s 3274 Object hypothesis: object_move_9 (verified: 0.000)
2630.7s 3275 Object hypothesis: object_move_10 (verified: 0.000)
2630.7s 3276 Object hypothesis: object_move_11 (verified: 0.000)
2630.7s 3277 Object hypothesis: object_copy_12 (verified: 0.000)
2630.7s 3278 Object hypothesis: object_copy_13 (verified: 0.000)
2630.7s 3279 Object hypothesis: object_copy_14 (verified: 0.000)
2630.7s 3280 Object hypothesis: object_copy_15 (verified: 0.000)
2630.7s 3281 Object hypothesis: object_copy_16 (verified: 0.000)
2630.7s 3282 Object hypothesis: object_copy_17 (verified: 0.000)
2630.7s 3283 Object transformations found: 18
2630.7s 3284 Key elements identified: 4
2630.7s 3285 Generated 25 hypotheses
2630.7s 3286 1. object_move_0: Object-level move: {'color': 2, 'shape': 'single'} -> {'direction': 'left', 'distance': 4.0, 'dr': 0.0, 'dc': -4.0} (confidence: 0.90, verified: 0.00)
2630.7s 3287 2. object_move_1: Object-level move: {'color': 2, 'shape': 'single'} -> {'direction': 'up', 'distance': 4.0, 'dr': -4.0, 'dc': 0.0} (confidence: 0.90, verified: 0.00)
2630.7s 3288 3. object_move_2: Object-level move: {'color': 2, 'shape': 'single'} -> {'direction': 'left', 'distance': 5.656854249492381, 'dr': -4.0, 'dc': -4.0} (confidence: 0.90, verified: 0.00)
2630.7s 3289 DEBUG: Human reasoning generated 25 hypotheses
2630.7s 3290 DEBUG: Task signature: {'input_size': (5, 5), 'output_size': (10, 10), 'size_change': '5x5_to_10x10', 'primary_pattern': 'expansion', 'color_change': False}
2630.7s 3291 DEBUG: Looking for pattern type 'expansion' in []
2630.7s 3292 DEBUG: Found 0 similar patterns
2630.7s 3293 DEBUG: Memory suggested 0 operations
2637.3s 3294 DEBUG: Found 1 programs, best score: 0.000
2657.8s 3295 DEBUG: synthesize_enhanced called with expected_shape=(3, 3), test_input=provided
2657.8s 3296 DEBUG: Enhanced task signature: {'input_shapes': [(14, 14), (14, 14), (14, 14)], 'output_shapes': [(3, 3), (3, 3), (3, 3)], 'consistent_input': True, 'consistent_output': True, 'input_size': (14, 14), 'output_size': (3, 3), 'size_change': '14x14_to_3x3_extraction', 'primary_pattern': 'extraction', 'color_change': True, 'spatial_relationships': {'has_symmetry': False, 'has_translation': False, 'has_scaling': True, 'preserves_topology': True}}
2657.8s 3297 DEBUG: Passing expected_shape to human reasoning: (3, 3)
2657.8s 3298 === HUMAN-GRADE ANALYSIS ===
2657.8s 3299 Object hypothesis: object_extract_region_0 (verified: 0.667)
2657.8s 3300 Object transformations found: 1
2657.8s 3301 Key elements identified: 968
2657.8s 3302 Generated 977 hypotheses
2657.8s 3303 1. object_extract_region_0: Object-level extract_region: {'pattern': 'size_reduction'} -> {'source_region': (1, 2, 3, 4), 'target_shape': (3, 3), 'extraction_method': 'pattern_match'} (confidence: 0.90, verified: 0.81)
2657.8s 3304 2. relation_translation_-1_-2: Translate grid using derived relational vector (confidence: 0.75, verified: 0.81)
2657.8s 3305 3. relation_translation_0_-1: Translate grid using derived relational vector (confidence: 0.75, verified: 0.52)
2657.8s 3306 DEBUG: Human reasoning generated 977 hypotheses
2657.8s 3307 DEBUG: Added human reasoning program: object_extract_region_0 (score: 0.815)
2657.8s 3308 DEBUG: Added human reasoning program: relation_translation_-1_-2 (score: 0.815)
2657.8s 3309 DEBUG: Added human reasoning program: relation_translation_0_-1 (score: 0.519)
2657.8s 3310 DEBUG: Task signature: {'input_size': (14, 14), 'output_size': (3, 3), 'size_change': '14x14_to_3x3', 'primary_pattern': 'extraction', 'color_change': False}
2657.8s 3311 DEBUG: Looking for pattern type 'extraction' in []
2657.8s 3312 DEBUG: Added 0 extraction patterns
2657.8s 3313 DEBUG: Found 0 similar patterns
2657.8s 3314 DEBUG: Memory suggested 0 operations
2657.8s 3315 DEBUG: Size reduction detected (14, 14) -> (3, 3)
2664.3s 3316 DEBUG: Scoring human reasoning 'object_extract_region_0': 0.815
2664.3s 3317 DEBUG: Scoring human reasoning 'relation_translation_-1_-2': 0.815
2664.3s 3318 DEBUG: Scoring human reasoning 'relation_translation_0_-1': 0.519
2664.3s 3319 DEBUG: Scoring human reasoning 'object_extract_region_0': 0.815
2664.3s 3320 DEBUG: Found 3 programs, best score: 0.815
2664.3s 3321 DEBUG: Scoring human reasoning 'object_extract_region_0': 0.815
2664.3s 3322 DEBUG: Scoring human reasoning 'relation_translation_-1_-2': 0.815
2664.3s 3323 DEBUG: Scoring human reasoning 'relation_translation_0_-1': 0.519
2691.6s 3324 DEBUG: synthesize_enhanced called with expected_shape=(6, 8), test_input=provided
2691.6s 3325 DEBUG: Enhanced task signature: {'input_shapes': [(3, 4), (3, 4), (3, 4)], 'output_shapes': [(6, 8), (6, 8), (6, 8)], 'consistent_input': True, 'consistent_output': True, 'input_size': (3, 4), 'output_size': (6, 8), 'size_change': '3x4_to_6x8_expansion', 'primary_pattern': 'expansion', 'color_change': False, 'spatial_relationships': {'has_symmetry': False, 'has_translation': False, 'has_scaling': True, 'preserves_topology': True}}
2691.6s 3326 DEBUG: Passing expected_shape to human reasoning: (6, 8)
2691.6s 3327 === HUMAN-GRADE ANALYSIS ===
2691.6s 3328 Object transformations found: 0
2691.6s 3329 Key elements identified: 1
2691.6s 3330 Generated 8 hypotheses
2691.6s 3331 1. relation_translation_0_1: Translate grid using derived relational vector (confidence: 0.75, verified: 0.58)
2691.6s 3332 2. relation_translation_0_-1: Translate grid using derived relational vector (confidence: 0.75, verified: 0.57)
2691.6s 3333 3. relation_translation_-1_-2: Translate grid using derived relational vector (confidence: 0.75, verified: 0.57)
2691.6s 3334 DEBUG: Human reasoning generated 8 hypotheses
2691.6s 3335 DEBUG: Added human reasoning program: relation_translation_0_1 (score: 0.576)
2691.6s 3336 DEBUG: Added human reasoning program: relation_translation_0_-1 (score: 0.569)
2691.6s 3337 DEBUG: Added human reasoning program: relation_translation_-1_-2 (score: 0.569)
2691.6s 3338 DEBUG: Added human reasoning program: relation_translation_-1_0 (score: 0.569)
2691.6s 3339 DEBUG: Added human reasoning program: relation_translation_1_0 (score: 0.562)
2691.6s 3340 DEBUG: Task signature: {'input_size': (3, 4), 'output_size': (6, 8), 'size_change': '3x4_to_6x8', 'primary_pattern': 'expansion', 'color_change': False}
2691.6s 3341 DEBUG: Looking for pattern type 'expansion' in []
2691.6s 3342 DEBUG: Found 0 similar patterns
2691.6s 3343 DEBUG: Memory suggested 0 operations
2696.9s 3344 DEBUG: Scoring human reasoning 'relation_translation_0_1': 0.576
2696.9s 3345 DEBUG: Scoring human reasoning 'relation_translation_0_-1': 0.569
2696.9s 3346 DEBUG: Scoring human reasoning 'relation_translation_-1_-2': 0.569
2696.9s 3347 DEBUG: Scoring human reasoning 'relation_translation_-1_0': 0.569
2696.9s 3348 DEBUG: Scoring human reasoning 'relation_translation_1_0': 0.562
2696.9s 3349 DEBUG: Found 6 programs, best score: 0.000
2696.9s 3350 DEBUG: Scoring human reasoning 'relation_translation_0_1': 0.576
2696.9s 3351 DEBUG: Scoring human reasoning 'relation_translation_0_-1': 0.569
2696.9s 3352 DEBUG: Scoring human reasoning 'relation_translation_-1_-2': 0.569
2696.9s 3353 DEBUG: Scoring human reasoning 'relation_translation_-1_0': 0.569
2696.9s 3354 DEBUG: Scoring human reasoning 'relation_translation_1_0': 0.562
2717.2s 3355 DEBUG: synthesize_enhanced called with expected_shape=(3, 3), test_input=provided
2717.2s 3356 DEBUG: Enhanced task signature: {'input_shapes': [(7, 5), (5, 7), (5, 5), (7, 7), (7, 7)], 'output_shapes': [(3, 3), (3, 3), (3, 3), (3, 3), (3, 3)], 'consistent_input': False, 'consistent_output': True, 'input_size': (7, 7), 'output_size': (3, 3), 'size_change': '7x7_to_3x3_extraction', 'primary_pattern': 'extraction', 'color_change': True, 'spatial_relationships': {'has_symmetry': False, 'has_translation': False, 'has_scaling': True, 'preserves_topology': True}}
2717.2s 3357 DEBUG: Passing expected_shape to human reasoning: (3, 3)
2717.2s 3358 === HUMAN-GRADE ANALYSIS ===
2717.2s 3359 Object transformations found: 0
2717.2s 3360 Key elements identified: 23
2717.2s 3361 Generated 35 hypotheses
2717.2s 3362 1. relation_translation_1_3: Translate grid using derived relational vector (confidence: 0.75, verified: 0.80)
2717.2s 3363 2. relation_translation_3_1: Translate grid using derived relational vector (confidence: 0.75, verified: 0.80)
2717.2s 3364 3. relation_translation_-1_2: Translate grid using derived relational vector (confidence: 0.75, verified: 0.64)
2717.2s 3365 DEBUG: Human reasoning generated 35 hypotheses
2717.2s 3366 DEBUG: Added human reasoning program: relation_translation_1_3 (score: 0.800)
2717.2s 3367 DEBUG: Added human reasoning program: relation_translation_3_1 (score: 0.800)
2717.2s 3368 DEBUG: Added human reasoning program: relation_translation_-1_2 (score: 0.644)
2717.2s 3369 DEBUG: Added human reasoning program: relation_translation_2_-1 (score: 0.622)
2717.2s 3370 DEBUG: Added human reasoning program: relation_translation_1_-3 (score: 0.600)
2717.2s 3371 DEBUG: Task signature: {'input_size': (7, 5), 'output_size': (3, 3), 'size_change': '7x5_to_3x3', 'primary_pattern': 'extraction', 'color_change': False}
2717.2s 3372 DEBUG: Looking for pattern type 'extraction' in []
2717.2s 3373 DEBUG: Added 0 extraction patterns
2717.2s 3374 DEBUG: Found 0 similar patterns
2717.2s 3375 DEBUG: Memory suggested 0 operations
2717.2s 3376 DEBUG: Size reduction detected (7, 5) -> (3, 3)
2721.0s 3377 DEBUG: Scoring human reasoning 'relation_translation_1_3': 0.800
2721.0s 3378 DEBUG: Scoring human reasoning 'relation_translation_3_1': 0.800
2721.0s 3379 DEBUG: Scoring human reasoning 'relation_translation_-1_2': 0.644
2721.0s 3380 DEBUG: Scoring human reasoning 'relation_translation_2_-1': 0.622
2721.0s 3381 DEBUG: Scoring human reasoning 'relation_translation_1_-3': 0.600
2721.0s 3382 DEBUG: Scoring human reasoning 'relation_translation_1_3': 0.800
2721.0s 3383 DEBUG: Found 6 programs, best score: 0.800
2721.0s 3384 DEBUG: Scoring human reasoning 'relation_translation_1_3': 0.800
2721.0s 3385 DEBUG: Scoring human reasoning 'relation_translation_3_1': 0.800
2721.0s 3386 DEBUG: Scoring human reasoning 'relation_translation_-1_2': 0.644
2721.0s 3387 DEBUG: Scoring human reasoning 'relation_translation_2_-1': 0.622
2721.0s 3388 DEBUG: Scoring human reasoning 'relation_translation_1_-3': 0.600
2745.0s 3389 DEBUG: synthesize_enhanced called with expected_shape=(3, 3), test_input=provided
2745.0s 3390 DEBUG: Enhanced task signature: {'input_shapes': [(7, 5), (5, 7), (5, 5), (7, 7), (7, 7)], 'output_shapes': [(3, 3), (3, 3), (3, 3), (3, 3), (3, 3)], 'consistent_input': False, 'consistent_output': True, 'input_size': (7, 7), 'output_size': (3, 3), 'size_change': '7x7_to_3x3_extraction', 'primary_pattern': 'extraction', 'color_change': True, 'spatial_relationships': {'has_symmetry': False, 'has_translation': False, 'has_scaling': True, 'preserves_topology': True}}
2745.0s 3391 DEBUG: Passing expected_shape to human reasoning: (3, 3)
2745.0s 3392 === HUMAN-GRADE ANALYSIS ===
2745.0s 3393 Object transformations found: 0
2745.0s 3394 Key elements identified: 23
2745.0s 3395 Generated 35 hypotheses
2745.0s 3396 1. relation_translation_1_3: Translate grid using derived relational vector (confidence: 0.75, verified: 0.80)
2745.0s 3397 2. relation_translation_3_1: Translate grid using derived relational vector (confidence: 0.75, verified: 0.80)
2745.0s 3398 3. relation_translation_-1_2: Translate grid using derived relational vector (confidence: 0.75, verified: 0.64)
2745.0s 3399 DEBUG: Human reasoning generated 35 hypotheses
2745.0s 3400 DEBUG: Added human reasoning program: relation_translation_1_3 (score: 0.800)
2745.0s 3401 DEBUG: Added human reasoning program: relation_translation_3_1 (score: 0.800)
2745.0s 3402 DEBUG: Added human reasoning program: relation_translation_-1_2 (score: 0.644)
2745.0s 3403 DEBUG: Added human reasoning program: relation_translation_2_-1 (score: 0.622)
2745.0s 3404 DEBUG: Added human reasoning program: relation_translation_1_-3 (score: 0.600)
2745.0s 3405 DEBUG: Task signature: {'input_size': (7, 5), 'output_size': (3, 3), 'size_change': '7x5_to_3x3', 'primary_pattern': 'extraction', 'color_change': False}
2745.0s 3406 DEBUG: Looking for pattern type 'extraction' in []
2745.0s 3407 DEBUG: Added 0 extraction patterns
2745.0s 3408 DEBUG: Found 0 similar patterns
2745.0s 3409 DEBUG: Memory suggested 0 operations
2745.0s 3410 DEBUG: Size reduction detected (7, 5) -> (3, 3)
2746.8s 3411 DEBUG: Scoring human reasoning 'relation_translation_1_3': 0.800
2746.8s 3412 DEBUG: Scoring human reasoning 'relation_translation_3_1': 0.800
2746.8s 3413 DEBUG: Scoring human reasoning 'relation_translation_-1_2': 0.644
2746.8s 3414 DEBUG: Scoring human reasoning 'relation_translation_2_-1': 0.622
2746.8s 3415 DEBUG: Scoring human reasoning 'relation_translation_1_-3': 0.600
2746.8s 3416 DEBUG: Scoring human reasoning 'relation_translation_1_3': 0.800
2746.8s 3417 DEBUG: Found 6 programs, best score: 0.800
2746.8s 3418 DEBUG: Scoring human reasoning 'relation_translation_1_3': 0.800
2746.8s 3419 DEBUG: Scoring human reasoning 'relation_translation_3_1': 0.800
2746.8s 3420 DEBUG: Scoring human reasoning 'relation_translation_-1_2': 0.644
2746.8s 3421 DEBUG: Scoring human reasoning 'relation_translation_2_-1': 0.622
2746.8s 3422 DEBUG: Scoring human reasoning 'relation_translation_1_-3': 0.600
2755.5s 3423 DEBUG: synthesize_enhanced called with expected_shape=None, test_input=provided
2755.5s 3424 DEBUG: Both inconsistent, chose: input=(4, 9), output=(7, 10)
2755.5s 3425 DEBUG: Enhanced task signature: {'input_shapes': [(4, 9), (6, 6), (7, 4)], 'output_shapes': [(4, 12), (6, 11), (7, 10)], 'consistent_input': False, 'consistent_output': False, 'input_size': (4, 9), 'output_size': (7, 10), 'size_change': '4x9_to_7x10_expansion', 'primary_pattern': 'expansion', 'color_change': True, 'spatial_relationships': {'has_symmetry': False, 'has_translation': False, 'has_scaling': True, 'preserves_topology': True}}
2755.5s 3426 DEBUG: Dynamic detection failed, using representative: (7, 10)
2755.5s 3427 DEBUG: Passing expected_shape to human reasoning: (7, 10)
2755.5s 3428 === HUMAN-GRADE ANALYSIS ===
2755.5s 3429 Object transformations found: 0
2755.5s 3430 Key elements identified: 0
2755.5s 3431 Generated 14 hypotheses
2755.5s 3432 1. relation_translation_1_2: Translate grid using derived relational vector (confidence: 0.75, verified: 0.42)
2755.5s 3433 2. relation_translation_0_1: Translate grid using derived relational vector (confidence: 0.75, verified: 0.40)
2755.5s 3434 3. relation_translation_2_5: Translate grid using derived relational vector (confidence: 0.75, verified: 0.33)
2755.5s 3435 DEBUG: Human reasoning generated 14 hypotheses
2755.5s 3436 DEBUG: Task signature: {'input_size': (4, 9), 'output_size': (4, 12), 'size_change': '4x9_to_4x12', 'primary_pattern': 'expansion', 'color_change': False}
2755.5s 3437 DEBUG: Looking for pattern type 'expansion' in []
2755.5s 3438 DEBUG: Found 0 similar patterns
2755.5s 3439 DEBUG: Memory suggested 0 operations
2761.2s 3440 DEBUG: No programs found
2779.0s 3441 DEBUG: synthesize_enhanced called with expected_shape=None, test_input=provided
2779.0s 3442 DEBUG: Both inconsistent, chose: input=(4, 9), output=(7, 10)
2779.0s 3443 DEBUG: Enhanced task signature: {'input_shapes': [(4, 9), (6, 6), (7, 4)], 'output_shapes': [(4, 12), (6, 11), (7, 10)], 'consistent_input': False, 'consistent_output': False, 'input_size': (4, 9), 'output_size': (7, 10), 'size_change': '4x9_to_7x10_expansion', 'primary_pattern': 'expansion', 'color_change': True, 'spatial_relationships': {'has_symmetry': False, 'has_translation': False, 'has_scaling': True, 'preserves_topology': True}}
2779.0s 3444 DEBUG: Dynamic detection failed, using representative: (7, 10)
2779.0s 3445 DEBUG: Passing expected_shape to human reasoning: (7, 10)
2779.0s 3446 === HUMAN-GRADE ANALYSIS ===
2779.0s 3447 Object transformations found: 0
2779.0s 3448 Key elements identified: 0
2779.0s 3449 Generated 14 hypotheses
2779.0s 3450 1. relation_translation_1_2: Translate grid using derived relational vector (confidence: 0.75, verified: 0.42)
2779.0s 3451 2. relation_translation_0_1: Translate grid using derived relational vector (confidence: 0.75, verified: 0.40)
2779.0s 3452 3. relation_translation_2_5: Translate grid using derived relational vector (confidence: 0.75, verified: 0.33)
2779.0s 3453 DEBUG: Human reasoning generated 14 hypotheses
2779.0s 3454 DEBUG: Task signature: {'input_size': (4, 9), 'output_size': (4, 12), 'size_change': '4x9_to_4x12', 'primary_pattern': 'expansion', 'color_change': False}
2779.0s 3455 DEBUG: Looking for pattern type 'expansion' in []
2779.0s 3456 DEBUG: Found 0 similar patterns
2779.0s 3457 DEBUG: Memory suggested 0 operations
2780.6s 3458 DEBUG: No programs found
2789.2s 3459 DEBUG: synthesize_enhanced called with expected_shape=None, test_input=provided
2789.2s 3460 DEBUG: Both inconsistent, chose: input=(4, 9), output=(7, 10)
2789.2s 3461 DEBUG: Enhanced task signature: {'input_shapes': [(4, 9), (6, 6), (7, 4)], 'output_shapes': [(4, 12), (6, 11), (7, 10)], 'consistent_input': False, 'consistent_output': False, 'input_size': (4, 9), 'output_size': (7, 10), 'size_change': '4x9_to_7x10_expansion', 'primary_pattern': 'expansion', 'color_change': True, 'spatial_relationships': {'has_symmetry': False, 'has_translation': False, 'has_scaling': True, 'preserves_topology': True}}
2789.2s 3462 DEBUG: Dynamic detection failed, using representative: (7, 10)
2789.2s 3463 DEBUG: Passing expected_shape to human reasoning: (7, 10)
2789.2s 3464 === HUMAN-GRADE ANALYSIS ===
2789.2s 3465 Object transformations found: 0
2789.2s 3466 Key elements identified: 0
2790.2s 3467 Generated 14 hypotheses
2790.2s 3468 1. relation_translation_1_2: Translate grid using derived relational vector (confidence: 0.75, verified: 0.42)
2790.2s 3469 2. relation_translation_0_1: Translate grid using derived relational vector (confidence: 0.75, verified: 0.40)
2790.2s 3470 3. relation_translation_2_5: Translate grid using derived relational vector (confidence: 0.75, verified: 0.33)
2790.2s 3471 DEBUG: Human reasoning generated 14 hypotheses
2790.2s 3472 DEBUG: Task signature: {'input_size': (4, 9), 'output_size': (4, 12), 'size_change': '4x9_to_4x12', 'primary_pattern': 'expansion', 'color_change': False}
2790.2s 3473 DEBUG: Looking for pattern type 'expansion' in []
2790.2s 3474 DEBUG: Found 0 similar patterns
2790.2s 3475 DEBUG: Memory suggested 0 operations
2791.9s 3476 DEBUG: No programs found
2797.1s 3477 DEBUG: synthesize_enhanced called with expected_shape=(3, 6), test_input=provided
2797.1s 3478 DEBUG: Enhanced task signature: {'input_shapes': [(12, 6), (12, 6), (12, 6), (12, 6), (12, 6), (12, 6)], 'output_shapes': [(3, 6), (3, 6), (3, 6), (3, 6), (3, 6), (3, 6)], 'consistent_input': True, 'consistent_output': True, 'input_size': (12, 6), 'output_size': (3, 6), 'size_change': '12x6_to_3x6_extraction', 'primary_pattern': 'extraction', 'color_change': True, 'spatial_relationships': {'has_symmetry': False, 'has_translation': False, 'has_scaling': True, 'preserves_topology': True}}
2797.1s 3479 DEBUG: Passing expected_shape to human reasoning: (3, 6)
2797.1s 3480 === HUMAN-GRADE ANALYSIS ===
2797.1s 3481 Object hypothesis: object_move_0 (verified: 0.000)
2797.1s 3482 Object transformations found: 1
2797.1s 3483 Key elements identified: 0
2797.4s 3484 Generated 15 hypotheses
2797.4s 3485 1. object_move_0: Object-level move: {'color': 4, 'shape': 'single'} -> {'direction': 'up', 'distance': 3.0, 'dr': -3.0, 'dc': 0.0} (confidence: 0.90, verified: 0.00)
2797.4s 3486 2. relation_translation_-1_0: Translate grid using derived relational vector (confidence: 0.75, verified: 0.31)
2797.4s 3487 3. relation_translation_-3_0: Translate grid using derived relational vector (confidence: 0.75, verified: 0.27)
2797.4s 3488 DEBUG: Human reasoning generated 15 hypotheses
2797.4s 3489 DEBUG: Task signature: {'input_size': (12, 6), 'output_size': (3, 6), 'size_change': '12x6_to_3x6', 'primary_pattern': 'extraction', 'color_change': False}
2797.4s 3490 DEBUG: Looking for pattern type 'extraction' in []
2797.4s 3491 DEBUG: Added 0 extraction patterns
2797.4s 3492 DEBUG: Found 0 similar patterns
2797.4s 3493 DEBUG: Memory suggested 0 operations
2797.4s 3494 DEBUG: Size reduction detected (12, 6) -> (3, 6)
2802.7s 3495 DEBUG: No programs found
2814.8s 3496 DEBUG: synthesize_enhanced called with expected_shape=None, test_input=provided
2814.8s 3497 DEBUG: Both inconsistent, chose: input=(12, 18), output=(4, 8)
2814.8s 3498 DEBUG: Enhanced task signature: {'input_shapes': [(12, 14), (12, 9), (12, 18), (7, 7)], 'output_shapes': [(4, 4), (3, 5), (4, 8), (3, 3)], 'consistent_input': False, 'consistent_output': False, 'input_size': (12, 18), 'output_size': (4, 8), 'size_change': '12x18_to_4x8_extraction', 'primary_pattern': 'extraction', 'color_change': True, 'spatial_relationships': {'has_symmetry': False, 'has_translation': False, 'has_scaling': True, 'preserves_topology': True}}
2814.8s 3499 DEBUG: Dynamic detection failed, using representative: (4, 8)
2814.8s 3500 DEBUG: Passing expected_shape to human reasoning: (4, 8)
2814.8s 3501 === HUMAN-GRADE ANALYSIS ===
2814.8s 3502 Object transformations found: 0
2814.8s 3503 Key elements identified: 169
2814.8s 3504 Generated 180 hypotheses
2814.8s 3505 1. relation_translation_-2_-2: Translate grid using derived relational vector (confidence: 0.75, verified: 0.62)
2814.8s 3506 2. relation_translation_-3_-1: Translate grid using derived relational vector (confidence: 0.75, verified: 0.62)
2814.8s 3507 3. relation_translation_1_-1: Translate grid using derived relational vector (confidence: 0.75, verified: 0.56)
2814.8s 3508 DEBUG: Human reasoning generated 180 hypotheses
2814.8s 3509 DEBUG: Added human reasoning program: relation_translation_-2_-2 (score: 0.625)
2814.8s 3510 DEBUG: Added human reasoning program: relation_translation_-3_-1 (score: 0.625)
2814.8s 3511 DEBUG: Added human reasoning program: relation_translation_1_-1 (score: 0.562)
2814.8s 3512 DEBUG: Added human reasoning program: relation_translation_0_-3 (score: 0.562)
2814.8s 3513 DEBUG: Added human reasoning program: relation_translation_-2_1 (score: 0.562)
2814.8s 3514 DEBUG: Task signature: {'input_size': (12, 14), 'output_size': (4, 4), 'size_change': '12x14_to_4x4', 'primary_pattern': 'extraction', 'color_change': False}
2814.8s 3515 DEBUG: Looking for pattern type 'extraction' in []
2814.8s 3516 DEBUG: Added 0 extraction patterns
2814.8s 3517 DEBUG: Found 0 similar patterns
2814.8s 3518 DEBUG: Memory suggested 0 operations
2814.8s 3519 DEBUG: Size reduction detected (12, 14) -> (4, 4)
2817.9s 3520 DEBUG: Scoring human reasoning 'relation_translation_-2_-2': 0.625
2817.9s 3521 DEBUG: Scoring human reasoning 'relation_translation_-3_-1': 0.625
2817.9s 3522 DEBUG: Scoring human reasoning 'relation_translation_1_-1': 0.562
2817.9s 3523 DEBUG: Scoring human reasoning 'relation_translation_0_-3': 0.562
2817.9s 3524 DEBUG: Scoring human reasoning 'relation_translation_-2_1': 0.562
2817.9s 3525 DEBUG: Scoring human reasoning 'relation_translation_-2_-2': 0.625
2817.9s 3526 DEBUG: Found 6 programs, best score: 0.625
2817.9s 3527 DEBUG: Scoring human reasoning 'relation_translation_-2_-2': 0.625
2817.9s 3528 DEBUG: Scoring human reasoning 'relation_translation_-2_1': 0.562
2817.9s 3529 DEBUG: Scoring human reasoning 'relation_translation_0_-3': 0.562
2817.9s 3530 DEBUG: Scoring human reasoning 'relation_translation_1_-1': 0.562
2817.9s 3531 DEBUG: Scoring human reasoning 'relation_translation_-3_-1': 0.625
2868.9s 3532 DEBUG: synthesize_enhanced called with expected_shape=None, test_input=provided
2868.9s 3533 DEBUG: Both inconsistent, chose: input=(23, 29), output=(8, 8)
2868.9s 3534 DEBUG: Enhanced task signature: {'input_shapes': [(21, 22), (23, 29), (24, 20)], 'output_shapes': [(6, 6), (5, 5), (8, 8)], 'consistent_input': False, 'consistent_output': False, 'input_size': (23, 29), 'output_size': (8, 8), 'size_change': '23x29_to_8x8_extraction', 'primary_pattern': 'extraction', 'color_change': True, 'spatial_relationships': {'has_symmetry': False, 'has_translation': False, 'has_scaling': True, 'preserves_topology': True}}
2868.9s 3535 DEBUG: Found 8-filled placeholder regions: [(7, 1)], chose: (7, 1)
2868.9s 3536 DEBUG: Detected dynamic target shape from test input: (7, 1)
2868.9s 3537 DEBUG: Passing expected_shape to human reasoning: (7, 1)
2868.9s 3538 === HUMAN-GRADE ANALYSIS ===
2868.9s 3539 Object transformations found: 0
2868.9s 3540 Key elements identified: 303
2868.9s 3541 Generated 310 hypotheses
2868.9s 3542 1. relation_translation_-2_-3: Translate grid using derived relational vector (confidence: 0.75, verified: 0.11)
2868.9s 3543 2. relation_translation_-2_-2: Translate grid using derived relational vector (confidence: 0.75, verified: 0.06)
2868.9s 3544 3. relation_translation_-6_-6: Translate grid using derived relational vector (confidence: 0.75, verified: 0.06)
2868.9s 3545 DEBUG: Human reasoning generated 310 hypotheses
2868.9s 3546 DEBUG: Task signature: {'input_size': (21, 22), 'output_size': (6, 6), 'size_change': '21x22_to_6x6', 'primary_pattern': 'extraction', 'color_change': False}
2868.9s 3547 DEBUG: Looking for pattern type 'extraction' in []
2868.9s 3548 DEBUG: Added 0 extraction patterns
2868.9s 3549 DEBUG: Found 0 similar patterns
2868.9s 3550 DEBUG: Memory suggested 0 operations
2868.9s 3551 DEBUG: Size reduction detected (21, 22) -> (6, 6)
2882.6s 3552 DEBUG: No programs found
2946.1s 3553 DEBUG: synthesize_enhanced called with expected_shape=None, test_input=provided
2946.1s 3554 DEBUG: Both inconsistent, chose: input=(11, 13), output=(5, 7)
2946.1s 3555 DEBUG: Enhanced task signature: {'input_shapes': [(9, 11), (9, 9), (11, 13)], 'output_shapes': [(5, 7), (5, 5), (6, 5)], 'consistent_input': False, 'consistent_output': False, 'input_size': (11, 13), 'output_size': (5, 7), 'size_change': '11x13_to_5x7_extraction', 'primary_pattern': 'extraction', 'color_change': False, 'spatial_relationships': {'has_symmetry': False, 'has_translation': False, 'has_scaling': True, 'preserves_topology': True}}
2946.1s 3556 DEBUG: Found 8-filled placeholder regions: [(1, 1)], chose: (1, 1)
2946.1s 3557 DEBUG: Detected dynamic target shape from test input: (1, 1)
2946.1s 3558 DEBUG: Passing expected_shape to human reasoning: (1, 1)
2946.1s 3559 === HUMAN-GRADE ANALYSIS ===
2946.1s 3560 Object hypothesis: object_move_0 (verified: 0.000)
2946.1s 3561 Object transformations found: 1
2946.1s 3562 Key elements identified: 17
2946.1s 3563 Generated 32 hypotheses
2946.1s 3564 1. object_move_0: Object-level move: {'color': 8, 'shape': 'single'} -> {'direction': 'left', 'distance': 1.4142135623730951, 'dr': -1.0, 'dc': -1.0} (confidence: 0.90, verified: 0.00)
2946.1s 3565 2. relation_translation_-3_-2: Translate grid using derived relational vector (confidence: 0.75, verified: 1.00)
2946.1s 3566 3. relation_translation_1_-2: Translate grid using derived relational vector (confidence: 0.75, verified: 0.71)
2946.1s 3567 DEBUG: Human reasoning generated 32 hypotheses
2946.1s 3568 DEBUG: Added human reasoning program: relation_translation_-3_-2 (score: 1.000)
2946.1s 3569 DEBUG: Added human reasoning program: relation_translation_1_-2 (score: 0.714)
2946.1s 3570 DEBUG: Added human reasoning program: relation_translation_-1_-2 (score: 0.629)
2946.1s 3571 DEBUG: Added human reasoning program: relation_translation_1_-6 (score: 0.629)
2946.1s 3572 DEBUG: Task signature: {'input_size': (9, 11), 'output_size': (5, 7), 'size_change': '9x11_to_5x7', 'primary_pattern': 'extraction', 'color_change': False}
2946.1s 3573 DEBUG: Looking for pattern type 'extraction' in []
2946.1s 3574 DEBUG: Added 0 extraction patterns
2946.1s 3575 DEBUG: Found 0 similar patterns
2946.1s 3576 DEBUG: Memory suggested 0 operations
2946.1s 3577 DEBUG: Size reduction detected (9, 11) -> (5, 7)
2948.8s 3578 DEBUG: Scoring human reasoning 'relation_translation_-3_-2': 1.000
2948.8s 3579 DEBUG: Scoring human reasoning 'relation_translation_1_-2': 0.714
2948.8s 3580 DEBUG: Scoring human reasoning 'relation_translation_-1_-2': 0.629
2948.8s 3581 DEBUG: Scoring human reasoning 'relation_translation_1_-6': 0.629
2948.8s 3582 DEBUG: Scoring human reasoning 'relation_translation_-3_-2': 1.000
2948.8s 3583 DEBUG: Found 5 programs, best score: 1.000
2948.8s 3584 DEBUG: Scoring human reasoning 'relation_translation_-3_-2': 1.000
2948.8s 3585 DEBUG: Scoring human reasoning 'relation_translation_1_-2': 0.714
2948.8s 3586 DEBUG: Scoring human reasoning 'relation_translation_1_-6': 0.629
2948.8s 3587 DEBUG: Scoring human reasoning 'relation_translation_-1_-2': 0.629
2971.7s 3588 DEBUG: synthesize_enhanced called with expected_shape=None, test_input=provided
2971.7s 3589 DEBUG: Both inconsistent, chose: input=(7, 8), output=(19, 9)
2971.7s 3590 DEBUG: Enhanced task signature: {'input_shapes': [(9, 6), (7, 8), (5, 5)], 'output_shapes': [(15, 11), (19, 9), (13, 7)], 'consistent_input': False, 'consistent_output': False, 'input_size': (7, 8), 'output_size': (19, 9), 'size_change': '7x8_to_19x9_expansion', 'primary_pattern': 'expansion', 'color_change': True, 'spatial_relationships': {'has_symmetry': False, 'has_translation': False, 'has_scaling': True, 'preserves_topology': True}}
2971.7s 3591 DEBUG: Dynamic detection failed, using representative: (19, 9)
2971.7s 3592 DEBUG: Passing expected_shape to human reasoning: (19, 9)
2971.7s 3593 === HUMAN-GRADE ANALYSIS ===
2971.7s 3594 Object hypothesis: object_copy_0 (verified: 0.000)
2971.7s 3595 Object hypothesis: object_copy_1 (verified: 0.000)
2971.7s 3596 Object hypothesis: object_copy_2 (verified: 0.000)
2971.7s 3597 Object transformations found: 3
2971.7s 3598 Key elements identified: 0
2971.7s 3599 Generated 17 hypotheses
2971.7s 3600 1. object_copy_0: Object-level copy: {'color': 7, 'shape': 'single', 'size': 1} -> {'copies': 6} (confidence: 0.90, verified: 0.00)
2971.7s 3601 2. object_copy_1: Object-level copy: {'color': 7, 'shape': 'irregular', 'size': 38} -> {'copies': 1} (confidence: 0.90, verified: 0.00)
2971.7s 3602 3. object_copy_2: Object-level copy: {'color': 9, 'shape': 'single', 'size': 1} -> {'copies': 2} (confidence: 0.90, verified: 0.00)
2971.7s 3603 DEBUG: Human reasoning generated 17 hypotheses
2971.7s 3604 DEBUG: Task signature: {'input_size': (9, 6), 'output_size': (15, 11), 'size_change': '9x6_to_15x11', 'primary_pattern': 'expansion', 'color_change': False}
2971.7s 3605 DEBUG: Looking for pattern type 'expansion' in []
2971.7s 3606 DEBUG: Found 0 similar patterns
2971.7s 3607 DEBUG: Memory suggested 0 operations
2986.2s 3608 DEBUG: Found 1 programs, best score: 0.000
3003.7s 3609 DEBUG: synthesize_enhanced called with expected_shape=None, test_input=provided
3003.7s 3610 DEBUG: Both inconsistent, chose: input=(18, 22), output=(12, 11)
3003.7s 3611 DEBUG: Enhanced task signature: {'input_shapes': [(16, 20), (18, 22), (16, 18)], 'output_shapes': [(9, 6), (12, 11), (6, 12)], 'consistent_input': False, 'consistent_output': False, 'input_size': (18, 22), 'output_size': (12, 11), 'size_change': '18x22_to_12x11_extraction', 'primary_pattern': 'extraction', 'color_change': True, 'spatial_relationships': {'has_symmetry': False, 'has_translation': False, 'has_scaling': True, 'preserves_topology': True}}
3003.7s 3612 DEBUG: Found 8-filled placeholder regions: [(1, 1)], chose: (1, 1)
3003.7s 3613 DEBUG: Detected dynamic target shape from test input: (1, 1)
3003.7s 3614 DEBUG: Passing expected_shape to human reasoning: (1, 1)
3003.7s 3615 === HUMAN-GRADE ANALYSIS ===
3003.7s 3616 Object hypothesis: object_move_0 (verified: 0.000)
3003.7s 3617 Object transformations found: 1
3003.7s 3618 Key elements identified: 4
3003.7s 3619 Generated 18 hypotheses
3003.7s 3620 1. object_move_0: Object-level move: {'color': 4, 'shape': 'single'} -> {'direction': 'left', 'distance': 1.4142135623730951, 'dr': -1.0, 'dc': -1.0} (confidence: 0.90, verified: 0.00)
3003.7s 3621 2. relation_translation_-6_-1: Translate grid using derived relational vector (confidence: 0.75, verified: 0.81)
3003.7s 3622 3. relation_translation_-7_0: Translate grid using derived relational vector (confidence: 0.75, verified: 0.59)
3003.7s 3623 DEBUG: Human reasoning generated 18 hypotheses
3003.7s 3624 DEBUG: Added human reasoning program: relation_translation_-6_-1 (score: 0.815)
3003.7s 3625 DEBUG: Added human reasoning program: relation_translation_-7_0 (score: 0.593)
3003.7s 3626 DEBUG: Task signature: {'input_size': (16, 20), 'output_size': (9, 6), 'size_change': '16x20_to_9x6', 'primary_pattern': 'extraction', 'color_change': False}
3003.7s 3627 DEBUG: Looking for pattern type 'extraction' in []
3003.7s 3628 DEBUG: Added 0 extraction patterns
3003.7s 3629 DEBUG: Found 0 similar patterns
3003.7s 3630 DEBUG: Memory suggested 0 operations
3003.7s 3631 DEBUG: Size reduction detected (16, 20) -> (9, 6)
3011.2s 3632 DEBUG: Scoring human reasoning 'relation_translation_-6_-1': 0.815
3011.2s 3633 DEBUG: Scoring human reasoning 'relation_translation_-7_0': 0.593
3011.2s 3634 DEBUG: Scoring human reasoning 'relation_translation_-6_-1': 0.815
3011.2s 3635 DEBUG: Found 2 programs, best score: 0.815
3011.2s 3636 DEBUG: Scoring human reasoning 'relation_translation_-6_-1': 0.815
3011.2s 3637 DEBUG: Scoring human reasoning 'relation_translation_-7_0': 0.593
3037.0s 3638 DEBUG: synthesize_enhanced called with expected_shape=None, test_input=provided
3037.0s 3639 DEBUG: Both inconsistent, chose: input=(10, 11), output=(10, 11)
3037.0s 3640 DEBUG: Enhanced task signature: {'input_shapes': [(11, 13), (10, 11), (10, 13), (7, 7), (10, 11)], 'output_shapes': [(11, 13), (10, 11), (10, 13), (7, 7), (10, 11)], 'consistent_input': False, 'consistent_output': False, 'input_size': (10, 11), 'output_size': (10, 11), 'size_change': None, 'primary_pattern': 'complex_same_size', 'color_change': False, 'spatial_relationships': {'has_symmetry': False, 'has_translation': True, 'has_scaling': False, 'preserves_topology': True}}
3037.0s 3641 DEBUG: Detected dynamic target shape from test input: (11, 13)
3037.0s 3642 DEBUG: Passing expected_shape to human reasoning: (11, 13)
3037.0s 3643 === HUMAN-GRADE ANALYSIS ===
3037.0s 3644 Object transformations found: 0
3037.0s 3645 Key elements identified: 6
3037.0s 3646 Generated 8 hypotheses
3037.0s 3647 1. relation_translation_0_-1: Translate grid using derived relational vector (confidence: 0.75, verified: 0.84)
3037.0s 3648 2. relation_translation_0_1: Translate grid using derived relational vector (confidence: 0.75, verified: 0.81)
3037.0s 3649 3. relation_translation_1_0: Translate grid using derived relational vector (confidence: 0.75, verified: 0.78)
3037.0s 3650 DEBUG: Human reasoning generated 8 hypotheses
3037.0s 3651 DEBUG: Added human reasoning program: relation_translation_0_-1 (score: 0.839)
3037.0s 3652 DEBUG: Added human reasoning program: relation_translation_0_1 (score: 0.811)
3037.0s 3653 DEBUG: Added human reasoning program: relation_translation_1_0 (score: 0.783)
3037.0s 3654 DEBUG: Added human reasoning program: relation_translation_-2_-1 (score: 0.783)
3037.0s 3655 DEBUG: Added human reasoning program: relation_translation_2_1 (score: 0.769)
3037.0s 3656 DEBUG: Task signature: {'input_size': (11, 13), 'output_size': (11, 13), 'size_change': None, 'primary_pattern': 'complex_same_size', 'color_change': False}
3037.0s 3657 DEBUG: Looking for pattern type 'complex_same_size' in []
3037.0s 3658 DEBUG: Found 0 similar patterns
3037.0s 3659 DEBUG: Memory suggested 0 operations
3042.0s 3660 DEBUG: Scoring human reasoning 'relation_translation_0_-1': 0.839
3042.0s 3661 DEBUG: Scoring human reasoning 'relation_translation_0_1': 0.811
3042.0s 3662 DEBUG: Scoring human reasoning 'relation_translation_1_0': 0.783
3042.0s 3663 DEBUG: Scoring human reasoning 'relation_translation_-2_-1': 0.783
3042.0s 3664 DEBUG: Scoring human reasoning 'relation_translation_2_1': 0.769
3042.0s 3665 DEBUG: Scoring human reasoning 'relation_translation_0_-1': 0.839
3042.0s 3666 DEBUG: Found 6 programs, best score: 0.839
3042.0s 3667 DEBUG: Scoring human reasoning 'relation_translation_0_-1': 0.839
3042.0s 3668 DEBUG: Scoring human reasoning 'relation_translation_0_1': 0.811
3042.0s 3669 DEBUG: Scoring human reasoning 'relation_translation_1_0': 0.783
3042.0s 3670 DEBUG: Scoring human reasoning 'relation_translation_2_1': 0.769
3042.0s 3671 DEBUG: Scoring human reasoning 'relation_translation_-2_-1': 0.783
3112.0s 3672 DEBUG: synthesize_enhanced called with expected_shape=None, test_input=provided
3112.0s 3673 DEBUG: Both inconsistent, chose: input=(18, 18), output=(7, 7)
3112.0s 3674 DEBUG: Enhanced task signature: {'input_shapes': [(18, 18), (13, 17), (18, 18)], 'output_shapes': [(7, 7), (7, 7), (11, 11)], 'consistent_input': False, 'consistent_output': False, 'input_size': (18, 18), 'output_size': (7, 7), 'size_change': '18x18_to_7x7_extraction', 'primary_pattern': 'extraction', 'color_change': False, 'spatial_relationships': {'has_symmetry': False, 'has_translation': False, 'has_scaling': True, 'preserves_topology': True}}
3112.0s 3675 DEBUG: Found 8-filled placeholder regions: [(1, 3), (2, 1), (1, 2)], chose: (1, 3)
3112.0s 3676 DEBUG: Detected dynamic target shape from test input: (1, 3)
3112.0s 3677 DEBUG: Passing expected_shape to human reasoning: (1, 3)
3112.0s 3678 === HUMAN-GRADE ANALYSIS ===
3112.0s 3679 Object transformations found: 0
3112.0s 3680 Key elements identified: 126
3112.0s 3681 Generated 137 hypotheses
3112.0s 3682 1. relation_translation_-2_-2: Translate grid using derived relational vector (confidence: 0.75, verified: 0.46)
3112.0s 3683 2. relation_translation_-1_-2: Translate grid using derived relational vector (confidence: 0.75, verified: 0.44)
3112.0s 3684 3. relation_translation_-1_2: Translate grid using derived relational vector (confidence: 0.75, verified: 0.32)
3112.0s 3685 DEBUG: Human reasoning generated 137 hypotheses
3112.0s 3686 DEBUG: Task signature: {'input_size': (18, 18), 'output_size': (7, 7), 'size_change': '18x18_to_7x7', 'primary_pattern': 'extraction', 'color_change': False}
3112.0s 3687 DEBUG: Looking for pattern type 'extraction' in []
3112.0s 3688 DEBUG: Added 0 extraction patterns
3112.0s 3689 DEBUG: Found 0 similar patterns
3112.0s 3690 DEBUG: Memory suggested 0 operations
3112.0s 3691 DEBUG: Size reduction detected (18, 18) -> (7, 7)
3118.2s 3692 DEBUG: No programs found
3164.1s 3693 Solved tasks: 240
3164.1s 3694 00576224 -> attempts: 1
3164.1s 3695 007bbfb7 -> attempts: 1
3164.1s 3696 009d5c81 -> attempts: 1
3170.7s 3697 /usr/local/lib/python3.11/dist-packages/traitlets/traitlets.py:2915: FutureWarning: --Exporter.preprocessors=["remove_papermill_header.RemovePapermillHeader"] for containers is deprecated in traitlets 5.0. You can pass `--Exporter.preprocessors item` ... multiple times to add items to a list.
3170.7s 3698 warn(
3170.7s 3699 [NbConvertApp] Converting notebook __notebook__.ipynb to notebook
3171.1s 3700 [NbConvertApp] Writing 328016 bytes to __notebook__.ipynb
3172.4s 3701 /usr/local/lib/python3.11/dist-packages/traitlets/traitlets.py:2915: FutureWarning: --Exporter.preprocessors=["nbconvert.preprocessors.ExtractOutputPreprocessor"] for containers is deprecated in traitlets 5.0. You can pass `--Exporter.preprocessors item` ... multiple times to add items to a list.
3172.4s 3702 warn(
3172.4s 3703 [NbConvertApp] Converting notebook __notebook__.ipynb to html
3173.2s 3704 [NbConvertApp] Writing 601246 bytes to __results__.html