{"input_dim": 17, "hidden_dim": 32, "weights1": [[0.007639890982949287, 0.05429294496984222, 0.0551269831232161, 0.007368923250985188, -0.0037376861410470586, 0.11222884656966042, 0.23052677837933028, 0.15514800617113275, 0.07827770332719969, -0.0830201308186184, -0.06232744625373522, 0.04196086419464213, -0.1532730282062201, -0.028552728341021367, 0.04334728919701016, -0.07238193297842868, -0.06803770830931978, -0.004770050979013948, 0.0318647493496439, 0.21665290869049314, 0.012147500868772481, 0.14187666780764274, 0.007900186719605224, 0.04923281692901389, 0.20235641649707278, 0.02870850224585863, -0.07478796773764777, 0.0062080263334191345, -0.023596949047601415, 0.022019512347004944, -0.10096181835387359, -0.02819158672772209], [-0.03275056390384635, 0.21313710964124408, 0.01813184761823817, 0.055755607359674206, -0.03451295563928173, 0.14395064513295316, 0.20159552422048985, 0.16198995211665482, 0.10764919718739265, 0.2609208365327209, 0.13458754237823045, 0.2082531046362787, 0.07652193235816235, -0.04256719920305548, 0.2863172987409049, 0.19717529559420863, 0.1689203782318054, 0.08696205835705963, 0.032628355491099534, 0.05244464250909784, 0.008591055704632046, -0.024140988637526957, -0.09106432041559336, 0.07336251924325912, 0.1269624614579394, 0.11634808320949752, -0.1176334166506665, 0.12273966772285264, -0.012620490727426254, -0.11698019077728641, 0.1739367877130134, -0.06063114728858873], [0.01157450421686952, 0.12008154988345238, 0.15595236348140504, 0.1505796364226928, 0.09188682639108382, -0.07206071563988288, 0.13356907578383417, 0.08713504253111623, 0.34409244410204054, 0.04185875105090812, 0.18220113633283233, -0.0049585365222006884, -0.007780501402355611, 0.08135182592019537, 0.14908016294628532, 0.20099481795111362, 0.0074592728836163635, -0.10143927175587068, -0.040995302386527335, 0.07981395782579591, -0.11658802314036429, -0.010194124314431428, 0.11006808763009077, 0.15664758037880247, 0.017078671934052055, 0.21464970700632827, -0.02879884708098164, 0.34076090038410617, -0.009857474375693164, -0.07354832923422751, 0.024978537155866686, 0.09099819209071136], [0.05144329449222548, 0.4244895982718436, -0.1341219714076669, -0.2976432358232477, 0.14870505838701867, 0.4238226235228732, 0.05007529054882962, 0.2367592393884137, -0.09989145996034303, 0.09209331829411328, -0.07130680950592722, 0.2369583499909919, -0.4088194856673785, 0.015037573915213645, 0.4663437908790657, -0.006741083293769536, -0.04840041515441346, 0.2428437713521802, 0.04662880678815532, -0.5043190779071952, 0.22811998675393627, -0.15198903903575117, 0.13706994150435062, 0.33575550190591064, -0.12657066117049282, -0.1214148642297422, 0.009410137764342139, 0.5072118370934527, 0.11698304469720003, -0.07695146401767057, -0.14227417685154137, 0.023952910123609686], [-0.052990776665899145, -0.01303835777232375, -0.10913086961067688, 0.03662311580193997, 0.04549801193292978, 0.22848619490642053, 0.06819676372293136, 0.11218369239864448, 0.3185932070684418, 0.14741757949443182, -0.23653039062769743, 0.16276970172181443, 0.10396065631093147, 0.033671447143694494, 0.1631862961426317, 0.03140947220720097, 0.017202210436982418, -0.01627630694555035, -0.1946928858264351, 0.14732000139585238, -0.039981752436568464, 0.09463271740018898, 0.013108963657442152, 0.01450584662332773, 0.033696616949981203, -0.006089428958482328, -0.0009012127307726729, -0.07671747454463261, 0.05930500499888909, -0.010607225344775094, -0.11857198050052338, -0.24836399483110552], [0.04588679003815592, 0.04278223856380295, -0.058545554087884304, -0.0235308285193277, 0.21077699743906406, 0.0728639518487082, 0.10871228054404615, -0.05602800263986312, 0.2713985306566445, 0.11936483504259911, 0.10669348670051791, 0.04898356243832597, 0.14623910934758838, 0.027089075880307626, 0.22455467193713352, -0.017860792150916543, -0.1606102466787128, 0.12578482267526592, -0.19824426302295753, 0.06944584923668262, 0.009696606859811363, -0.10011174213568277, 0.11699836084167287, -0.006448449258250102, 0.0325731026295051, 0.0680612862243418, -0.0476674722814569, 0.24310593918370182, 0.07271060085466763, -0.047433298683443925, -0.19442649759855443, -0.13925237212603583], [0.09081569024449597, 0.20322804492417818, -0.05198432053903898, 0.15012211799607672, 0.01973708386990924, 0.16805490037875873, 0.27236054204354937, 0.29939692370493237, 0.3312051173395027, 0.06789798599035601, -0.16051493968851138, 0.19417564598581558, 0.2850038530929095, -0.07143918673266234, 0.5356271084011334, -0.13404510205180897, -0.0876527933326292, 0.20635611772672624, -0.006631439825486284, 0.5346345339227768, -0.0027952864816688226, 0.07542996932584109, 0.21634468854335692, 0.10428113730910371, 0.29025477947657397, -0.018472838090527157, -0.08835564980088113, 0.6371761317690328, 0.0618690529286164, -0.2016660690233245, -0.06486006079033346, 0.04767622214967779], [0.045456800281502056, 0.2240051036718665, 0.09845188068161445, -0.04804972494738259, -0.16184121269276247, -0.11926139697467406, -0.4184575319296565, -0.3561292528631002, -0.10117126855218549, 0.05025412582980636, -0.1256138069727733, -0.21138871137648785, -0.26287662365305936, -0.0963854230732174, -0.4193771767709058, -0.11390212383538684, 0.09437810118799898, 0.1518907626162308, 0.07009248824027996, -0.22772165750524037, 0.34021600722397344, 0.0025592839145509383, -0.154673490556827, 0.2719460949335789, -0.03877718665169708, -0.1394156544412339, 0.020191000196010993, -0.1906128863191031, 0.11586743323505533, -0.09216339244978113, 0.08047169314794977, 0.0884228854766661], [-0.06697000132685038, 0.18298689837450424, -0.0863828259171137, 0.22322589756248817, -0.10153325241462755, 0.11115251780426005, 0.0006985197296065584, 0.009029668498711844, 0.3356137140937313, 0.06373013556902632, -0.061048664606569936, 0.14504396813097065, -0.08467637193295989, -0.09191379344445177, 0.3678820721098769, 0.07781487108001679, -0.0923338897837677, -0.05007444651170672, -0.10189771640600613, 0.30214158420391424, 0.05573009332055102, -0.04472438162636912, -0.04064707061915348, 0.09433208266956242, 0.0955686550207738, 0.012149072558455898, -0.01468571015744647, 0.006191961375205188, -0.2020208726579032, 0.011566182709262591, -0.1070544409695766, -0.11922502584051589], [-0.07383751396301158, -0.0037499042581391343, -0.12493005072315227, -0.17626237977037273, 0.13048169797604348, 0.07456563038676033, 0.09874977123355401, 0.38727545033333477, 0.060553459570433975, -0.034495071314309636, -0.12609602800655342, 0.0038335812872253845, 0.24634904925086287, 0.035256323064472385, 0.3555379569449371, -0.375788475669325, 0.012362013338870137, 0.1300729988515252, -0.018923644584408622, -0.013883490640720322, 0.026450950774083656, 0.26160044582690334, 0.1331328500949361, -0.07141489564318444, 0.18561059025138577, -0.1098318972616721, 0.10097070411066912, 0.08002174208023205, 0.008474186323679874, -0.028998189606931388, -0.09199936028121969, 0.04082421567838661], [0.08708450805859823, 0.013718210206304557, -0.11212689101855344, -0.0043134052473780314, 0.054025658523701815, -0.008141048513971544, -0.10427499697604307, -0.09523994484449431, -0.17832774349576488, -0.08947387018971426, 0.029404214297498024, -0.07940463415021397, 0.005850690244924698, -0.023016560799905345, 0.006333622551137353, -0.03414134701668517, 0.0030088114565913837, -0.05985233996597312, 0.1006121446454226, -0.23336273551174114, 0.005143073448867015, -0.04014048018251202, 0.06443816516403983, 0.04636835863617875, -0.01451820615974948, -0.12658414699557918, -0.018641263549882534, -0.08199586167734273, 0.18714529624177878, 0.06221252216057821, -0.15290928749284466, 0.19616506383630297], [-0.01111570713074978, -0.12684911764881018, 0.14697142329934554, -0.005914937012499814, 0.03146365651923588, -0.02265027661265273, 0.053095199403182476, 0.044497999786325196, -0.21786536675151497, 0.24547095733957605, 0.09468615879956256, -0.018970257073566952, -0.07982623364936228, -0.09690124307582064, -0.025209185720132917, -0.0648016294189627, -0.07654342756268268, 