{"input_dim": 17, "hidden_dim": 32, "weights1": [[-0.004742347687874081, 0.022388634927991247, 0.056216153085027, 0.006204458332616954, -0.023091575273705395, 0.09818570187376524, 0.20234170680652283, 0.1435347294919524, 0.05618448732175616, -0.0976769911613876, -0.06232744625373522, 0.01682379209659957, -0.18354489779982122, -0.04245844800589911, -0.0037849369808751437, -0.07397808243701218, -0.06848906007020582, -0.02042259653480111, 0.03226670026150989, 0.19864733571030713, -0.014436628621741714, 0.13024784154399702, -0.024405024714461532, 0.043820805135469675, 0.1615220939480545, -0.0049684546036383205, -0.07523653085894477, 0.005301962457445149, -0.03385866725590181, 0.022019512347004944, -0.10096181835387359, -0.036392033308296], [-0.03608382560533562, 0.14107495175885892, 0.019792474419168992, 0.0488676232576668, -0.04567997298909975, 0.094106599078934, 0.16072764207609552, 0.17383321448279493, 0.05039655084200694, 0.21739324299752305, 0.13458754237823045, 0.17559351944699503, 0.06354157016634542, -0.06165484762519298, 0.2511776554536133, 0.19739576311730625, 0.16530881417914609, 0.1028027126497125, 0.03204856802823701, 0.03148533263220206, -0.003147205109216838, 0.009591387909025518, -0.09008468017458482, 0.05554404712195872, 0.10636614506277643, 0.05120527521662704, -0.11831500834372635, 0.07718118929757896, -0.029932859007335375, -0.11698019077728641, 0.1739367877130134, -0.06483799246879339], [0.011661636632949767, 0.05787375759266629, 0.1576251258885163, 0.1461680997474444, 0.08332799262091227, -0.11133699059833499, 0.09265150431623888, 0.09412269868908286, 0.2860707373057694, 0.003943013580873389, 0.18220113633283233, -0.033171307489218795, -0.02394136548803253, 0.062049155839646285, 0.11382339585590716, 0.20130120720005082, 0.0039916796155422644, -0.0938635043336523, -0.04154203394692072, 0.0550542000918882, -0.130702816477404, 0.007388963463971954, 0.10046735288646774, 0.14412926990083877, -0.005699553469885628, 0.1496165031051125, -0.02926293089538546, 0.30221384232110443, -0.02900512501542829, -0.07354832923422751, 0.024978537155866686, 0.08688928763922055], [-0.020123411905597854, 0.20947072489249033, -0.1341219714076669, -0.2700280171309034, 0.13095465495124856, 0.3560673568676257, 0.12449641165062687, 0.2469366594639692, 0.06682117850752585, 0.039435219927962305, -0.07130680950592722, 0.1610859092582336, -0.29419062113735095, -0.0283474952831846, 0.4329349380783515, -0.008359907599665763, -0.050751404719660935, 0.16316161996212417, 0.04663067740642395, -0.3281946634946308, 0.14035912025908281, -0.053152860818549794, 0.11829696779912634, 0.26086534475171874, -0.05141360223237169, 0.03409349052038265, 0.008432551997065276, 0.42037181315600247, 0.03601177075232775, -0.07695146401767057, -0.14227417685154137, -0.008589652149718715], [-0.07535637616640757, -0.04717552218735768, -0.10753524285146922, 0.03692095415103439, 0.04986733256651904, 0.2127965305792105, 0.061621559351284626, 0.11888749679749427, 0.3063916509360187, 0.14960643078951152, -0.23653039062769743, 0.1596682829671896, 0.08830519954773347, 0.016583347360487957, 0.13709649065361748, 0.03598264590638487, 0.016722383697565398, -0.037659317661463854, -0.19474637587082752, 0.1382034004767156, -0.0808905533822901, 0.08585603855731036, 0.0048101861274651775, 0.011814026128464236, 0.0036550540447505, -0.0667465435299224, -0.0012899972246011423, -0.0576901175046436, 0.04051448339928114, -0.010607225344775094, -0.11857198050052338, -0.2540396504237929], [0.03309553456024647, 0.015681843617864434, -0.05720109401679038, -0.029623956375663053, 0.20574131929251022, 0.06450857268321328, 0.08468820065283807, -0.07601840507137794, 0.2815131077287704, 0.1226648700095577, 0.10669348670051791, 0.028180365064780537, 0.13411813715935297, 0.009620607630534232, 0.1964719902347352, -0.017189140360350314, -0.1618393914268751, 0.1160307281123983, -0.19838463358484135, 0.0645445964006675, -0.022459366831296314, -0.10908910634843022, 0.10049179097618322, -0.009791928460117984, 0.013040714669930387, 0.035154844446689766, -0.04811455658189927, 0.25680796115785703, 0.04990913117796991, -0.047433298683443925, -0.19442649759855443, -0.14642557512789006], [0.05671901777355826, 0.10818277354351263, -0.04685701643650533, 0.14836896811137723, -0.03716693947612779, 0.13119735354043457, 0.17693774178608287, 0.2392201287084156, 0.2985034232723937, 0.029104951078402455, -0.16051493968851138, 0.12200927783688106, 0.21805145994742076, -0.11597348285146966, 0.39829257332516094, -0.13397022626981514, -0.09017118060891832, 0.17087781063007734, -0.006830658863573119, 0.499765795746651, -0.08098607624729086, 0.04495174426690929, 0.11222438244553787, 0.08528466685346969, 0.19218740162213108, -0.10186942045151269, -0.08982218369525222, 0.6254502922229302, 0.02536081579789855, -0.2016660690233245, -0.06486006079033346, 0.0215032415052006], [-0.051938936955782444, 0.17517722288344517, 0.09849703543363798, -0.03159823181571685, -0.07338227865836908, -0.06770221635552956, -0.17230521360914694, -0.22155987507357372, 0.08149473141658646, 0.14599788581949757, -0.1256138069727733, -0.20274375640703846, -0.18598439641832484, -0.0963854230732174, -0.29905183278188185, -0.11368214521238197, 0.1019417414115343, 0.04101777669357137, 0.06899391692011742, -0.14002085771374104, 0.1811660044616056, -0.01626695201776151, -0.12347752937008286, 0.2799635774231227, -0.017355830439720558, -0.12376353619348304, 0.02042243574544951, -0.02836745763410811, 0.10365667996139125, -0.09216339244978113, 0.08047169314794977, 0.07471266763817748], [-0.08766569891237619, 0.10865894023810489, -0.08550617893210324, 0.2568150191584198, -0.05582043973848058, 0.09396163367929249, -0.006391337229702575, -0.013918635068939875, 0.35236584357781175, 0.09590715661453296, -0.061048664606569936, 0.10131910823096392, -0.08411463902239805, -0.1176214657783261, 0.3542892540418514, 0.10665442301221498, -0.09410726494322572, -0.12318938386929537, -0.10199148280121235, 0.3022224206242104, -0.007493481863828901, -0.07799337635462318, -0.06985794046849463, 0.09419906148684414, 0.11449781675884886, -0.05451516277269358, -0.008854541574226897, 0.028770826520860694, -0.27084699138870527, 0.011566182709262591, -0.1070544409695766, -0.11809782799687865], [-0.08560841207127645, -0.009879978770447056, -0.12424254930147278, -0.18180298426953592, 0.13021607714230543, 0.10465080671026382, 0.04071255075767478, 0.3090578283775534, 0.12002335688879072, 0.019336037452081026, -0.12609602800655342, -0.003022379430889442, 0.209180239144987, 0.008130477392488143, 0.31562115454665235, -0.3769572994465318, 0.008440564015292492, 0.06573871060892326, -0.019013581017329112, 0.015187465630086834, -0.008698532531816383, 0.1718427575483633, 0.08302227868373807, -0.061060013396618894, 0.17655805973705516, -0.1327671709457844, 0.10255483226544004, 0.1554351565423864, -0.05583714269548865, -0.028998189606931388, -0.09199936028121969, 0.039585453959833636], [0.02405991108192593, 0.00027657086018960424, -0.11213442776735599, 0.0061454284299548335, 0.08767645967404795, 0.0235848630173679, 0.012673570541644339, -0.04307048972298742, -0.025475469639013506, -0.03202614129651045, 0.029404214297498024, -0.15170266526938134, 0.05823556739931671, -0.02349594178100395, 0.09292329133333652, -0.03445551292070758, 0.0026621188704611834, -0.0630172292713038, 0.10031677526588907, -0.21704956734275677, -0.09429072961309429, -0.013059337552124258, 0.08886097743390657, 0.048895911732966785, -0.010380769143704865, -0.14496453070858747, -0.01849864585010219, 0.03237372242409415, 0.18511178767016928, 0.06221252216057821, -0.15290928749284466, 0.17733776636116375], [-0.0395564215479629, -0.09508597195250378, 0.14698432467990297, -0.0057022661533097365, -0.02306936525867048, 0.01310965789961454, 0.07595148315886627, 0.08593004712050885, -0.15480668364071926, 0.21057686767585684, 0.09468615879956256, -0.03545597119717456, -0.08146439723259316, -0.09690124307582064, 0.005533247465359782, -0.0648016294189627, 