{"input_dim": 17, "hidden_dim": 32, "weights1": [[0.0076228040849473456, 0.05425814509882223, 0.055127163795683436, 0.007362412997740599, -0.003778197187197579, 0.11225154760129075, 0.2303556482778508, 0.15510705994157728, 0.07832601243169147, -0.08301065328477789, -0.06232744625373522, 0.04196732100621771, -0.15328559705092948, -0.02856484742649468, 0.043363387387422736, -0.07237475169902868, -0.068073561929067, -0.0047652416257206965, 0.03185994403909191, 0.21665635844258269, 0.012132184533184055, 0.14189715145392992, 0.007911622592624706, 0.04924769784287684, 0.20231887513710725, 0.028726169019731903, -0.0747884789093349, 0.006285715339723087, -0.023562397489543172, 0.022019512347004944, -0.10096181835387359, -0.02820354524602631], [-0.03278678528689392, 0.21306570399628574, 0.018131618268561495, 0.055763712030854076, -0.03451645185465271, 0.14398778912605273, 0.20139042913650884, 0.16201020872092223, 0.10769513870377245, 0.2609202299626049, 0.13458754237823045, 0.20824863087397444, 0.07648994761370265, -0.04254075418067211, 0.2862724361740838, 0.19720128918151913, 0.1689442134248571, 0.08695022523778959, 0.032635144981137315, 0.05244779174688564, 0.00858019966844908, -0.02410741531609345, -0.09111346876376519, 0.07338056632417535, 0.12693854584888617, 0.11633352316342367, -0.1176329638364394, 0.12277279260819636, -0.012419989843504684, -0.11698019077728641, 0.1739367877130134, -0.06063114516529687], [0.011551916014491017, 0.11995784845567152, 0.15595074455832922, 0.1505885566389379, 0.09189159351603463, -0.07201585358070187, 0.13335315752477006, 0.08715821485870245, 0.34415217189184094, 0.0418504871738346, 0.18220113633283233, -0.004982737337808198, -0.007805693245550174, 0.0813823594989727, 0.1490505819840717, 0.20102075388982715, 0.007486370856412024, -0.10148675705525177, -0.04098860295664342, 0.07980643747474282, -0.11659211827369552, -0.010159074520077324, 0.10999306113507991, 0.15666563916537904, 0.017043385042898703, 0.21465734823447372, -0.028798853999790243, 0.3407964096560452, -0.009643158053815616, -0.07354832923422751, 0.024978537155866686, 0.0909987666676347], [0.051412901905586145, 0.42411090896814574, -0.1341219714076669, -0.29765190185402324, 0.1488286021436612, 0.42382969624776895, 0.04993015576655278, 0.23665995922993543, -0.09976432746039185, 0.09210820991189723, -0.07130680950592722, 0.2369433472840078, -0.4087893055729212, 0.0151013198191203, 0.4662944646602405, -0.006807647032801108, -0.048375650501427864, 0.24286519335590664, 0.04665043703739348, -0.5042711475559898, 0.2281018600945788, -0.1520966658028557, 0.13705301654285545, 0.33576613300405883, -0.12655287045561445, -0.1215301987418052, 0.009417618234162768, 0.5073938204350443, 0.11776367478686056, -0.07695146401767057, -0.14227417685154137, 0.023952164109117925], [-0.05296330729969306, -0.013120882692291762, -0.1091316449251418, 0.03665012556638885, 0.04551305128565225, 0.22848648987815542, 0.06800759379953995, 0.11211815123475075, 0.3187494684375759, 0.1474369043438775, -0.23653039062769743, 0.16270289872299523, 0.10399553426186983, 0.033732723719717986, 0.16314082671359273, 0.031443095167295224, 0.017199346123636713, -0.016241280788043214, -0.19469349097277194, 0.14735055070846506, -0.040041249308319926, 0.09464736980642778, 0.013092359078795633, 0.014524210310125154, 0.03373835062083482, -0.0060151183465259606, -0.0009031177580783602, -0.0767049038916252, 0.05935021408622021, -0.010607225344775094, -0.11857198050052338, -0.2483702104009418], [0.04590037965241467, 0.04270190339704946, -0.05854663138719215, -0.023501803953155865, 0.210815830703492, 0.07286893308035614, 0.10850017298024434, -0.056078405443052926, 0.27150810023178307, 0.11938162321749923, 0.10669348670051791, 0.0488586837639296, 0.14627590655386316, 0.027122219366081012, 0.22454337831860013, -0.01784290480290125, -0.1606041400138635, 0.12580508265223417, -0.19824567883536154, 0.06942659353967998, 0.00966705885771973, -0.10009211193636205, 0.11695821847414341, -0.006434369967001124, 0.03258658720998953, 0.06809212037478145, -0.047667120469585184, 0.24311692355130163, 0.07280588376734588, -0.047433298683443925, -0.19442649759855443, -0.139247270380783], [0.09076599390814659, 0.2030859701186778, -0.05198692653993747, 0.15011898482919256, 0.019723721874241727, 0.16807422925741927, 0.27196352578397515, 0.29943188682837146, 0.3313624648576848, 0.06788691271624389, -0.16051493968851138, 0.1941536406052451, 0.284983137571429, -0.0713977116795033, 0.5356238581387135, -0.13402812699846317, -0.0876653326496843, 0.20634869805150013, -0.006629962465123032, 0.534626247564085, -0.0028547095946237703, 0.07548913709275373, 0.2163739748149729, 0.1043089086398899, 0.29017024750430226, -0.018453373662268447, -0.0883552365694546, 0.6373642680899284, 0.06207602960984155, -0.2016660690233245, -0.06486006079033346, 0.04766882127104176], [0.04558090591331053, 0.22388108829410713, 0.09844860654002449, -0.04814117271855497, -0.16181021130457213, -0.11918637695996284, -0.4182431431498203, -0.3563515141328932, -0.10105699054462762, 0.050430820703592234, -0.1256138069727733, -0.21145800789493716, -0.2628027547416833, -0.0963854230732174, -0.4194450990313224, -0.11390809685968575, 0.09436823382511418, 0.15194971839811114, 0.07010178452978684, -0.22777348543924483, 0.3399678470437778, 0.0024886385809989803, -0.15472108643722507, 0.2719792133088804, -0.03866188287693175, -0.13945294023344681, 0.020191000196010993, -0.19046707768616353, 0.11564809179621484, -0.09216339244978113, 0.08047169314794977, 0.08837871714031598], [-0.06698243734245977, 0.1828067463778084, -0.0863823391602897, 0.22318948202302066, -0.10160830519462141, 0.11116244186235955, 0.0004001718830830009, 0.009565774808725218, 0.33589261416091554, 0.06377700448038874, -0.061048664606569936, 0.14526205352877256, -0.08467766161341633, -0.09205082108119977, 0.3678430274195208, 0.0781353596014573, -0.09236851565438435, -0.04992700839665273, -0.10189856510576102, 0.30185084767760456, 0.05556091518114778, -0.04501394300118261, -0.04073924264255292, 0.09433241912761649, 0.0958417693247858, 0.01214618562329841, -0.01469224730678113, 0.005901546820787616, -0.20190366773108745, 0.011566182709262591, -0.1070544409695766, -0.1192200286367214], [-0.07384876226054617, -0.0038271200747796376, -0.12492808443731007, -0.17610644905268608, 0.13047747186593267, 0.07462139913470085, 0.09841496946977216, 0.38736135355281964, 0.06063365391877386, -0.034481745012809914, -0.12609602800655342, 0.003585554232957064, 0.24634625967029097, 0.035115334623558536, 0.35563317765698305, -0.3757437607213662, 0.01233994706569009, 0.13016102192823537, -0.018928574879962783, -0.01396611165782468, 0.02644806287022009, 0.26141608256902343, 0.13307591124510518, -0.0714393410709601, 0.18555086366052415, -0.10978956536528464, 0.1009771155106124, 0.07994251851048997, 0.008534013224803507, -0.028998189606931388, -0.09199936028121969, 0.04085207500470913], [0.08716499879204101, 0.013686503223270516, -0.11213472967622906, -0.004329742036762002, 0.05401809435641462, -0.008062191067515012, -0.10413475851646467, -0.09535821644680947, -0.17820480122396162, -0.0894164700867916, 0.029404214297498024, -0.07955348515882357, 0.0059050841005103445, -0.023020186973668533, 0.006279701510313859, -0.034143474690595324, 0.0029884760825186823, -0.05976184385348352, 0.10059271699777064, -0.2334413229798586, 0.004960560867000918, -0.040167447123411935, 0.06432102025412269, 0.04639618515082612, -0.014417930740534046, -0.12662724821022814, -0.01864310618710779, -0.08192727591260071, 0.18712716467007734, 0.06221252216057821, -0.15290928749284466, 0.19618995381779175], [-0.011075546839169477, -0.1268565318985666, 0.14697048783027805, -0.0058981171742933, 0.031488502254679716, -0.02265629820863312, 0.05311131854304449, 0.04449619394554264, -0.21786967159385287, 0.24547012938737223, 0.09468615879956256, -0.018954639695294182, -0.07982770020260815, -0.09690124307582064, -0.02523466915177919, -0.0648016294189627, -0.07654670139264583, 