{"input_dim": 17, "hidden_dim": 32, "weights1": [[-0.002675773379311826, -0.009361966922785318, 0.06392829490763047, -0.018498579242403716, -0.040877504859361785, 0.06796194039936777, 0.15472836406689397, 0.1309099054335392, -0.014099708508839704, -0.10949425836153658, -0.06232744625373522, 0.0133409500343089, -0.21552707974940685, -0.04245844800589911, -0.0600100959173625, -0.0737293099834412, -0.06378908214093088, -0.04667965394858059, 0.03979912654115846, 0.14572263665265509, -0.017588216556109974, 0.11969752234400335, -0.04986227216579618, 0.0418280835989934, 0.10985007623044742, -0.004544328759931404, -0.07517134580833831, -0.020190148410228457, -0.03831439611426765, 0.022019512347004944, -0.10096181835387359, -0.033749228058503514], [-0.03470926052924367, 0.06789020479946914, 0.021775814444367176, 0.0028559335786815616, -0.05220653379740711, 0.030216389501178675, 0.10833946811775827, 0.19053518517730025, -0.05060662217858368, 0.177095979484691, 0.13458754237823045, 0.10756611959921715, 0.04396704180256055, -0.06165484762519298, 0.21888597839135793, 0.19601556851295363, 0.16838596404605802, 0.10968037671836416, 0.035140676201072765, -0.06354846039636078, -0.004067539535922604, 0.039634442503411735, -0.11234140213566794, 0.046914076603724764, 0.06382492219163471, 0.050748761105482015, -0.11930576839108287, 0.022320538434820042, -0.036589806245380385, -0.11698019077728641, 0.1739367877130134, -0.06301247038497942], [0.013201138847942436, -0.012581054354669274, 0.15921369639734195, 0.09800959067751495, 0.07691858278275114, -0.1760983297970821, 0.0360288078142578, 0.11089612275060443, 0.1789087148237548, -0.03588667769304179, 0.18220113633283233, -0.10186105664514958, -0.04748915704428312, 0.06204915583964628, 0.08062459933159288, 0.20012600877836487, 0.007082863443617007, -0.08634879442540501, -0.03837115297471869, -0.04846893134889568, -0.1314235994142285, 0.036028736086999254, 0.07552602590466488, 0.136893033888654, -0.05316062018203666, 0.14923671268362937, -0.029817546796641264, 0.24865894536895, -0.0361253738949678, -0.07354832923422751, 0.024978537155866686, 0.08885363979967936], [-0.020123411905597854, -0.010432499002436035, -0.1341219714076669, -0.23352652794663373, 0.0787090505751436, 0.2061042561073947, 0.05524980165447055, 0.078015439561888, 0.13162317723920466, -0.07598962725157375, -0.07130680950592722, 0.11870620054759663, -0.22478559085533412, -0.0283474952831846, 0.17907358179107996, 0.0032661636975470486, -0.03645388305305241, 0.03650119753193484, 0.06478126780882704, -0.09770302067989199, 0.12959437444813607, 0.034519411122355445, 0.12231926980534752, 0.15992410991559777, 0.05537250352853837, 0.03605506987243798, 0.005943868841696861, 0.12766520207340845, 0.010661789591484979, -0.07695146401767057, -0.14227417685154137, -0.007236196787237719], [-0.0740075060275255, -0.09613340076377598, -0.1038404118930982, -0.004622788172938343, 0.04849530340366556, 0.1709924877087405, 0.02313658398672325, 0.13710377057883893, 0.2142217046668229, 0.1371923872136261, -0.23653039062769743, 0.14118639078183667, 0.0551613849948549, 0.016583347360487957, 0.10292307767275449, 0.0382830243619421, 0.021584516603973807, -0.05722519981918502, -0.1908758233609434, 0.04991603531409633, -0.08464177714972851, 0.08597459842197747, -0.011707514556357847, 0.013069417652310886, -0.05884594181675809, -0.06682003420654924, -0.001802965588155896, -0.07234860376958376, 0.037519221247705355, -0.010607225344775094, -0.11857198050052338, -0.2516791584739084], [0.03424872614718023, -0.02316843346054949, -0.052829308452309084, -0.058743088068312764, 0.19579225129942954, 0.03411447609003096, 0.035639198534695056, -0.09840459379362936, 0.2226667914124185, 0.11321834911723865, 0.10669348670051791, 0.020984489793667332, 0.10871106613908499, 0.009620607630534232, 0.14068093904957207, -0.015892901375977625, -0.15751954303807514, 0.08867914221740313, -0.19423066711527134, 0.017511584675316976, -0.024788133354821957, -0.12149462706312575, 0.08054805754940605, -0.011995655909641694, -0.027474630871336093, 0.03508668874102872, -0.04847648368301073, 0.22709740341226586, 0.043642113861103324, -0.047433298683443925, -0.19442649759855443, -0.1440701556708028], [0.061728297867705895, 0.008784432496559507, -0.0279802087263627, 0.07315642580168814, -0.08863911210434768, 0.042053833737474795, 0.02738322824119533, 0.18302217288399536, 0.10224700115994848, -0.00654377385459201, -0.16051493968851138, 0.10650148711905051, 0.13104749220248602, -0.11597348285146966, 0.2251254486565358, -0.1313164591732337, -0.07587365894230984, 0.09470450907570509, 0.01035885556363954, 0.35219823068593475, -0.09175515250217449, 0.008690682861313942, 0.03366141507062507, 0.077982356195352, 0.0522237193170021, -0.10144462129923894, -0.08959773125436162, 0.5378912398444868, 0.013811327611649516, -0.2016660690233245, -0.06486006079033346, 0.02836507141660671], [-0.051938936955782444, 0.1489599468459642, 0.10013016076467195, -0.023012016021975716, -0.04933997010734554, -0.09090133169822456, -0.07048591651253473, -0.1452554504153814, 0.1170048915648657, 0.16167290870697512, -0.1256138069727733, -0.1223964902714632, -0.1773618451367505, -0.0963854230732174, -0.30048056041079857, -0.1143450983600813, 0.11623926307814278, -0.028235696635463423, 0.08215658660467888, -0.05589243217896613, 0.17028653845754463, 0.013828947362478026, -0.03916428812486782, 0.25985159825406384, -0.03156773536840951, -0.12376353619348304, 0.02042243574544951, 0.011940857949279413, 0.11453939873193507, -0.09216339244978113, 0.08047169314794977, 0.07705321424262222], [-0.08670121913737659, 0.030175377110430435, -0.08255312166456397, 0.21500467249184682, -0.05663533882157338, 0.014550768938191273, -0.08060876678850809, -0.01922268819454271, 0.21838351952202473, 0.08416571562955993, -0.061048664606569936, 0.031253521692991865, -0.11667892597120197, -0.11762146577832609, 0.31260522356732634, 0.11876818687620033, -0.08986197652122521, -0.15808903007103609, -0.09816983478266184, 0.17187265735173107, -0.010163622883068102, -0.0851105674030162, -0.10904549177578378, 0.10086245449938992, 0.07290834039826014, -0.05433351674637626, -0.015156214696010065, -0.00644967215694759, -0.28601425042148326, 0.011566182709262591, -0.1070544409695766, -0.11501572335368021], [-0.0848949970824197, 0.06875521059908704, -0.11717772815161341, -0.2087213885962566, 0.09485831902537238, 0.13118884865935745, -0.0645199804254062, 0.1932564619326217, 0.06513840278132076, 0.06404751900410742, -0.12609602800655342, 0.09043596803474496, 0.1472148932240633, 0.008130477392488143, 0.21020760374865363, -0.3770042673109948, 0.01230047394842936, -0.010027993099933439, -0.015232184705005604, -0.014911983570742231, -0.010109919722487483, 0.05141503289678372, 0.0059424844794196815, -0.04342683120477866, 0.12289890093747423, -0.13258901450418395, 0.1033239314074167, 0.1675715250284835, -0.07287201926474787, -0.028998189606931388, -0.09199936028121969, 0.04429447536894678], [0.02557729920775939, -0.04258538027508326, -0.11037964538578135, 0.010233137969298891, 0.09855627012382974, 0.012220715255907108, 0.06196175884111585, -0.015118518122597718, 0.0063275101073241675, -0.023719972815899194, 0.029404214297498024, -0.14067140626981248, 0.06617088301171535, -0.02349594178100395, 0.07885788392186818, -0.034371221673325104, 0.014355186554577359, -0.10661268654856418, 0.11632164331910168, -0.17143145656910225, -0.10364964163232127, 0.007893171602275616, 0.1559636144236689, 0.03677280737658453, -0.02411849076962098, -0.14496453070858747, -0.01886756438943845, 0.04703246255732433, 0.19092204386387243, 0.06221252216057821, -0.15290928749284466, 0.18366901835096436], [-0.0395564215479629, -0.08825491401158923, 0.14745093191734132, -0.005370099238036826, -0.03631644933829848, 0.021683767542507722, 0.08439074727271707, 0.09874736082343595, -0.13925349688462652, 0.20126973404749987, 0.09468615879956256, -0.03755890993034681, -0.08185234452035949, -0.09690124307582064, 0.012387434414609842, 